layer,key,WEEE_categ_mechRec1,WEEE_categ_mechRec2,WEEE_collected,WEEE_generatedComplementaryExported,WEEE_generatedComplementaryMSW,WEEE_generatedComplementaryMetalScrap,WEEE_generatedComplementaryUndocumented,WEEE_generatedDedicated,WEEE_wasteBinIncineration,WEEE_wasteBinLandfill,WEEE_2RM_mechRec1Smelter_other,WEEE_mechRec1_mechRec2,WEEE_2RM_mechRec2Smelter_other,WEEE_mechRec2_chem,WEEE_mechRec2_thermal,WEEE_2RM_chem2Smelter_other,WEEE_2RM_thermal2Smelter_other,WEEE_chem_thermal,WEEE_thermal_chem
product,WEEE_Cat1,322518.48932728206,464806.0581481418,948583.7921390649,135511.97030558067,931644.7958508673,355718.92205214925,830010.8181216817,1693899.6288197585,139746.7193776301,335392.1265063122,,,,,,,,,
product,WEEE_Cat2,99905.1165705331,16650.852761755516,185009.47513061683,123339.6500870779,534471.8170440042,328905.73356554104,472801.9920004653,1027830.4173923158,112239.08157924088,90860.20889748073,,,,,,,,,
product,WEEE_Cat3,7493.325148256485,5057.994475073127,18733.31287064121,20937.232031893116,62811.69609567934,16529.3937093893,25345.07035439693,110195.95806259534,21355.97667253098,18215.391867747006,,,,,,,,,
product,WEEE_Cat4a,175777.77702993472,527333.3310898041,1255555.5502138194,418518.51673793973,1720576.1243670855,2092592.5836896987,1720576.1243670855,4650205.741532664,980728.3908892387,498967.07606645476,,,,,,,,,
product,WEEE_Cat4b,4347.908456121338,29891.870635834195,54348.85570151672,48473.303733785186,42597.75176605364,80788.83955630864,36722.19979832211,146888.79919328843,23002.78595366897,8945.527870871263,,,,,,,,,
product,WEEE_Cat5,79552.29979226652,227292.2851207615,568230.7128019037,2789496.226482073,2117950.8386252774,2737838.888954627,1239776.100658699,5165733.752744579,720103.2851325944,698923.7767463416,,,,,,,,,
product,WEEE_Cat6,47154.95041534615,158107.77492204297,277382.06126674206,86681.8941458569,43340.94707292845,424741.28131469875,381400.3342417703,866818.9414585689,17336.378829171383,16036.150416983526,,,,,,,,,
component,ComponentShadowWEEE,8230.225097125482,14167.482229580839,33368.279214690425,17173.551412973073,44168.113040702956,48655.05766963257,47653.320019164734,119159.28297311006,15945.115230331812,12150.345696831308,1632.6854757384338,1328.2864887363528,,,,,,,
component,ConductivitySensor,13590.578282889832,25160.441165405035,55312.37355652679,28708.016595372366,69782.05044956383,69129.35247838654,67795.08930033482,173751.34756415526,24787.958519414835,21900.30369291164,348.9959910022902,279.19679280183215,,,,,,,
component,LED,6454.0955253189795,11957.306646932891,26120.580493490976,24601.286192333082,37757.060313909096,39643.51797398409,33503.749217284785,93830.47685416452,12271.292415076996,12042.048321151453,40.88678900895018,122.66036702685055,,,,,,,
component,LidarSensor (&lt;15cm),6895.50211038269,7538.792770258185,23922.204436882355,11580.730044094991,44906.51351778804,39214.883176877345,41499.91409664283,101640.64276179945,16317.632524059067,10403.677337804407,441.1637526680382,709.6982108138006,,,,,,,
component,MagnetSensor,19142.2157983918,47266.46155829047,108749.99417041047,59945.27741462772,152485.76545081346,174935.2145349443,144431.94450610838,397677.69428777514,73738.24869495489,46245.14842906119,209.80443964851236,274.3596518480546,,,,,,,
component,PCBWEEECat,5072.57104838063,8579.033250902254,19148.08763183435,29505.153500574652,34960.65277661705,35136.371264330126,25897.29399409945,80275.43632532803,10164.362456242288,11367.592982846147,15.192501280062197,7.826440053365374,,,,,,,
component,PCBunspecified,10827.870569314211,19658.95323712914,41199.70296707443,19470.18681804221,45326.23336478033,44998.34571429245,47598.89659022864,117729.92205030879,13568.584048128012,14745.625356221182,10.723317171675758,31.633785656443482,,,,,,,
component,PVBacksheet,12418.626909666587,21441.988437763575,49198.72794224502,30823.022424468647,70126.39259011282,65910.18217873145,62909.74294006123,165418.1525304807,24658.520365725715,21310.234116294578,1599.154459813982,4143.263827699862,,,,,,,
component,PVEncapsulationEVA,9147.744951823184,21575.874078204015,51245.82491411821,88273.78059517227,100824.41377204441,129731.0141006124,84811.97034123958,269172.28270782455,39706.16941184559,30679.188296324268,695.0817793580949,467.8435053371792,,,,,,,
component,PVFrameAl,10185.386542345826,19195.80990991171,42910.32876836305,68908.22098378466,79021.03917323617,86900.38013317362,60727.698675959036,190961.71508419677,25404.379771199143,25583.151768560503,80.04578290998107,333.52409545825446,,,,,,,
component,PVSolarGlass,4745.2839306284695,11442.235272122944,27086.14641267939,31637.41199508877,47404.03442667838,56281.021212805135,40002.833112470835,121765.96722527493,20556.363909807966,14312.14791404453,611.164468353711,724.3430736043981,,,,,,,
component,PVcellSi,12819.440537913199,21754.386435260447,46391.73178174287,15473.639752491506,52233.85266310908,42480.163613845994,50824.86245084473,121321.8088639082,15651.792357946102,17120.97593060417,57.01689472612539,68.42027367135047,,,,,,,
component,WEEEEvaporator,6869.813346045938,11568.67403386663,24759.015657466807,22388.968407693195,34760.600610609654,31223.494229917756,28662.904413493343,81050.59138664074,9360.348771927976,11051.976360393284,36.70586462322938,32.3875276087318,,,,,,,
component,brush,6032.393313434402,10670.630495811612,24941.734047864375,14877.437326175626,33356.73285802657,38150.649559211226,35967.873224164396,91621.38321633392,12012.031750282551,9226.624870043692,18.537343055599113,25.27819507581697,,,,,,,
component,cableUnspecified,13182.153204480066,32555.168205796985,72168.17458608522,23705.711207802997,83997.12674170322,103385.64021631624,93384.19642522672,241619.35034748464,41379.936579884685,25296.321981348876,1705.2741648701012,374.3284752153881,,,,,,,
component,cableWOPlug,1897.0456635722537,4963.731223326236,10927.469263572413,14305.389792503709,16553.54743101958,24023.922949381187,16591.825697082622,49960.30599391175,6614.378166323311,4878.675129611652,168.64993189621924,239.37409688495637,,,,,,,
component,cableWPlug,7931.351726654857,12340.374560699976,28379.786786880817,20691.429277881558,40909.967735077305,38352.9485992434,37794.343446113395,98515.37447420714,12206.808871664438,12192.327943472734,525.4907781035591,525.4907781035591,,,,,,,
component,cableWithConnector,4424.355891928004,9310.354487669976,20070.735419162545,7963.004658797225,21765.925076468844,26432.413461030283,25533.402162702234,64149.57771020805,8620.738615301429,6511.298750726938,593.2871627568251,496.2038088511628,,,,,,,
component,cables,9908.917664031116,21971.238887548134,50723.2682446261,149674.22945565422,130628.57716491258,160125.87312766945,86954.75415091915,320007.9617378181,43273.08105485454,42853.967093115134,1068.3144932222626,1931.1838915940903,,,,,,,
component,cablewire,9832.562844332551,19941.959723139287,47134.172375023416,19265.071940382266,65137.32855510118,67202.62348193904,62446.99719220196,162639.76766219627,29023.709206064414,18932.458147252568,7.590416503897391,2.7964692382779863,,,,,,,
component,capElectrolytic,5892.30142574923,14421.249503424991,32024.002272203514,44101.617860253704,53869.96776010792,68291.95531982665,46805.03167940442,144967.84912876246,21430.2109593047,17188.498452542844,16.45166755410103,19.53635522049497,,,,,,,
component,casingPlasticBased,10020.580714126947,15849.99750946755,36912.73898565315,50227.06128556166,66550.26447291044,65897.84553877579,52030.096134292275,153577.95804902588,19674.01819535674,20568.37087941952,717.9167212922025,2093.9237704355905,,,,,,,
component,casingSteelBased,9746.475866216366,14645.160569580692,31764.862426657193,20932.414255449796,43112.51233186432,31483.681134221984,35168.20772690903,90100.98365994653,10648.099709180922,14213.385926877705,12.519449346642432,2.4494574808648237,,,,,,,
component,casingUnspecified,8436.449931663541,21825.80344485882,51951.11896920829,31820.12053162075,76337.34284465796,93866.05705907544,74985.0658359626,207470.26855018057,38174.14917460991,22146.634514085144,150.79317546419486,103.67030813163396,,,,,,,
component,coldCathodeLamp,19649.550020171075,34678.91807266806,75911.51391424348,109455.0001914219,129715.71331950776,137211.455611865,103061.26813933061,311898.6217053906,38047.82792885798,42648.69607292321,488.9531326188938,239.86380090738186,,,,,,,
component,compContainHazardSubst,9694.015659996441,15888.918107115516,34438.74848389583,17645.309752893416,43000.07265342399,35672.31999987629,39242.00799347047,98234.39120363978,12368.164344416313,13800.934203517923,157.32626409520935,117.27957868915604,,,,,,,
component,compressor,12892.275766464436,31579.51074910013,72097.77967561316,82498.28562464693,120079.41748333299,143021.15187900377,101521.4715809243,308073.7329842245,51184.60354065105,37505.59016717417,89.90675558454365,79.53289917094246,,,,,,,
component,condensator,8589.029747447177,21765.90338531848,48693.517068992616,48741.50631287199,74575.64891531358,91000.6142897236,66211.8792310164,197432.22666001142,32392.238122233884,23077.27360017861,16.140945910755235,12.105709433066425,,,,,,,
component,contactor,1540.7001428735225,4158.963171341437,8092.620063901269,8258.535065269276,7811.200367425148,15261.81901594444,11571.471760315782,32039.00448500235,2641.2888379768146,2487.469479184351,179.55846785890836,170.42837627286218,,,,,,,
component,displayCRT,8634.034468172533,18900.16912857026,46728.63110812632,68453.91023430186,92818.15493355792,108270.9768743194,74296.90716687072,231075.05625059665,38080.072565944814,27918.079860883216,71.87374905402478,23.95791635134159,,,,,,,
component,displayLCD,5669.763227291233,11465.926950416724,24889.51193807523,53055.97107648965,50315.716082490406,59584.64982154635,37075.943785774674,125419.72637427838,15494.116385044052,16836.366596402346,0.1647470069675998,0.47776632020603943,,,,,,,
component,displayLCDunder100cm2,8157.249354835895,15119.462656358854,33706.99650568428,29875.495119295872,49586.86702303019,51965.07539846508,44355.00614676448,122823.99713680035,17080.774322714413,15647.593692345832,499.24523737867315,102.78578416619742,,,,,,,
component,displayOther,7300.619621431859,13579.155248965848,34012.00883766309,61607.75058936226,72508.85188510004,84727.92087943493,57245.40411665474,180402.6084578534,25929.956194283153,21473.130389056238,796.6872268733722,105.22284128516236,,,,,,,
component,displayPlasma,10602.46765110054,23166.92961264071,53177.58738417675,142958.2210929699,124503.86091365428,163510.0974907999,94609.20792164175,328473.98342014686,40575.442292433254,39736.03233108758,23.836283555435507,3.880325229954618,,,,,,,
component,driveCDDExt,3207.7191996809725,5702.381274409048,13019.642631538814,7252.47017629258,14062.49788929892,21421.429620612114,20650.28248906289,49749.90926832652,4342.960123300077,3229.042427810537,1.0368477742371744,5.806347535728178,,,,,,,
component,driveCDDInt,10492.018442826165,19144.98970335913,43243.24534261906,54345.44308773871,72506.33828100364,78738.15781420402,61049.37328858943,180663.60676799604,23897.35559341536,22841.277339882818,1317.6572632823454,2964.7288423852774,,,,,,,
component,driveFDD,9483.5085600015,17533.092555299732,38575.03469723012,28263.91478551838,54622.196148315445,51262.52702015936,46233.60791226219,126931.02547191085,19042.259111634357,17646.691587873018,6.686203682631491,30.087916571841706,,,,,,,
component,driveHDD,9796.782182402998,16402.298592107672,42514.026702671064,60869.64523352022,86184.49702291546,94364.39472136623,70584.04759500857,210364.6746738035,31331.755653720444,24754.974558989517,965.4621298920273,932.1703323095437,,,,,,,
component,driveUnspecified,14384.719827585015,30180.4038387075,69669.43214028222,27199.624342514446,91997.47286709772,96939.18955510095,90205.63626189472,233665.67188243582,41220.37535683178,27380.468289372595,3007.810717742256,626.6272328629701,,,,,,,
component,electricEngine,18595.76819974595,42691.40385689125,102162.02743923302,161612.0792781212,203290.93773353568,239747.25664916533,158889.74121435184,506356.0900849143,82179.41202164581,63219.73964259083,2335.0123627831163,751.9531337776137,,,,,,,
component,filterFoamBased,6681.665176704012,10748.167042064817,22613.506752149282,12721.466685386647,27784.27113249272,21095.865717244287,24024.73718709743,60322.77504883738,6986.162084176383,9426.36868999031,6.8617397017561075,4.5030166792774455,,,,,,,
component,fuse,9851.538560482324,18695.40469665761,42498.426191337225,99974.4936778082,96628.18970745095,107865.36796127554,64925.827028982676,226718.7213080321,30120.95743187091,31729.93527498034,43.76754705141847,24.480153435539144,,,,,,,
component,gear,3647.600073256517,6410.25062176568,15542.960302166266,11795.620312051904,23051.711666355124,25933.856570205833,22706.395528868463,60517.798613119274,8359.725987042824,5996.113860578931,159.9369253581593,135.9463865544354,,,,,,,
component,heatingCoolingEEEairCondenser,5439.8123425022,15736.803055004753,36510.11907767078,22813.561386676472,51867.59199977077,66738.25700151848,51699.25798678961,145095.7476220309,26909.288842718684,15360.16624425335,107.15035028028815,96.43531525225933,,,,,,,
component,heatingCoolingEEEfan,8684.610639205623,14721.494667745583,33887.17741918833,42802.08056800769,61247.749067389734,56880.00833270718,44755.73000015903,137876.4840521871,19936.176890998362,19379.3097392841,55.910477211533724,248.4910098290388,,,,,,,
component,heatingCoolingEEEheatSink,13278.247159606988,19382.05591363629,42885.09561952542,18226.35584645794,53355.82462181233,39025.84909395602,49292.792775985494,116341.83398697904,13189.487514511424,16666.726252185945,381.49610473041935,167.8582860813845,,,,,,,
component,inductor,4262.93654634839,9359.84382995589,22644.31157128782,17458.20212534827,36078.78472939558,40233.73440319255,32063.364535615656,90897.18634150067,16055.485057544329,10309.618758688082,38.15014082873297,125.35046272297977,,,,,,,
component,insulation,7916.965532217337,10465.951353760624,29277.809854820665,67757.12963970631,75956.73839514631,80442.37377377767,54535.997568340055,175384.15199175198,23318.09826484453,21931.999560156157,36.2989985819699,18.775344094122364,,,,,,,
component,keyboard,5138.313096057627,10665.467741698982,24636.779373116893,36705.67161558801,41030.56983491127,58044.85144045134,41934.694973866775,123463.74467043448,14311.32009761511,11738.591722985197,70.65592347723005,80.20402124442329,,,,,,,
component,knob,13982.463738816028,23524.270319200303,52502.77209231851,60878.35366266722,86160.1991505967,83162.58010744366,68368.3921128375,198170.9467467913,26024.703746537187,27881.00937213874,589.6022389399249,1080.937438056529,,,,,,,
component,lenseAssembly,1616.0514064459908,1564.2097823671968,4651.1690431486095,3513.530572521161,8477.066691565256,7393.502302734353,8137.619451208912,19682.299766262866,2181.158560729354,1975.0627959285716,59.38716417439073,37.791831747339565,,,,,,,
component,lighting,11455.276556149696,29500.944936622782,67212.3846143695,55941.90042329108,100146.01137214577,123637.25873934495,93880.3088935564,270304.6801234358,46358.70247088549,30691.74891226454,45.18920727913702,90.37841455827405,,,,,,,
component,lightingFlash,13571.602484327912,23804.718089420596,50618.73154866899,20826.032170813767,58626.58566504078,50397.89928960411,56066.39946284346,137837.2088110785,18235.78795688799,19368.691477785058,168.45474310750916,748.6877471444852,,,,,,,
component,magnetPermanent,13767.89135385828,26963.947079225116,60350.941976347385,63563.620560024996,91513.16300512326,106918.34634638674,85262.43784176304,242287.28329129342,32193.006062186123,28265.513607811565,612.6558350044716,668.351820004878,,,,,,,
component,magnetron,6949.9449580775245,11009.34087621529,27105.999530714453,11388.679745887948,39526.72490254107,35427.70341018142,36769.0244457963,92100.2224983391,14730.104607888565,10970.605441820971,5.924322023782006,13.96447334177187,,,,,,,
component,mainboardInclCPUgpu,7898.718152498071,16210.011871199307,39571.10848489003,123273.18835562655,109541.17203356313,132719.92021517793,72650.9962102273,265720.7247794599,36400.08936696176,35124.58252685528,1.3383675349682196,5.175021135210449,,,,,,,
component,non-electricCoil,6970.755708484752,16941.536637191297,41221.91782397271,35906.703937501996,68474.48717415071,80635.48555215549,61043.9949632905,176586.19675741557,32036.591707326068,20048.778663131758,339.2124294994096,221.22549749961496,,,,,,,
component,nonElectricCoil,13109.936125838743,30311.57648502729,69920.42075651186,61648.87560650471,110181.3485053468,124150.9491642088,95375.0191582518,276917.11900045956,48101.54503179905,34066.2555460788,62.880449612132175,83.8405994828429,,,,,,,
component,onOffSwitch,11031.433429812401,20686.19092721239,48038.47029732976,86388.95150170743,94084.3586660647,111781.66891566337,76202.00124620083,239476.99037012077,30706.62319180408,29180.218466422666,481.6845977164001,649.2270664873218,,,,,,,
component,otherElectricCompUnspecified,5536.843999029204,11582.628931201478,29801.45050563398,56172.5894139603,67662.8284319788,79053.12673217707,51089.67166878203,166676.23770618037,26597.09604232071,20185.1418466159,908.6297654119161,185.85608837971012,,,,,,,
component,otherNonElectricCompUnspecified,4417.712716805826,5789.773306702275,15896.783293290882,35243.83919007518,39416.38532964278,42465.86619051129,29588.06232582944,92950.13868854038,11679.556311805705,11314.151371449896,115.87725071260834,151.53178939341092,,,,,,,
component,passiveJunctionBox,7608.2466029548,20126.99442190809,46290.626911338215,29377.7114187002,64992.632178691936,81404.52690721507,64602.954218964005,180041.2612995502,31985.326390746806,19350.917513600674,20.244388573693367,23.078602974010437,,,,,,,
component,pcbWEEECat,12078.601722809313,23781.894464376324,55704.0813531301,77372.63439361815,100030.20690330908,116585.4614613433,84607.87746407177,255373.01583574802,36257.639967668925,30431.58526041449,,,,,,,,,
component,plug,11459.745565459516,20954.729380725417,44269.64456428873,60517.36004477315,69367.14204406909,75365.5272970185,57343.4087814095,172726.76752546715,19239.53750340907,23006.0008684329,85.98324274447907,49.60571696796869,,,,,,,
component,powerSupply,4545.613653787711,10956.541606842819,25962.307279594206,31383.854810912067,46766.79326440069,54193.71036510394,38068.941324109466,117071.54156856693,20313.20340583212,14444.056772387119,450.07913441063255,525.0923234790713,,,,,,,
component,printedCircuitBoard,15162.218004296037,21735.92160466063,47913.69650644014,25586.86647860861,59115.572049167175,48388.934396883866,58213.76646584809,138367.09118947064,12752.883628838053,17972.01891221123,410.70125110352336,186.68238686523787,,,,,,,
component,pump,4381.679356626152,9781.387062527056,23366.97531201976,22007.588542038564,38377.82220767119,44291.2763635516,33810.800626101045,98180.14068712607,16576.73042955343,11222.169680951873,333.66049289684963,37.07338809964996,,,,,,,
component,refrigerant,13194.160915596316,30350.392620575036,70478.41249132939,38275.34763758832,98128.01272871504,113002.5413909091,96115.52884077147,259934.411551966,45676.5854731544,29018.793121045397,1471.1468965165107,1671.7578369505802,,,,,,,
component,remoteControl,1986.491261416786,3279.0344701079025,7514.71927528943,4900.498285582476,9916.347891490244,10568.415952229843,10272.710506514233,26253.46333314889,3045.5651862023446,2730.3571900282345,29.80541012045688,33.04512861181089,,,,,,,
component,resistor,8899.690115082856,11017.619635834228,27088.51947242928,22621.921429459133,43621.65065415485,36333.715480365136,38475.13480610396,97473.37376177855,10506.904366723164,12260.040932756798,23.7541555571775,10.0653201513464,,,,,,,
component,rotor,15363.166600419763,25068.8267213999,59933.458526213144,58060.868655099905,98805.2331977776,99956.8925178538,86401.91162229874,238806.04658662912,33216.329520132065,29239.72432564383,86.80386427481658,70.38151157417559,,,,,,,
component,screw,5264.391286484288,8422.3819182934,20172.96149471379,8346.00929457361,25143.40477925998,28788.237231143685,30100.022578769698,71808.6558637327,8450.007004915104,6346.1871009171045,641.1303619009873,523.371724000806,,,,,,,
component,sensorUnspecified,15010.886623468146,18377.832849143047,51604.95341509853,24166.662155226808,84363.04947839538,77519.38769626849,83826.31547925452,201633.4754360782,28340.051758635174,20237.070781260645,400.1239625685124,266.7493083790083,,,,,,,
component,shadowComponentWEEE,7030.542031613546,16573.673836070244,38501.626468874776,17528.28634157169,53078.63840495139,58881.37422785346,50749.59350270881,136296.45934500176,25670.98187083219,15901.576015806848,110.92619483505369,134.6960937282795,,,,,,,
component,solenoidValve,3545.9368338338254,4464.233316042297,12367.40839497029,17330.982476380654,25818.711516379724,25544.569990973912,21085.164591923414,60688.138805396695,7870.521256353515,6794.220929482657,43.54547604817978,45.83734320861029,,,,,,,
component,speakerEEE2,18182.60155397553,28318.013429580267,65700.02921695005,104365.8524551926,127686.98949006338,123890.4395447708,93012.48289931907,285928.4825461568,36848.61803767613,40830.22772535811,1207.84826353458,268.4107252299067,,,,,,,
component,switch,5295.671746858098,12745.897060699435,29928.36320549257,26345.415986168216,46397.82400902121,56789.91490311663,43200.40811756543,123991.00179470176,20771.144529991263,13499.887171770803,44.288684031559754,34.600534399656055,,,,,,,
component,tonerCartridge,6656.3680656082815,14568.351198846767,32303.77886052356,17540.126605571255,41207.57547787956,47201.31993395094,41615.949755757036,110402.40643015748,17495.36475158934,12642.477486627904,1.574802993721742,2.2378779384466863,,,,,,,
component,transformator,2778.9868519087904,5505.7633881462625,11596.733199346729,6606.502912861184,13520.473007806304,14402.037097793564,13626.128177210643,35482.666089017555,4630.810276384673,4365.987566663193,88.57478960031226,256.8668898409055,,,,,,,
component,transmission,10874.503481764536,21288.49776629827,51234.99126433287,101346.10767769447,109870.5465722994,130916.00794519397,85094.02583456667,275377.17116811476,38381.996059627956,33901.835356772004,1112.592838237126,879.7245697688904,,,,,,,
component,transmitter,11348.067205633322,26833.463909248625,63142.70796665469,33334.04981578853,90920.39992507377,101381.27182596392,84962.29392667042,232178.5876220372,43736.80022879655,26908.358790452865,35.34796689765598,15.618869094313107,,,,,,,
component,wheel,8477.812535172168,19152.593787985385,48036.04355839855,142797.40341714534,131897.72431800296,163553.9636831652,90289.22471933393,326240.1606172662,47317.41640396184,41501.83460737798,52.01411882526818,21.053333810227596,,,,,,,
material,AlAndAlAlloys,60266.9662315358,124487.79630218472,288419.41292124224,342243.41790755244,491302.9427880306,559878.4389925791,417267.45255208376,1241081.563883071,189004.51497728436,151607.53804959563,2275.126384743763,2430.649554718161,17699.857554956478,15.796411358842164,35.71362568086054,,,,
material,CuAndCuAlloys,80411.648083457,164452.68559341645,374136.06751358695,305708.1056644465,553542.1529065814,612161.770320098,505700.84535646683,1411540.6727903034,218407.88849604296,169445.22250494984,3141.9905094295477,2898.2823499396945,9933.159699211183,1.1324193635640718,4.3409408936622755,,,,
material,MaterialShadowWEEE,679.8539392387597,1250.2677498960857,2669.4469278178117,741.6511637577743,2955.4284617207263,2555.0404894736475,2923.0221411676157,7118.811266446357,1028.8453682444015,957.3400527818612,291.9094492168413,237.4856536001421,123.70935852763726,,,,,,
material,aggregateBinderMixedMaterials,844.0803475812587,1874.2180160623122,4132.547188692309,1282.8884107167598,4759.025169477827,5397.2394466181695,5156.449659196805,13027.0109468185,2148.3113153036343,1451.9968566598316,231.319291901793,188.19196629298415,584.6958950026234,,,,,,
material,bitumen,259.7574057965477,475.94107345355974,1045.5679707830225,1797.440764305257,1983.1855679316104,2080.0307888622583,1425.926895088189,4601.989935699553,605.4919308937529,664.507182920328,0.03621195193557219,0.04397165592176623,0.0070354649474825975,,,,,,
material,carbon,2229.010268562909,5451.439039704467,13230.273116386745,31216.413077904148,31583.94925079988,39250.86107946308,22895.669916572268,79246.69927408773,12122.357384290362,9966.306782792888,484.62046349617657,156.06421705809078,73.35018201730266,,,,,,
material,ceramicComposites,597.373639758073,1314.665836003755,3013.546061040531,1048.9592847064946,3938.7389913363736,4095.3844301702393,3788.7767933276104,9856.525162564823,1841.3310479063123,1194.600872689629,6.526900148960822,7.925521609452427,2.773932563308349,,,,,,
material,concrete,688.694670662871,1830.832057363703,4273.203898245209,1346.72937738133,5646.055009676493,6545.629668182783,5636.504961937737,14964.945447085853,3031.054609453713,1667.6096107362653,0.3026835900362267,0.36754435932970386,0.0477807667128615,,,,,,
material,ferrousMetals,115049.79217056991,200365.7018979067,461711.78817170043,433199.3994762484,721855.5400523569,739942.6471552794,632990.5635912514,1758338.9144080477,244564.80475494085,220092.55879568603,5508.184321932936,4379.5240692246525,10052.557341343976,53.375517509225226,19.860657677851247,,,,
material,glass,19688.28754617169,37755.63395076317,91572.56089000867,105826.3703538282,162425.50906036876,180579.54707470932,137967.97865123747,403826.8932999945,62520.90335610094,47981.457508218715,1054.172883868901,1031.8310819788314,470.27045056305593,,,,,,
material,glassAndCeramics,475.31381728420865,901.1226260850602,2229.519160695343,1858.0847836533253,3722.5218660721735,3976.3952245905452,3286.352382836825,9140.24143128804,1532.0012628856778,1073.6838270710005,81.17983813825983,66.04461407858426,5.34267052930742,,,,,,
material,ironWroughtAndCast,3179.599021943071,7137.221234243806,16973.438938300744,14058.985840407438,27150.255662659078,30175.20040322595,23554.01187631919,67909.10822272359,11972.035389602232,7961.01275242072,193.03373227028644,23.126807322366624,2.765670881771601,,,,,,
material,non-ferrousMetals,465.9560324168951,1201.1445929235456,2521.934210402438,1814.089991997919,2859.4432067838693,4313.782011821575,3482.9295112126933,9408.789840910144,1223.7505659056833,892.3963462536931,76.33775039551945,62.105288457371756,108.76645297630004,,,,,,
material,oil4,240.06579783358413,690.419408795306,1644.1101670877351,601.421282760427,2253.787120510049,2762.55359419752,2280.6140848394675,6148.287305284047,1251.8315698719994,647.547419458544,4.897137293874405,5.946523856847492,0.8919785785271237,,,,,,
material,otherFerrousAlloys,301.9992649099325,841.7763656189661,2007.2395456794331,7060.31774048917,5864.6561426298285,7517.580829717674,3722.0545967058647,14508.834347124088,2088.731685482641,1897.1871163786109,6.940010966353336,6.139240470235643,1.412025308154198,,,,,,
material,otherMetalsAndMetalAlloys,16384.099363431265,29697.91586346919,71055.57481451306,115641.38810941807,140957.0393143489,156815.0950711841,110854.565261714,345589.8064712697,48379.053523425784,43239.04817818018,1363.1228896620814,1133.678529399314,789.1063623707041,35.73109637420924,26.590583348248735,,,,
material,otherMinerals,589.7073517410696,909.6780982961628,2118.78161187103,1155.2449120024185,2432.7039865579586,3234.9506020846266,3352.5083696865877,7880.075452143128,642.1669314315396,583.4043147323335,69.61572973754897,56.63652588817544,16.10131201628049,,,,,,
material,otherOrUndefinedMaterials,64229.81358947497,133555.93195301236,304026.2831140043,341711.3276837367,497524.9097198112,564694.5262616583,426917.7324719034,1258855.1499416162,189960.3360292228,155468.80253589596,3416.8689804195524,4416.848541147527,27102.905805838513,,,,,,
material,otherOrganics,4532.9216853639045,10297.044282044999,24946.88153437992,24291.102531773315,42660.60910087361,48912.468989874025,36849.96968611565,107765.3494982676,18900.27209159633,12681.697929733726,282.43297591891496,160.74902764815744,515.3766725962711,,,,,,
material,plasticComposites,3910.3049109321323,5582.872079682148,14560.57140466133,8586.341826275702,23191.637506647214,22171.744843576533,22100.520991708905,55961.829718119996,8101.95885268939,6001.587591192892,234.0547692921663,604.4927110710775,534.1835014776348,,,,,,
material,plastics,135477.44497983207,259718.59919212345,615904.0972875112,681434.3029722556,1047979.5789479183,1162739.9965880644,903646.6977062185,2619816.8676949856,395185.5879533707,314109.526629207,5693.4066091829445,6897.584998242666,4396.891695241171,,,,,,
material,polymerPA6GF30,3349.5234041067465,4792.296760315398,12014.890034092501,21938.271161373414,26178.8743084505,26419.571616450547,19266.53109478422,59659.243932419704,7685.7617784984695,7900.445126006939,192.3556403813044,541.0286467852865,503.8070567503347,,,,,,
material,polymerPPGF30,853.3759572409328,1556.1145038969526,3325.26928314657,1752.6559755153996,4036.935673488583,3757.6639881091405,3795.89065415201,9723.44203336372,1311.6953350519686,1310.1795253576759,75.24460007950346,219.4634168985517,73.38406220324269,,,,,,
material,polymerPPTF20,2029.2946672271078,5183.137542273711,12679.562933708781,38831.91734014988,34795.5859261319,44300.537692714555,23715.40694630031,87250.36302558506,12772.585447587351,11120.492841576206,12.508965755751607,5.063152805899461,1.7721034820648112,,,,,,
material,polymerPPTF30,3869.865871929576,8602.118142617752,20296.006627840557,59871.56337038575,53451.75721450706,65030.516926710254,35437.81486905943,130257.78167602328,18194.221803804605,17413.686176178027,145.94482804783036,383.1822680712057,52.57467237585784,,,,,,
material,reinforcedPlastics,474.46809449639557,759.8875097880317,1602.0864496938398,407.593142003508,1722.7367906515412,1185.196359866751,1648.855362039221,3763.3167211237574,445.7024591978855,576.528867386644,5.392670626840057,6.5482429040200705,2.1609201583266233,,,,,,
material,sand,321.77729845768727,743.89457923429,1772.6785430176262,842.4953645303875,2527.330278128155,2847.8269330855856,2442.2942485329127,6550.21815695939,1224.0152518537234,732.7571117578707,15.70084045327846,19.065306264695273,1.9065306264695274,,,,,,
material,steelAndSteelAlloys,12659.946544681727,27266.810448495162,62537.6497541237,54748.662980098576,96661.17846731422,106547.73708547476,84314.37275622238,243178.97243834598,39779.963206854205,29469.61791722653,240.37030348132214,142.17478579309144,132.75635761991913,,,,,,
material,undefinedAndMixedMaterials,32043.69879018704,66551.27120758382,155151.94661306386,151303.44398276086,249326.78811611165,283185.78975357773,221776.46080862943,637311.4530011921,100054.11499338676,75418.8080078466,4078.6639481704165,2663.123656641779,915.8407754737289,,,,,,
material,wood,550.0609640124911,1019.2445509510064,2295.6956756040468,891.2412417514875,2569.1567541211853,3182.0312192281517,3217.157135594171,7773.490724486379,931.1986643631536,699.7536469005428,100.21267169234055,81.5289532412262,30.998986559586818,,,,,,
element,Ag,303485.7794574051,609894.5883516507,1421062.4737556677,1617157.8650730408,2397487.0051105334,2700867.2624680568,2053435.3880245448,6033629.679822262,914717.5811882868,732443.5862542437,17527.56525489838,18649.178796192733,42154.72285518709,31.75168190356099,25.742904470907913,8.341213539645835,7.958185129317754,5.254580192852132,7.07681708721062
element,Al,5618.021087072735,9286.28546339036,21654.16641053212,34944.5685334634,41752.547222538786,43913.47650898078,32166.726083009595,98879.01662232967,12715.84405778806,13094.263036442115,688.2544956470913,668.6990284197881,391.3274573190673,5.9675118754013825,4.440939070066145,2.792795557687847,2.117564650018884,0.8951267813102074,1.7763756280264582
element,As,10625.358745531174,22525.313865136788,52208.8909717626,57077.291663590084,87188.87593087116,98425.44033265935,74141.43564786416,219097.12846964953,34748.40331371032,26881.1475757786,263.3780091962164,412.60611009903596,3188.927403635635,2.575441973247246,5.822738374298121,,,,
element,Bi,73.08292868456141,177.25059629500268,418.2396635079105,134.53284707504744,563.774100969543,625.5757787510065,553.9708486394145,1457.599383475333,289.0660273646591,164.8367347408329,1.706366786881962,2.0720168126423824,1.24545169264622,,,,,,
element,Ca,6215.338270245893,12945.034682293066,30804.775383750366,24322.96482077379,48660.53444012125,53286.3059390453,43503.3583534324,122319.8705290872,20734.177052797317,14448.075192023674,283.3143842173362,225.73062750556016,414.8582960531942,,,,,,
element,Cl,68.2346452264115,164.33980405110157,386.28883753875334,241.90626090242,568.503524722652,660.4484174187272,536.6790777570825,1485.1991798166325,270.91129931374456,169.2195242107994,4.422073692214214,4.414714653803612,4.946859667123778,,,,,,
element,Cu,25293.896034039935,46646.92046251307,107230.04621837274,132582.19702264713,184776.54073733147,196524.90495676314,150598.88893138524,446468.98997356184,63855.39542244059,57848.33123820032,1324.2020989210075,1145.049822283574,5016.233219193039,7.17512535584942,7.720001799069984,2.0695684436682678,1.0618969293156757,1.440428011374576,0.4187290730740046
element,Dy,27659.6077236932,56313.56432121812,131148.68510761423,107117.86757626111,200317.5873370344,222352.64992032555,182867.0559932617,509969.5062340326,81154.19895568742,60047.37153653262,1181.7696861020154,828.6019621377476,2274.806959685213,11.778836787855393,10.511114963511686,7.545481960486279,1.5111774655220864,2.5791749588440185,3.254611070411866
element,Ga,30391.86497689357,56238.426552089746,130551.61277310182,161166.7705420672,227383.10092710584,242772.85260570594,185556.8312386979,551045.5005535244,79939.66411301815,70419.53292675212,1475.8526923666614,1256.7000791442454,4792.3340735074025,32.604451581982495,23.66796842331239,,,,
element,Mn,7069.7387745989,14704.94745346946,34005.091562227986,42779.35969743671,58815.02198957904,67722.6711149138,49511.347968927155,148804.02850137398,22404.803070478167,18173.25669240617,185.8997008530852,197.644508851205,1445.4325118515776,0.5075747853288125,1.147560384221663,,,,
element,Mo,28707.632306209623,54284.3581848116,125148.12302245919,138170.29853115638,207133.3371981131,223495.25767704306,175684.8599900384,511200.57834662974,74598.43613245044,63868.95054381088,1035.8726341713966,830.2703642014867,3840.474550839523,7.614401319049159,3.61432521792811,,,,
element,O,13377.253846972142,24965.86795045554,56007.56543847258,51276.66549098834,81509.32724243982,90746.41548433644,76521.789602592,211684.65777979535,27845.098967857382,24730.452963271222,404.2476867878134,376.7094678475774,973.6416200589385,1.4164013112764664,0.5270330460563597,,,,
element,Pd,4137.826123913901,7690.374047502416,18586.275754452934,21298.144169596188,32164.03484888528,36470.35892266077,28354.232445404123,81649.36868513525,11948.2995548663,9371.55889956634,303.03264009518233,213.77313345976748,148.95621742958835,,,,,,
element,Sc,7528.575688812765,14946.975373457573,36822.64025482287,50838.88729161982,70756.66814351731,80675.44970579243,57926.83486186602,175588.22667362168,27576.99762237434,21088.68837741588,637.058953058589,427.5941912582196,145.7076698822264,,,,,,
element,Sm,30229.69328309949,57479.05267201199,131101.17536964902,122340.47831594158,204186.0049131334,214360.99949878958,176274.540047155,499460.7058385311,74740.1765580797,63308.091371240625,983.5716505754295,983.4239563831296,3675.501506262347,4.564856251669229,3.00776958553985,,,,
element,Sr,1269.2084616249845,3409.1233852006735,8057.788436473879,3025.843796355709,11146.110689604766,12886.484864936754,10843.795403695822,29455.21418422068,5964.2788496971,3257.564064982094,7.265443630327168,7.269651928609023,13.491777651418175,,,,,,
element,Zr,25075.157038728994,49866.65798033833,113587.2005747045,96068.05225822878,169006.84336396892,186727.96108540357,155009.813139051,432165.1026045679,64735.23180418062,51515.88151480547,1378.4787000763536,1231.6037466263108,3025.117631472062,0.07916146062015343,0.3034522657105882,,,,
