,outflow,outflow,outflow,outflow,outflow,inflow,inflow,inflow,inflow,inflow,info,info,info,info
,flow,product,component,material,element,flow,product,component,material,element,data,priority,process,technology
0,WEEE_generatedComplementaryMetalScrap,WEEE_Cat1,C*,M*,E*,WEEE_generatedDedicated,WEEE_Cat1,C*,M*,E*,0.21,1112,,
1,WEEE_generatedComplementaryMetalScrap,WEEE_Cat2,C*,M*,E*,WEEE_generatedDedicated,WEEE_Cat2,C*,M*,E*,0.32,1112,,
2,WEEE_generatedComplementaryMetalScrap,WEEE_Cat3,C*,M*,E*,WEEE_generatedDedicated,WEEE_Cat3,C*,M*,E*,0.15,1112,,
3,WEEE_generatedComplementaryMetalScrap,WEEE_Cat4a,C*,M*,E*,WEEE_generatedDedicated,WEEE_Cat4a,C*,M*,E*,0.45,1112,,
4,WEEE_generatedComplementaryMetalScrap,WEEE_Cat4b,C*,M*,E*,WEEE_generatedDedicated,WEEE_Cat4b,C*,M*,E*,0.55,1112,,
5,WEEE_generatedComplementaryMetalScrap,WEEE_Cat5,C*,M*,E*,WEEE_generatedDedicated,WEEE_Cat5,C*,M*,E*,0.53,1112,,
6,WEEE_generatedComplementaryMetalScrap,WEEE_Cat6,C*,M*,E*,WEEE_generatedDedicated,WEEE_Cat6,C*,M*,E*,0.49,1112,,
7,WEEE_generatedComplementaryExported,WEEE_Cat1,C*,M*,E*,WEEE_generatedDedicated,WEEE_Cat1,C*,M*,E*,0.08,1112,,
8,WEEE_generatedComplementaryExported,WEEE_Cat2,C*,M*,E*,WEEE_generatedDedicated,WEEE_Cat2,C*,M*,E*,0.12,1112,,
9,WEEE_generatedComplementaryExported,WEEE_Cat3,C*,M*,E*,WEEE_generatedDedicated,WEEE_Cat3,C*,M*,E*,0.19,1112,,
10,WEEE_generatedComplementaryExported,WEEE_Cat4a,C*,M*,E*,WEEE_generatedDedicated,WEEE_Cat4a,C*,M*,E*,0.09,1112,,
11,WEEE_generatedComplementaryExported,WEEE_Cat4b,C*,M*,E*,WEEE_generatedDedicated,WEEE_Cat4b,C*,M*,E*,0.33,1112,,
12,WEEE_generatedComplementaryExported,WEEE_Cat5,C*,M*,E*,WEEE_generatedDedicated,WEEE_Cat5,C*,M*,E*,0.54,1112,,
13,WEEE_generatedComplementaryExported,WEEE_Cat6,C*,M*,E*,WEEE_generatedDedicated,WEEE_Cat6,C*,M*,E*,0.1,1112,,
14,WEEE_generatedComplementaryUndocumented,WEEE_Cat1,C*,M*,E*,WEEE_generatedDedicated,WEEE_Cat1,C*,M*,E*,0.49,1112,,
15,WEEE_generatedComplementaryUndocumented,WEEE_Cat2,C*,M*,E*,WEEE_generatedDedicated,WEEE_Cat2,C*,M*,E*,0.46,1112,,
16,WEEE_generatedComplementaryUndocumented,WEEE_Cat3,C*,M*,E*,WEEE_generatedDedicated,WEEE_Cat3,C*,M*,E*,0.23,1112,,
17,WEEE_generatedComplementaryUndocumented,WEEE_Cat4a,C*,M*,E*,WEEE_generatedDedicated,WEEE_Cat4a,C*,M*,E*,0.37,1112,,
18,WEEE_generatedComplementaryUndocumented,WEEE_Cat4b,C*,M*,E*,WEEE_generatedDedicated,WEEE_Cat4b,C*,M*,E*,0.25,1112,,
19,WEEE_generatedComplementaryUndocumented,WEEE_Cat5,C*,M*,E*,WEEE_generatedDedicated,WEEE_Cat5,C*,M*,E*,0.24,1112,,
20,WEEE_generatedComplementaryUndocumented,WEEE_Cat6,C*,M*,E*,WEEE_generatedDedicated,WEEE_Cat6,C*,M*,E*,0.44,1112,,
21,WEEE_generatedComplementaryMSW,WEEE_Cat2,C*,M*,E*,WEEE_generatedDedicated,WEEE_Cat2,C*,M*,E*,0.52,1112,,
22,WEEE_generatedComplementaryMSW,WEEE_Cat1,C*,M*,E*,WEEE_generatedDedicated,WEEE_Cat1,C*,M*,E*,0.55,1112,,
23,WEEE_generatedComplementaryMSW,WEEE_Cat3,C*,M*,E*,WEEE_generatedDedicated,WEEE_Cat3,C*,M*,E*,0.57,1112,,
24,WEEE_generatedComplementaryMSW,WEEE_Cat4a,C*,M*,E*,WEEE_generatedDedicated,WEEE_Cat4a,C*,M*,E*,0.37,1112,,
25,WEEE_generatedComplementaryMSW,WEEE_Cat4b,C*,M*,E*,WEEE_generatedDedicated,WEEE_Cat4b,C*,M*,E*,0.29,1112,,
26,WEEE_generatedComplementaryMSW,WEEE_Cat5,C*,M*,E*,WEEE_generatedDedicated,WEEE_Cat5,C*,M*,E*,0.41,1112,,
27,WEEE_generatedComplementaryMSW,WEEE_Cat6,C*,M*,E*,WEEE_generatedDedicated,WEEE_Cat6,C*,M*,E*,0.05,1112,,
28,WEEE_collected,WEEE_Cat1,C*,M*,E*,WEEE_generatedDedicated,WEEE_Cat1,C*,M*,E*,0.56,1112,,
29,WEEE_collected,WEEE_Cat2,C*,M*,E*,WEEE_generatedDedicated,WEEE_Cat2,C*,M*,E*,0.18,1112,,
30,WEEE_collected,WEEE_Cat3,C*,M*,E*,WEEE_generatedDedicated,WEEE_Cat3,C*,M*,E*,0.17,1112,,
31,WEEE_collected,WEEE_Cat4a,C*,M*,E*,WEEE_generatedDedicated,WEEE_Cat4a,C*,M*,E*,0.27,1112,,
32,WEEE_collected,WEEE_Cat4b,C*,M*,E*,WEEE_generatedDedicated,WEEE_Cat4b,C*,M*,E*,0.37,1112,,
33,WEEE_collected,WEEE_Cat5,C*,M*,E*,WEEE_generatedDedicated,WEEE_Cat5,C*,M*,E*,0.11,1112,,
34,WEEE_collected,WEEE_Cat6,C*,M*,E*,WEEE_generatedDedicated,WEEE_Cat6,C*,M*,E*,0.32,1112,,
35,WEEE_wasteBinLandfill,WEEE_Cat1,C*,M*,E*,WEEE_generatedComplementaryMSW,WEEE_Cat1,C*,M*,E*,0.36,1112,,
36,WEEE_wasteBinLandfill,WEEE_Cat2,C*,M*,E*,WEEE_generatedComplementaryMSW,WEEE_Cat2,C*,M*,E*,0.17,1112,,
37,WEEE_wasteBinLandfill,WEEE_Cat3,C*,M*,E*,WEEE_generatedComplementaryMSW,WEEE_Cat3,C*,M*,E*,0.29,1112,,
38,WEEE_wasteBinLandfill,WEEE_Cat4a,C*,M*,E*,WEEE_generatedComplementaryMSW,WEEE_Cat4a,C*,M*,E*,0.29,1112,,
39,WEEE_wasteBinLandfill,WEEE_Cat4b,C*,M*,E*,WEEE_generatedComplementaryMSW,WEEE_Cat4b,C*,M*,E*,0.21,1112,,
40,WEEE_wasteBinLandfill,WEEE_Cat5,C*,M*,E*,WEEE_generatedComplementaryMSW,WEEE_Cat5,C*,M*,E*,0.33,1112,,
41,WEEE_wasteBinLandfill,WEEE_Cat6,C*,M*,E*,WEEE_generatedComplementaryMSW,WEEE_Cat6,C*,M*,E*,0.37,1112,,
42,WEEE_wasteBinIncineration,WEEE_Cat1,C*,M*,E*,WEEE_generatedComplementaryMSW,WEEE_Cat1,C*,M*,E*,0.15,1112,,
43,WEEE_wasteBinIncineration,WEEE_Cat2,C*,M*,E*,WEEE_generatedComplementaryMSW,WEEE_Cat2,C*,M*,E*,0.21,1112,,
44,WEEE_wasteBinIncineration,WEEE_Cat3,C*,M*,E*,WEEE_generatedComplementaryMSW,WEEE_Cat3,C*,M*,E*,0.34,1112,,
45,WEEE_wasteBinIncineration,WEEE_Cat4a,C*,M*,E*,WEEE_generatedComplementaryMSW,WEEE_Cat4a,C*,M*,E*,0.57,1112,,
46,WEEE_wasteBinIncineration,WEEE_Cat4b,C*,M*,E*,WEEE_generatedComplementaryMSW,WEEE_Cat4b,C*,M*,E*,0.54,1112,,
47,WEEE_wasteBinIncineration,WEEE_Cat5,C*,M*,E*,WEEE_generatedComplementaryMSW,WEEE_Cat5,C*,M*,E*,0.34,1112,,
48,WEEE_wasteBinIncineration,WEEE_Cat6,C*,M*,E*,WEEE_generatedComplementaryMSW,WEEE_Cat6,C*,M*,E*,0.4,1112,,
49,WEEE_categ_mechRec1,WEEE_Cat1,C*,M*,E*,WEEE_collected,WEEE_Cat1,C*,M*,E*,0.34,1112,,
50,WEEE_categ_mechRec1,WEEE_Cat6,C*,M*,E*,WEEE_collected,WEEE_Cat6,C*,M*,E*,0.17,1112,,
51,WEEE_categ_mechRec1,WEEE_Cat2,C*,M*,E*,WEEE_collected,WEEE_Cat2,C*,M*,E*,0.54,1112,,
52,WEEE_categ_mechRec1,WEEE_Cat4a,C*,M*,E*,WEEE_collected,WEEE_Cat4a,C*,M*,E*,0.14,1112,,
53,WEEE_categ_mechRec1,WEEE_Cat5,C*,M*,E*,WEEE_collected,WEEE_Cat5,C*,M*,E*,0.14,1112,,
54,WEEE_categ_mechRec1,WEEE_Cat4b,C*,M*,E*,WEEE_collected,WEEE_Cat4b,C*,M*,E*,0.08,1112,,
55,WEEE_categ_mechRec1,WEEE_Cat3,C*,M*,E*,WEEE_collected,WEEE_Cat3,C*,M*,E*,0.4,1112,,
56,WEEE_categ_mechRec2,WEEE_Cat1,C*,M*,E*,WEEE_collected,WEEE_Cat1,C*,M*,E*,0.49,1112,,
57,WEEE_categ_mechRec2,WEEE_Cat6,C*,M*,E*,WEEE_collected,WEEE_Cat6,C*,M*,E*,0.57,1112,,
58,WEEE_categ_mechRec2,WEEE_Cat2,C*,M*,E*,WEEE_collected,WEEE_Cat2,C*,M*,E*,0.09,1112,,
59,WEEE_categ_mechRec2,WEEE_Cat4a,C*,M*,E*,WEEE_collected,WEEE_Cat4a,C*,M*,E*,0.42,1112,,
60,WEEE_categ_mechRec2,WEEE_Cat5,C*,M*,E*,WEEE_collected,WEEE_Cat5,C*,M*,E*,0.4,1112,,
61,WEEE_categ_mechRec2,WEEE_Cat4b,C*,M*,E*,WEEE_collected,WEEE_Cat4b,C*,M*,E*,0.55,1112,,
62,WEEE_categ_mechRec2,WEEE_Cat3,C*,M*,E*,WEEE_collected,WEEE_Cat3,C*,M*,E*,0.27,1112,,
63,WEEE_mechRec1_mechRec2,P*,ComponentShadowWEEE,M*,E*,WEEE_categ_mechRec1,WEEE_Cat1,ComponentShadowWEEE,M*,E*,0.48,1122,,
64,WEEE_mechRec1_mechRec2,P*,ConductivitySensor,M*,E*,WEEE_categ_mechRec1,WEEE_Cat6,ConductivitySensor,M*,E*,0.32,1122,,
65,WEEE_mechRec1_mechRec2,P*,LED,M*,E*,WEEE_categ_mechRec1,WEEE_Cat2,LED,M*,E*,0.27,1122,,
66,WEEE_mechRec1_mechRec2,P*,LidarSensor (&lt;15cm),M*,E*,WEEE_categ_mechRec1,WEEE_Cat4a,LidarSensor (&lt;15cm),M*,E*,0.37,1122,,
67,WEEE_mechRec1_mechRec2,P*,MagnetSensor,M*,E*,WEEE_categ_mechRec1,WEEE_Cat5,MagnetSensor,M*,E*,0.34,1122,,
68,WEEE_mechRec1_mechRec2,P*,PCBWEEECat,M*,E*,WEEE_categ_mechRec1,WEEE_Cat4b,PCBWEEECat,M*,E*,0.17,1122,,
69,WEEE_mechRec1_mechRec2,P*,PCBunspecified,M*,E*,WEEE_categ_mechRec1,WEEE_Cat3,PCBunspecified,M*,E*,0.59,1122,,
70,WEEE_mechRec1_mechRec2,P*,PVBacksheet,M*,E*,WEEE_categ_mechRec1,WEEE_Cat1,PVBacksheet,M*,E*,0.57,1122,,
71,WEEE_mechRec1_mechRec2,P*,PVEncapsulationEVA,M*,E*,WEEE_categ_mechRec1,WEEE_Cat6,PVEncapsulationEVA,M*,E*,0.35,1122,,
72,WEEE_mechRec1_mechRec2,P*,PVFrameAl,M*,E*,WEEE_categ_mechRec1,WEEE_Cat2,PVFrameAl,M*,E*,0.5,1122,,
73,WEEE_mechRec1_mechRec2,P*,PVSolarGlass,M*,E*,WEEE_categ_mechRec1,WEEE_Cat4a,PVSolarGlass,M*,E*,0.32,1122,,
74,WEEE_mechRec1_mechRec2,P*,PVcellSi,M*,E*,WEEE_categ_mechRec1,WEEE_Cat5,PVcellSi,M*,E*,0.42,1122,,
75,WEEE_mechRec1_mechRec2,P*,WEEEEvaporator,M*,E*,WEEE_categ_mechRec1,WEEE_Cat4b,WEEEEvaporator,M*,E*,0.15,1122,,
76,WEEE_mechRec1_mechRec2,P*,brush,M*,E*,WEEE_categ_mechRec1,WEEE_Cat3,brush,M*,E*,0.45,1122,,
77,WEEE_mechRec1_mechRec2,P*,cableUnspecified,M*,E*,WEEE_categ_mechRec1,WEEE_Cat1,cableUnspecified,M*,E*,0.09,1122,,
78,WEEE_mechRec1_mechRec2,P*,cableWOPlug,M*,E*,WEEE_categ_mechRec1,WEEE_Cat6,cableWOPlug,M*,E*,0.44,1122,,
79,WEEE_mechRec1_mechRec2,P*,cableWPlug,M*,E*,WEEE_categ_mechRec1,WEEE_Cat2,cableWPlug,M*,E*,0.34,1122,,
80,WEEE_mechRec1_mechRec2,P*,cableWithConnector,M*,E*,WEEE_categ_mechRec1,WEEE_Cat4a,cableWithConnector,M*,E*,0.46,1122,,
81,WEEE_mechRec1_mechRec2,P*,cables,M*,E*,WEEE_categ_mechRec1,WEEE_Cat5,cables,M*,E*,0.47,1122,,
82,WEEE_mechRec1_mechRec2,P*,cablewire,M*,E*,WEEE_categ_mechRec1,WEEE_Cat4b,cablewire,M*,E*,0.07,1122,,
83,WEEE_mechRec1_mechRec2,P*,capElectrolytic,M*,E*,WEEE_categ_mechRec1,WEEE_Cat3,capElectrolytic,M*,E*,0.19,1122,,
84,WEEE_mechRec1_mechRec2,P*,casingPlasticBased,M*,E*,WEEE_categ_mechRec1,WEEE_Cat1,casingPlasticBased,M*,E*,0.35,1122,,
85,WEEE_mechRec1_mechRec2,P*,casingSteelBased,M*,E*,WEEE_categ_mechRec1,WEEE_Cat6,casingSteelBased,M*,E*,0.09,1122,,
86,WEEE_mechRec1_mechRec2,P*,casingUnspecified,M*,E*,WEEE_categ_mechRec1,WEEE_Cat2,casingUnspecified,M*,E*,0.11,1122,,
87,WEEE_mechRec1_mechRec2,P*,coldCathodeLamp,M*,E*,WEEE_categ_mechRec1,WEEE_Cat4a,coldCathodeLamp,M*,E*,0.26,1122,,
88,WEEE_mechRec1_mechRec2,P*,compContainHazardSubst,M*,E*,WEEE_categ_mechRec1,WEEE_Cat5,compContainHazardSubst,M*,E*,0.41,1122,,
89,WEEE_mechRec1_mechRec2,P*,compressor,M*,E*,WEEE_categ_mechRec1,WEEE_Cat4b,compressor,M*,E*,0.46,1122,,
90,WEEE_mechRec1_mechRec2,P*,condensator,M*,E*,WEEE_categ_mechRec1,WEEE_Cat3,condensator,M*,E*,0.12,1122,,
91,WEEE_mechRec1_mechRec2,P*,contactor,M*,E*,WEEE_categ_mechRec1,WEEE_Cat1,contactor,M*,E*,0.56,1122,,
92,WEEE_mechRec1_mechRec2,P*,displayCRT,M*,E*,WEEE_categ_mechRec1,WEEE_Cat6,displayCRT,M*,E*,0.18,1122,,
93,WEEE_mechRec1_mechRec2,P*,displayLCD,M*,E*,WEEE_categ_mechRec1,WEEE_Cat2,displayLCD,M*,E*,0.58,1122,,
94,WEEE_mechRec1_mechRec2,P*,displayLCDunder100cm2,M*,E*,WEEE_categ_mechRec1,WEEE_Cat4a,displayLCDunder100cm2,M*,E*,0.07,1122,,
95,WEEE_mechRec1_mechRec2,P*,displayOther,M*,E*,WEEE_categ_mechRec1,WEEE_Cat5,displayOther,M*,E*,0.07,1122,,
96,WEEE_mechRec1_mechRec2,P*,displayPlasma,M*,E*,WEEE_categ_mechRec1,WEEE_Cat4b,displayPlasma,M*,E*,0.07,1122,,
97,WEEE_mechRec1_mechRec2,P*,driveCDDExt,M*,E*,WEEE_categ_mechRec1,WEEE_Cat3,driveCDDExt,M*,E*,0.28,1122,,
98,WEEE_mechRec1_mechRec2,P*,driveCDDInt,M*,E*,WEEE_categ_mechRec1,WEEE_Cat1,driveCDDInt,M*,E*,0.54,1122,,
99,WEEE_mechRec1_mechRec2,P*,driveFDD,M*,E*,WEEE_categ_mechRec1,WEEE_Cat6,driveFDD,M*,E*,0.36,1122,,
100,WEEE_mechRec1_mechRec2,P*,driveHDD,M*,E*,WEEE_categ_mechRec1,WEEE_Cat2,driveHDD,M*,E*,0.28,1122,,
101,WEEE_mechRec1_mechRec2,P*,driveUnspecified,M*,E*,WEEE_categ_mechRec1,WEEE_Cat4a,driveUnspecified,M*,E*,0.1,1122,,
102,WEEE_mechRec1_mechRec2,P*,electricEngine,M*,E*,WEEE_categ_mechRec1,WEEE_Cat5,electricEngine,M*,E*,0.19,1122,,
103,WEEE_mechRec1_mechRec2,P*,filterFoamBased,M*,E*,WEEE_categ_mechRec1,WEEE_Cat4b,filterFoamBased,M*,E*,0.21,1122,,
104,WEEE_mechRec1_mechRec2,P*,fuse,M*,E*,WEEE_categ_mechRec1,WEEE_Cat3,fuse,M*,E*,0.33,1122,,
105,WEEE_mechRec1_mechRec2,P*,gear,M*,E*,WEEE_categ_mechRec1,WEEE_Cat1,gear,M*,E*,0.17,1122,,
106,WEEE_mechRec1_mechRec2,P*,heatingCoolingEEEairCondenser,M*,E*,WEEE_categ_mechRec1,WEEE_Cat6,heatingCoolingEEEairCondenser,M*,E*,0.18,1122,,
107,WEEE_mechRec1_mechRec2,P*,heatingCoolingEEEfan,M*,E*,WEEE_categ_mechRec1,WEEE_Cat2,heatingCoolingEEEfan,M*,E*,0.4,1122,,
108,WEEE_mechRec1_mechRec2,P*,heatingCoolingEEEheatSink,M*,E*,WEEE_categ_mechRec1,WEEE_Cat4a,heatingCoolingEEEheatSink,M*,E*,0.22,1122,,
109,WEEE_mechRec1_mechRec2,P*,inductor,M*,E*,WEEE_categ_mechRec1,WEEE_Cat5,inductor,M*,E*,0.46,1122,,
110,WEEE_mechRec1_mechRec2,P*,insulation,M*,E*,WEEE_categ_mechRec1,WEEE_Cat4b,insulation,M*,E*,0.3,1122,,
111,WEEE_mechRec1_mechRec2,P*,keyboard,M*,E*,WEEE_categ_mechRec1,WEEE_Cat3,keyboard,M*,E*,0.42,1122,,
112,WEEE_mechRec1_mechRec2,P*,knob,M*,E*,WEEE_categ_mechRec1,WEEE_Cat1,knob,M*,E*,0.11,1122,,
113,WEEE_mechRec1_mechRec2,P*,lenseAssembly,M*,E*,WEEE_categ_mechRec1,WEEE_Cat6,lenseAssembly,M*,E*,0.28,1122,,
114,WEEE_mechRec1_mechRec2,P*,lighting,M*,E*,WEEE_categ_mechRec1,WEEE_Cat2,lighting,M*,E*,0.58,1122,,
115,WEEE_mechRec1_mechRec2,P*,lightingFlash,M*,E*,WEEE_categ_mechRec1,WEEE_Cat4a,lightingFlash,M*,E*,0.4,1122,,
116,WEEE_mechRec1_mechRec2,P*,magnetPermanent,M*,E*,WEEE_categ_mechRec1,WEEE_Cat5,magnetPermanent,M*,E*,0.48,1122,,
117,WEEE_mechRec1_mechRec2,P*,magnetron,M*,E*,WEEE_categ_mechRec1,WEEE_Cat4b,magnetron,M*,E*,0.33,1122,,
118,WEEE_mechRec1_mechRec2,P*,mainboardInclCPUgpu,M*,E*,WEEE_categ_mechRec1,WEEE_Cat3,mainboardInclCPUgpu,M*,E*,0.58,1122,,
119,WEEE_mechRec1_mechRec2,P*,non-electricCoil,M*,E*,WEEE_categ_mechRec1,WEEE_Cat1,non-electricCoil,M*,E*,0.3,1122,,
120,WEEE_mechRec1_mechRec2,P*,nonElectricCoil,M*,E*,WEEE_categ_mechRec1,WEEE_Cat6,nonElectricCoil,M*,E*,0.56,1122,,
121,WEEE_mechRec1_mechRec2,P*,onOffSwitch,M*,E*,WEEE_categ_mechRec1,WEEE_Cat2,onOffSwitch,M*,E*,0.31,1122,,
122,WEEE_mechRec1_mechRec2,P*,otherElectricCompUnspecified,M*,E*,WEEE_categ_mechRec1,WEEE_Cat4a,otherElectricCompUnspecified,M*,E*,0.09,1122,,
123,WEEE_mechRec1_mechRec2,P*,otherNonElectricCompUnspecified,M*,E*,WEEE_categ_mechRec1,WEEE_Cat5,otherNonElectricCompUnspecified,M*,E*,0.17,1122,,
124,WEEE_mechRec1_mechRec2,P*,passiveJunctionBox,M*,E*,WEEE_categ_mechRec1,WEEE_Cat4b,passiveJunctionBox,M*,E*,0.57,1122,,
125,WEEE_mechRec1_mechRec2,P*,plug,M*,E*,WEEE_categ_mechRec1,WEEE_Cat3,plug,M*,E*,0.3,1122,,
126,WEEE_mechRec1_mechRec2,P*,powerSupply,M*,E*,WEEE_categ_mechRec1,WEEE_Cat1,powerSupply,M*,E*,0.42,1122,,
127,WEEE_mechRec1_mechRec2,P*,printedCircuitBoard,M*,E*,WEEE_categ_mechRec1,WEEE_Cat6,printedCircuitBoard,M*,E*,0.15,1122,,
128,WEEE_mechRec1_mechRec2,P*,pump,M*,E*,WEEE_categ_mechRec1,WEEE_Cat2,pump,M*,E*,0.05,1122,,
129,WEEE_mechRec1_mechRec2,P*,refrigerant,M*,E*,WEEE_categ_mechRec1,WEEE_Cat4a,refrigerant,M*,E*,0.25,1122,,
130,WEEE_mechRec1_mechRec2,P*,remoteControl,M*,E*,WEEE_categ_mechRec1,WEEE_Cat5,remoteControl,M*,E*,0.51,1122,,
131,WEEE_mechRec1_mechRec2,P*,resistor,M*,E*,WEEE_categ_mechRec1,WEEE_Cat4b,resistor,M*,E*,0.25,1122,,
132,WEEE_mechRec1_mechRec2,P*,rotor,M*,E*,WEEE_categ_mechRec1,WEEE_Cat3,rotor,M*,E*,0.3,1122,,
133,WEEE_mechRec1_mechRec2,P*,screw,M*,E*,WEEE_categ_mechRec1,WEEE_Cat1,screw,M*,E*,0.4,1122,,
134,WEEE_mechRec1_mechRec2,P*,sensorUnspecified,M*,E*,WEEE_categ_mechRec1,WEEE_Cat6,sensorUnspecified,M*,E*,0.28,1122,,
135,WEEE_mechRec1_mechRec2,P*,shadowComponentWEEE,M*,E*,WEEE_categ_mechRec1,WEEE_Cat2,shadowComponentWEEE,M*,E*,0.51,1122,,
136,WEEE_mechRec1_mechRec2,P*,solenoidValve,M*,E*,WEEE_categ_mechRec1,WEEE_Cat4a,solenoidValve,M*,E*,0.2,1122,,
137,WEEE_mechRec1_mechRec2,P*,speakerEEE2,M*,E*,WEEE_categ_mechRec1,WEEE_Cat5,speakerEEE2,M*,E*,0.1,1122,,
138,WEEE_mechRec1_mechRec2,P*,switch,M*,E*,WEEE_categ_mechRec1,WEEE_Cat4b,switch,M*,E*,0.25,1122,,
139,WEEE_mechRec1_mechRec2,P*,tonerCartridge,M*,E*,WEEE_categ_mechRec1,WEEE_Cat3,tonerCartridge,M*,E*,0.27,1122,,
140,WEEE_mechRec1_mechRec2,P*,transformator,M*,E*,WEEE_categ_mechRec1,WEEE_Cat4a,transformator,M*,E*,0.58,1122,,
141,WEEE_mechRec1_mechRec2,P*,transmission,M*,E*,WEEE_categ_mechRec1,WEEE_Cat5,transmission,M*,E*,0.34,1122,,
142,WEEE_mechRec1_mechRec2,P*,transmitter,M*,E*,WEEE_categ_mechRec1,WEEE_Cat4b,transmitter,M*,E*,0.19,1122,,
143,WEEE_mechRec1_mechRec2,P*,wheel,M*,E*,WEEE_categ_mechRec1,WEEE_Cat3,wheel,M*,E*,0.17,1122,,
144,WEEE_2RM_mechRec1Smelter_other,P*,ComponentShadowWEEE,M*,E*,WEEE_categ_mechRec1,WEEE_Cat1,ComponentShadowWEEE,M*,E*,0.59,1122,,
145,WEEE_2RM_mechRec1Smelter_other,P*,ConductivitySensor,M*,E*,WEEE_categ_mechRec1,WEEE_Cat6,ConductivitySensor,M*,E*,0.4,1122,,
146,WEEE_2RM_mechRec1Smelter_other,P*,LED,M*,E*,WEEE_categ_mechRec1,WEEE_Cat2,LED,M*,E*,0.09,1122,,
147,WEEE_2RM_mechRec1Smelter_other,P*,LidarSensor (&lt;15cm),M*,E*,WEEE_categ_mechRec1,WEEE_Cat4a,LidarSensor (&lt;15cm),M*,E*,0.23,1122,,
148,WEEE_2RM_mechRec1Smelter_other,P*,MagnetSensor,M*,E*,WEEE_categ_mechRec1,WEEE_Cat5,MagnetSensor,M*,E*,0.26,1122,,
149,WEEE_2RM_mechRec1Smelter_other,P*,PCBWEEECat,M*,E*,WEEE_categ_mechRec1,WEEE_Cat4b,PCBWEEECat,M*,E*,0.33,1122,,
150,WEEE_2RM_mechRec1Smelter_other,P*,PCBunspecified,M*,E*,WEEE_categ_mechRec1,WEEE_Cat3,PCBunspecified,M*,E*,0.2,1122,,
151,WEEE_2RM_mechRec1Smelter_other,P*,PVBacksheet,M*,E*,WEEE_categ_mechRec1,WEEE_Cat1,PVBacksheet,M*,E*,0.22,1122,,
152,WEEE_2RM_mechRec1Smelter_other,P*,PVEncapsulationEVA,M*,E*,WEEE_categ_mechRec1,WEEE_Cat6,PVEncapsulationEVA,M*,E*,0.52,1122,,
153,WEEE_2RM_mechRec1Smelter_other,P*,PVFrameAl,M*,E*,WEEE_categ_mechRec1,WEEE_Cat2,PVFrameAl,M*,E*,0.12,1122,,
154,WEEE_2RM_mechRec1Smelter_other,P*,PVSolarGlass,M*,E*,WEEE_categ_mechRec1,WEEE_Cat4a,PVSolarGlass,M*,E*,0.27,1122,,
155,WEEE_2RM_mechRec1Smelter_other,P*,PVcellSi,M*,E*,WEEE_categ_mechRec1,WEEE_Cat5,PVcellSi,M*,E*,0.35,1122,,
156,WEEE_2RM_mechRec1Smelter_other,P*,WEEEEvaporator,M*,E*,WEEE_categ_mechRec1,WEEE_Cat4b,WEEEEvaporator,M*,E*,0.17,1122,,
157,WEEE_2RM_mechRec1Smelter_other,P*,brush,M*,E*,WEEE_categ_mechRec1,WEEE_Cat3,brush,M*,E*,0.33,1122,,
158,WEEE_2RM_mechRec1Smelter_other,P*,cableUnspecified,M*,E*,WEEE_categ_mechRec1,WEEE_Cat1,cableUnspecified,M*,E*,0.41,1122,,
159,WEEE_2RM_mechRec1Smelter_other,P*,cableWOPlug,M*,E*,WEEE_categ_mechRec1,WEEE_Cat6,cableWOPlug,M*,E*,0.31,1122,,
160,WEEE_2RM_mechRec1Smelter_other,P*,cableWPlug,M*,E*,WEEE_categ_mechRec1,WEEE_Cat2,cableWPlug,M*,E*,0.34,1122,,
161,WEEE_2RM_mechRec1Smelter_other,P*,cableWithConnector,M*,E*,WEEE_categ_mechRec1,WEEE_Cat4a,cableWithConnector,M*,E*,0.55,1122,,
162,WEEE_2RM_mechRec1Smelter_other,P*,cables,M*,E*,WEEE_categ_mechRec1,WEEE_Cat5,cables,M*,E*,0.26,1122,,
163,WEEE_2RM_mechRec1Smelter_other,P*,cablewire,M*,E*,WEEE_categ_mechRec1,WEEE_Cat4b,cablewire,M*,E*,0.19,1122,,
164,WEEE_2RM_mechRec1Smelter_other,P*,capElectrolytic,M*,E*,WEEE_categ_mechRec1,WEEE_Cat3,capElectrolytic,M*,E*,0.16,1122,,
165,WEEE_2RM_mechRec1Smelter_other,P*,casingPlasticBased,M*,E*,WEEE_categ_mechRec1,WEEE_Cat1,casingPlasticBased,M*,E*,0.12,1122,,
166,WEEE_2RM_mechRec1Smelter_other,P*,casingSteelBased,M*,E*,WEEE_categ_mechRec1,WEEE_Cat6,casingSteelBased,M*,E*,0.46,1122,,
167,WEEE_2RM_mechRec1Smelter_other,P*,casingUnspecified,M*,E*,WEEE_categ_mechRec1,WEEE_Cat2,casingUnspecified,M*,E*,0.16,1122,,
168,WEEE_2RM_mechRec1Smelter_other,P*,coldCathodeLamp,M*,E*,WEEE_categ_mechRec1,WEEE_Cat4a,coldCathodeLamp,M*,E*,0.53,1122,,
169,WEEE_2RM_mechRec1Smelter_other,P*,compContainHazardSubst,M*,E*,WEEE_categ_mechRec1,WEEE_Cat5,compContainHazardSubst,M*,E*,0.55,1122,,
170,WEEE_2RM_mechRec1Smelter_other,P*,compressor,M*,E*,WEEE_categ_mechRec1,WEEE_Cat4b,compressor,M*,E*,0.52,1122,,
171,WEEE_2RM_mechRec1Smelter_other,P*,condensator,M*,E*,WEEE_categ_mechRec1,WEEE_Cat3,condensator,M*,E*,0.16,1122,,
172,WEEE_2RM_mechRec1Smelter_other,P*,contactor,M*,E*,WEEE_categ_mechRec1,WEEE_Cat1,contactor,M*,E*,0.59,1122,,
173,WEEE_2RM_mechRec1Smelter_other,P*,displayCRT,M*,E*,WEEE_categ_mechRec1,WEEE_Cat6,displayCRT,M*,E*,0.54,1122,,
174,WEEE_2RM_mechRec1Smelter_other,P*,displayLCD,M*,E*,WEEE_categ_mechRec1,WEEE_Cat2,displayLCD,M*,E*,0.2,1122,,
175,WEEE_2RM_mechRec1Smelter_other,P*,displayLCDunder100cm2,M*,E*,WEEE_categ_mechRec1,WEEE_Cat4a,displayLCDunder100cm2,M*,E*,0.34,1122,,
176,WEEE_2RM_mechRec1Smelter_other,P*,displayOther,M*,E*,WEEE_categ_mechRec1,WEEE_Cat5,displayOther,M*,E*,0.53,1122,,
177,WEEE_2RM_mechRec1Smelter_other,P*,displayPlasma,M*,E*,WEEE_categ_mechRec1,WEEE_Cat4b,displayPlasma,M*,E*,0.43,1122,,
178,WEEE_2RM_mechRec1Smelter_other,P*,driveCDDExt,M*,E*,WEEE_categ_mechRec1,WEEE_Cat3,driveCDDExt,M*,E*,0.05,1122,,
179,WEEE_2RM_mechRec1Smelter_other,P*,driveCDDInt,M*,E*,WEEE_categ_mechRec1,WEEE_Cat1,driveCDDInt,M*,E*,0.24,1122,,
180,WEEE_2RM_mechRec1Smelter_other,P*,driveFDD,M*,E*,WEEE_categ_mechRec1,WEEE_Cat6,driveFDD,M*,E*,0.08,1122,,
181,WEEE_2RM_mechRec1Smelter_other,P*,driveHDD,M*,E*,WEEE_categ_mechRec1,WEEE_Cat2,driveHDD,M*,E*,0.29,1122,,
182,WEEE_2RM_mechRec1Smelter_other,P*,driveUnspecified,M*,E*,WEEE_categ_mechRec1,WEEE_Cat4a,driveUnspecified,M*,E*,0.48,1122,,
183,WEEE_2RM_mechRec1Smelter_other,P*,electricEngine,M*,E*,WEEE_categ_mechRec1,WEEE_Cat5,electricEngine,M*,E*,0.59,1122,,
184,WEEE_2RM_mechRec1Smelter_other,P*,filterFoamBased,M*,E*,WEEE_categ_mechRec1,WEEE_Cat4b,filterFoamBased,M*,E*,0.32,1122,,
185,WEEE_2RM_mechRec1Smelter_other,P*,fuse,M*,E*,WEEE_categ_mechRec1,WEEE_Cat3,fuse,M*,E*,0.59,1122,,
186,WEEE_2RM_mechRec1Smelter_other,P*,gear,M*,E*,WEEE_categ_mechRec1,WEEE_Cat1,gear,M*,E*,0.2,1122,,
187,WEEE_2RM_mechRec1Smelter_other,P*,heatingCoolingEEEairCondenser,M*,E*,WEEE_categ_mechRec1,WEEE_Cat6,heatingCoolingEEEairCondenser,M*,E*,0.2,1122,,
188,WEEE_2RM_mechRec1Smelter_other,P*,heatingCoolingEEEfan,M*,E*,WEEE_categ_mechRec1,WEEE_Cat2,heatingCoolingEEEfan,M*,E*,0.09,1122,,
189,WEEE_2RM_mechRec1Smelter_other,P*,heatingCoolingEEEheatSink,M*,E*,WEEE_categ_mechRec1,WEEE_Cat4a,heatingCoolingEEEheatSink,M*,E*,0.5,1122,,
190,WEEE_2RM_mechRec1Smelter_other,P*,inductor,M*,E*,WEEE_categ_mechRec1,WEEE_Cat5,inductor,M*,E*,0.14,1122,,
191,WEEE_2RM_mechRec1Smelter_other,P*,insulation,M*,E*,WEEE_categ_mechRec1,WEEE_Cat4b,insulation,M*,E*,0.58,1122,,
192,WEEE_2RM_mechRec1Smelter_other,P*,keyboard,M*,E*,WEEE_categ_mechRec1,WEEE_Cat3,keyboard,M*,E*,0.37,1122,,
193,WEEE_2RM_mechRec1Smelter_other,P*,knob,M*,E*,WEEE_categ_mechRec1,WEEE_Cat1,knob,M*,E*,0.06,1122,,
194,WEEE_2RM_mechRec1Smelter_other,P*,lenseAssembly,M*,E*,WEEE_categ_mechRec1,WEEE_Cat6,lenseAssembly,M*,E*,0.44,1122,,
195,WEEE_2RM_mechRec1Smelter_other,P*,lighting,M*,E*,WEEE_categ_mechRec1,WEEE_Cat2,lighting,M*,E*,0.29,1122,,
196,WEEE_2RM_mechRec1Smelter_other,P*,lightingFlash,M*,E*,WEEE_categ_mechRec1,WEEE_Cat4a,lightingFlash,M*,E*,0.09,1122,,
197,WEEE_2RM_mechRec1Smelter_other,P*,magnetPermanent,M*,E*,WEEE_categ_mechRec1,WEEE_Cat5,magnetPermanent,M*,E*,0.44,1122,,
198,WEEE_2RM_mechRec1Smelter_other,P*,magnetron,M*,E*,WEEE_categ_mechRec1,WEEE_Cat4b,magnetron,M*,E*,0.14,1122,,
199,WEEE_2RM_mechRec1Smelter_other,P*,mainboardInclCPUgpu,M*,E*,WEEE_categ_mechRec1,WEEE_Cat3,mainboardInclCPUgpu,M*,E*,0.15,1122,,
200,WEEE_2RM_mechRec1Smelter_other,P*,non-electricCoil,M*,E*,WEEE_categ_mechRec1,WEEE_Cat1,non-electricCoil,M*,E*,0.46,1122,,
201,WEEE_2RM_mechRec1Smelter_other,P*,nonElectricCoil,M*,E*,WEEE_categ_mechRec1,WEEE_Cat6,nonElectricCoil,M*,E*,0.42,1122,,
202,WEEE_2RM_mechRec1Smelter_other,P*,onOffSwitch,M*,E*,WEEE_categ_mechRec1,WEEE_Cat2,onOffSwitch,M*,E*,0.23,1122,,
203,WEEE_2RM_mechRec1Smelter_other,P*,otherElectricCompUnspecified,M*,E*,WEEE_categ_mechRec1,WEEE_Cat4a,otherElectricCompUnspecified,M*,E*,0.44,1122,,
204,WEEE_2RM_mechRec1Smelter_other,P*,otherNonElectricCompUnspecified,M*,E*,WEEE_categ_mechRec1,WEEE_Cat5,otherNonElectricCompUnspecified,M*,E*,0.13,1122,,
205,WEEE_2RM_mechRec1Smelter_other,P*,passiveJunctionBox,M*,E*,WEEE_categ_mechRec1,WEEE_Cat4b,passiveJunctionBox,M*,E*,0.5,1122,,
206,WEEE_2RM_mechRec1Smelter_other,P*,plug,M*,E*,WEEE_categ_mechRec1,WEEE_Cat3,plug,M*,E*,0.52,1122,,
207,WEEE_2RM_mechRec1Smelter_other,P*,powerSupply,M*,E*,WEEE_categ_mechRec1,WEEE_Cat1,powerSupply,M*,E*,0.36,1122,,
208,WEEE_2RM_mechRec1Smelter_other,P*,printedCircuitBoard,M*,E*,WEEE_categ_mechRec1,WEEE_Cat6,printedCircuitBoard,M*,E*,0.33,1122,,
209,WEEE_2RM_mechRec1Smelter_other,P*,pump,M*,E*,WEEE_categ_mechRec1,WEEE_Cat2,pump,M*,E*,0.45,1122,,
210,WEEE_2RM_mechRec1Smelter_other,P*,refrigerant,M*,E*,WEEE_categ_mechRec1,WEEE_Cat4a,refrigerant,M*,E*,0.22,1122,,
211,WEEE_2RM_mechRec1Smelter_other,P*,remoteControl,M*,E*,WEEE_categ_mechRec1,WEEE_Cat5,remoteControl,M*,E*,0.46,1122,,
212,WEEE_2RM_mechRec1Smelter_other,P*,resistor,M*,E*,WEEE_categ_mechRec1,WEEE_Cat4b,resistor,M*,E*,0.59,1122,,
213,WEEE_2RM_mechRec1Smelter_other,P*,rotor,M*,E*,WEEE_categ_mechRec1,WEEE_Cat3,rotor,M*,E*,0.37,1122,,
214,WEEE_2RM_mechRec1Smelter_other,P*,screw,M*,E*,WEEE_categ_mechRec1,WEEE_Cat1,screw,M*,E*,0.49,1122,,
215,WEEE_2RM_mechRec1Smelter_other,P*,sensorUnspecified,M*,E*,WEEE_categ_mechRec1,WEEE_Cat6,sensorUnspecified,M*,E*,0.42,1122,,
216,WEEE_2RM_mechRec1Smelter_other,P*,shadowComponentWEEE,M*,E*,WEEE_categ_mechRec1,WEEE_Cat2,shadowComponentWEEE,M*,E*,0.42,1122,,
217,WEEE_2RM_mechRec1Smelter_other,P*,solenoidValve,M*,E*,WEEE_categ_mechRec1,WEEE_Cat4a,solenoidValve,M*,E*,0.19,1122,,
218,WEEE_2RM_mechRec1Smelter_other,P*,speakerEEE2,M*,E*,WEEE_categ_mechRec1,WEEE_Cat5,speakerEEE2,M*,E*,0.45,1122,,
219,WEEE_2RM_mechRec1Smelter_other,P*,switch,M*,E*,WEEE_categ_mechRec1,WEEE_Cat4b,switch,M*,E*,0.32,1122,,
220,WEEE_2RM_mechRec1Smelter_other,P*,tonerCartridge,M*,E*,WEEE_categ_mechRec1,WEEE_Cat3,tonerCartridge,M*,E*,0.19,1122,,
221,WEEE_2RM_mechRec1Smelter_other,P*,transformator,M*,E*,WEEE_categ_mechRec1,WEEE_Cat4a,transformator,M*,E*,0.2,1122,,
222,WEEE_2RM_mechRec1Smelter_other,P*,transmission,M*,E*,WEEE_categ_mechRec1,WEEE_Cat5,transmission,M*,E*,0.43,1122,,
223,WEEE_2RM_mechRec1Smelter_other,P*,transmitter,M*,E*,WEEE_categ_mechRec1,WEEE_Cat4b,transmitter,M*,E*,0.43,1122,,
224,WEEE_2RM_mechRec1Smelter_other,P*,wheel,M*,E*,WEEE_categ_mechRec1,WEEE_Cat3,wheel,M*,E*,0.42,1122,,
225,WEEE_2RM_mechRec2Smelter_other,P*,C*,AlAndAlAlloys,E*,WEEE_categ_mechRec2,WEEE_Cat1,C*,AlAndAlAlloys,E*,0.49,1212,,
226,WEEE_2RM_mechRec2Smelter_other,P*,C*,CuAndCuAlloys,E*,WEEE_categ_mechRec2,WEEE_Cat6,C*,CuAndCuAlloys,E*,0.5,1212,,
227,WEEE_2RM_mechRec2Smelter_other,P*,C*,MaterialShadowWEEE,E*,WEEE_categ_mechRec2,WEEE_Cat2,C*,MaterialShadowWEEE,E*,0.52,1212,,
228,WEEE_2RM_mechRec2Smelter_other,P*,C*,aggregateBinderMixedMaterials,E*,WEEE_categ_mechRec2,WEEE_Cat4a,C*,aggregateBinderMixedMaterials,E*,0.56,1212,,
229,WEEE_2RM_mechRec2Smelter_other,P*,C*,ferrousMetals,E*,WEEE_categ_mechRec2,WEEE_Cat5,C*,ferrousMetals,E*,0.32,1212,,
230,WEEE_2RM_mechRec2Smelter_other,P*,C*,glass,E*,WEEE_categ_mechRec2,WEEE_Cat4b,C*,glass,E*,0.23,1212,,
231,WEEE_2RM_mechRec2Smelter_other,P*,C*,glassAndCeramics,E*,WEEE_categ_mechRec2,WEEE_Cat3,C*,glassAndCeramics,E*,0.11,1212,,
232,WEEE_2RM_mechRec2Smelter_other,P*,C*,non-ferrousMetals,E*,WEEE_categ_mechRec2,WEEE_Cat1,C*,non-ferrousMetals,E*,0.54,1212,,
233,WEEE_2RM_mechRec2Smelter_other,P*,C*,otherMetalsAndMetalAlloys,E*,WEEE_categ_mechRec2,WEEE_Cat6,C*,otherMetalsAndMetalAlloys,E*,0.08,1212,,
234,WEEE_2RM_mechRec2Smelter_other,P*,C*,otherMinerals,E*,WEEE_categ_mechRec2,WEEE_Cat2,C*,otherMinerals,E*,0.2,1212,,
235,WEEE_2RM_mechRec2Smelter_other,P*,C*,otherOrUndefinedMaterials,E*,WEEE_categ_mechRec2,WEEE_Cat4a,C*,otherOrUndefinedMaterials,E*,0.49,1212,,
236,WEEE_2RM_mechRec2Smelter_other,P*,C*,otherOrganics,E*,WEEE_categ_mechRec2,WEEE_Cat5,C*,otherOrganics,E*,0.33,1212,,
237,WEEE_2RM_mechRec2Smelter_other,P*,C*,plastics,E*,WEEE_categ_mechRec2,WEEE_Cat4b,C*,plastics,E*,0.28,1212,,
238,WEEE_2RM_mechRec2Smelter_other,P*,C*,undefinedAndMixedMaterials,E*,WEEE_categ_mechRec2,WEEE_Cat3,C*,undefinedAndMixedMaterials,E*,0.58,1212,,
239,WEEE_2RM_mechRec2Smelter_other,P*,C*,wood,E*,WEEE_categ_mechRec2,WEEE_Cat1,C*,wood,E*,0.09,1212,,
240,WEEE_2RM_mechRec2Smelter_other,P*,C*,plasticComposites,E*,WEEE_categ_mechRec2,WEEE_Cat6,C*,plasticComposites,E*,0.26,1212,,
241,WEEE_2RM_mechRec2Smelter_other,P*,C*,steelAndSteelAlloys,E*,WEEE_categ_mechRec2,WEEE_Cat2,C*,steelAndSteelAlloys,E*,0.49,1212,,
242,WEEE_2RM_mechRec2Smelter_other,P*,C*,polymerPA6GF30,E*,WEEE_categ_mechRec2,WEEE_Cat4a,C*,polymerPA6GF30,E*,0.5,1212,,
243,WEEE_2RM_mechRec2Smelter_other,P*,C*,polymerPPGF30,E*,WEEE_categ_mechRec2,WEEE_Cat5,C*,polymerPPGF30,E*,0.2,1212,,
244,WEEE_2RM_mechRec2Smelter_other,P*,C*,polymerPPTF30,E*,WEEE_categ_mechRec2,WEEE_Cat4b,C*,polymerPPTF30,E*,0.15,1212,,
245,WEEE_2RM_mechRec2Smelter_other,P*,C*,AlAndAlAlloys,E*,WEEE_mechRec1_mechRec2,P*,ComponentShadowWEEE,AlAndAlAlloys,E*,0.53,1221,,
246,WEEE_2RM_mechRec2Smelter_other,P*,C*,CuAndCuAlloys,E*,WEEE_mechRec1_mechRec2,P*,ComponentShadowWEEE,CuAndCuAlloys,E*,0.25,1221,,
247,WEEE_2RM_mechRec2Smelter_other,P*,C*,MaterialShadowWEEE,E*,WEEE_mechRec1_mechRec2,P*,ComponentShadowWEEE,MaterialShadowWEEE,E*,0.52,1221,,
248,WEEE_2RM_mechRec2Smelter_other,P*,C*,aggregateBinderMixedMaterials,E*,WEEE_mechRec1_mechRec2,P*,ComponentShadowWEEE,aggregateBinderMixedMaterials,E*,0.11,1221,,
249,WEEE_2RM_mechRec2Smelter_other,P*,C*,ferrousMetals,E*,WEEE_mechRec1_mechRec2,P*,ComponentShadowWEEE,ferrousMetals,E*,0.06,1221,,
250,WEEE_2RM_mechRec2Smelter_other,P*,C*,glass,E*,WEEE_mechRec1_mechRec2,P*,ComponentShadowWEEE,glass,E*,0.43,1221,,
251,WEEE_2RM_mechRec2Smelter_other,P*,C*,glassAndCeramics,E*,WEEE_mechRec1_mechRec2,P*,ComponentShadowWEEE,glassAndCeramics,E*,0.08,1221,,
252,WEEE_2RM_mechRec2Smelter_other,P*,C*,non-ferrousMetals,E*,WEEE_mechRec1_mechRec2,P*,ComponentShadowWEEE,non-ferrousMetals,E*,0.13,1221,,
253,WEEE_2RM_mechRec2Smelter_other,P*,C*,otherMetalsAndMetalAlloys,E*,WEEE_mechRec1_mechRec2,P*,ComponentShadowWEEE,otherMetalsAndMetalAlloys,E*,0.27,1221,,
254,WEEE_2RM_mechRec2Smelter_other,P*,C*,otherMinerals,E*,WEEE_mechRec1_mechRec2,P*,ComponentShadowWEEE,otherMinerals,E*,0.13,1221,,
255,WEEE_2RM_mechRec2Smelter_other,P*,C*,otherOrUndefinedMaterials,E*,WEEE_mechRec1_mechRec2,P*,ComponentShadowWEEE,otherOrUndefinedMaterials,E*,0.26,1221,,
256,WEEE_2RM_mechRec2Smelter_other,P*,C*,otherOrganics,E*,WEEE_mechRec1_mechRec2,P*,ComponentShadowWEEE,otherOrganics,E*,0.13,1221,,
257,WEEE_2RM_mechRec2Smelter_other,P*,C*,plastics,E*,WEEE_mechRec1_mechRec2,P*,ComponentShadowWEEE,plastics,E*,0.45,1221,,
258,WEEE_2RM_mechRec2Smelter_other,P*,C*,undefinedAndMixedMaterials,E*,WEEE_mechRec1_mechRec2,P*,ComponentShadowWEEE,undefinedAndMixedMaterials,E*,0.21,1221,,
259,WEEE_2RM_mechRec2Smelter_other,P*,C*,wood,E*,WEEE_mechRec1_mechRec2,P*,ComponentShadowWEEE,wood,E*,0.11,1221,,
260,WEEE_2RM_mechRec2Smelter_other,P*,C*,CuAndCuAlloys,E*,WEEE_mechRec1_mechRec2,P*,ConductivitySensor,CuAndCuAlloys,E*,0.53,1221,,
261,WEEE_2RM_mechRec2Smelter_other,P*,C*,ferrousMetals,E*,WEEE_mechRec1_mechRec2,P*,ConductivitySensor,ferrousMetals,E*,0.2,1221,,
262,WEEE_2RM_mechRec2Smelter_other,P*,C*,AlAndAlAlloys,E*,WEEE_mechRec1_mechRec2,P*,LidarSensor (&lt;15cm),AlAndAlAlloys,E*,0.09,1221,,
263,WEEE_2RM_mechRec2Smelter_other,P*,C*,CuAndCuAlloys,E*,WEEE_mechRec1_mechRec2,P*,LidarSensor (&lt;15cm),CuAndCuAlloys,E*,0.14,1221,,
264,WEEE_2RM_mechRec2Smelter_other,P*,C*,ferrousMetals,E*,WEEE_mechRec1_mechRec2,P*,LidarSensor (&lt;15cm),ferrousMetals,E*,0.59,1221,,
265,WEEE_2RM_mechRec2Smelter_other,P*,C*,glass,E*,WEEE_mechRec1_mechRec2,P*,LidarSensor (&lt;15cm),glass,E*,0.57,1221,,
266,WEEE_2RM_mechRec2Smelter_other,P*,C*,plastics,E*,WEEE_mechRec1_mechRec2,P*,LidarSensor (&lt;15cm),plastics,E*,0.47,1221,,
267,WEEE_2RM_mechRec2Smelter_other,P*,C*,CuAndCuAlloys,E*,WEEE_mechRec1_mechRec2,P*,MagnetSensor,CuAndCuAlloys,E*,0.57,1221,,
268,WEEE_2RM_mechRec2Smelter_other,P*,C*,ferrousMetals,E*,WEEE_mechRec1_mechRec2,P*,MagnetSensor,ferrousMetals,E*,0.46,1221,,
269,WEEE_2RM_mechRec2Smelter_other,P*,C*,plastics,E*,WEEE_mechRec1_mechRec2,P*,MagnetSensor,plastics,E*,0.19,1221,,
270,WEEE_2RM_mechRec2Smelter_other,P*,C*,otherOrUndefinedMaterials,E*,WEEE_mechRec1_mechRec2,P*,PCBWEEECat,otherOrUndefinedMaterials,E*,0.58,1221,,
271,WEEE_2RM_mechRec2Smelter_other,P*,C*,ferrousMetals,E*,WEEE_mechRec1_mechRec2,P*,PCBunspecified,ferrousMetals,E*,0.14,1221,,
272,WEEE_2RM_mechRec2Smelter_other,P*,C*,plasticComposites,E*,WEEE_mechRec1_mechRec2,P*,PVBacksheet,plasticComposites,E*,0.56,1221,,
273,WEEE_2RM_mechRec2Smelter_other,P*,C*,plastics,E*,WEEE_mechRec1_mechRec2,P*,PVBacksheet,plastics,E*,0.45,1221,,
274,WEEE_2RM_mechRec2Smelter_other,P*,C*,plastics,E*,WEEE_mechRec1_mechRec2,P*,PVEncapsulationEVA,plastics,E*,0.35,1221,,
275,WEEE_2RM_mechRec2Smelter_other,P*,C*,CuAndCuAlloys,E*,WEEE_mechRec1_mechRec2,P*,PVFrameAl,CuAndCuAlloys,E*,0.52,1221,,
276,WEEE_2RM_mechRec2Smelter_other,P*,C*,glass,E*,WEEE_mechRec1_mechRec2,P*,PVSolarGlass,glass,E*,0.13,1221,,
277,WEEE_2RM_mechRec2Smelter_other,P*,C*,otherOrUndefinedMaterials,E*,WEEE_mechRec1_mechRec2,P*,PVcellSi,otherOrUndefinedMaterials,E*,0.31,1221,,
278,WEEE_2RM_mechRec2Smelter_other,P*,C*,CuAndCuAlloys,E*,WEEE_mechRec1_mechRec2,P*,WEEEEvaporator,CuAndCuAlloys,E*,0.53,1221,,
279,WEEE_2RM_mechRec2Smelter_other,P*,C*,steelAndSteelAlloys,E*,WEEE_mechRec1_mechRec2,P*,WEEEEvaporator,steelAndSteelAlloys,E*,0.41,1221,,
280,WEEE_2RM_mechRec2Smelter_other,P*,C*,AlAndAlAlloys,E*,WEEE_mechRec1_mechRec2,P*,brush,AlAndAlAlloys,E*,0.22,1221,,
281,WEEE_2RM_mechRec2Smelter_other,P*,C*,ferrousMetals,E*,WEEE_mechRec1_mechRec2,P*,brush,ferrousMetals,E*,0.28,1221,,
282,WEEE_2RM_mechRec2Smelter_other,P*,C*,plastics,E*,WEEE_mechRec1_mechRec2,P*,brush,plastics,E*,0.18,1221,,
283,WEEE_2RM_mechRec2Smelter_other,P*,C*,AlAndAlAlloys,E*,WEEE_mechRec1_mechRec2,P*,cableUnspecified,AlAndAlAlloys,E*,0.58,1221,,
284,WEEE_2RM_mechRec2Smelter_other,P*,C*,CuAndCuAlloys,E*,WEEE_mechRec1_mechRec2,P*,cableUnspecified,CuAndCuAlloys,E*,0.09,1221,,
285,WEEE_2RM_mechRec2Smelter_other,P*,C*,ferrousMetals,E*,WEEE_mechRec1_mechRec2,P*,cableUnspecified,ferrousMetals,E*,0.52,1221,,
286,WEEE_2RM_mechRec2Smelter_other,P*,C*,plastics,E*,WEEE_mechRec1_mechRec2,P*,cableUnspecified,plastics,E*,0.28,1221,,
287,WEEE_2RM_mechRec2Smelter_other,P*,C*,AlAndAlAlloys,E*,WEEE_mechRec1_mechRec2,P*,cableWPlug,AlAndAlAlloys,E*,0.3,1221,,
288,WEEE_2RM_mechRec2Smelter_other,P*,C*,ferrousMetals,E*,WEEE_mechRec1_mechRec2,P*,cableWPlug,ferrousMetals,E*,0.48,1221,,
289,WEEE_2RM_mechRec2Smelter_other,P*,C*,plastics,E*,WEEE_mechRec1_mechRec2,P*,cableWPlug,plastics,E*,0.18,1221,,
290,WEEE_2RM_mechRec2Smelter_other,P*,C*,CuAndCuAlloys,E*,WEEE_mechRec1_mechRec2,P*,cableWithConnector,CuAndCuAlloys,E*,0.56,1221,,
291,WEEE_2RM_mechRec2Smelter_other,P*,C*,otherOrUndefinedMaterials,E*,WEEE_mechRec1_mechRec2,P*,cables,otherOrUndefinedMaterials,E*,0.27,1221,,
292,WEEE_2RM_mechRec2Smelter_other,P*,C*,AlAndAlAlloys,E*,WEEE_mechRec1_mechRec2,P*,cablewire,AlAndAlAlloys,E*,0.52,1221,,
293,WEEE_2RM_mechRec2Smelter_other,P*,C*,CuAndCuAlloys,E*,WEEE_mechRec1_mechRec2,P*,cablewire,CuAndCuAlloys,E*,0.51,1221,,
294,WEEE_2RM_mechRec2Smelter_other,P*,C*,ferrousMetals,E*,WEEE_mechRec1_mechRec2,P*,cablewire,ferrousMetals,E*,0.56,1221,,
295,WEEE_2RM_mechRec2Smelter_other,P*,C*,plastics,E*,WEEE_mechRec1_mechRec2,P*,cablewire,plastics,E*,0.17,1221,,
296,WEEE_2RM_mechRec2Smelter_other,P*,C*,CuAndCuAlloys,E*,WEEE_mechRec1_mechRec2,P*,capElectrolytic,CuAndCuAlloys,E*,0.46,1221,,
297,WEEE_2RM_mechRec2Smelter_other,P*,C*,undefinedAndMixedMaterials,E*,WEEE_mechRec1_mechRec2,P*,capElectrolytic,undefinedAndMixedMaterials,E*,0.08,1221,,
298,WEEE_2RM_mechRec2Smelter_other,P*,C*,AlAndAlAlloys,E*,WEEE_mechRec1_mechRec2,P*,casingPlasticBased,AlAndAlAlloys,E*,0.25,1221,,
299,WEEE_2RM_mechRec2Smelter_other,P*,C*,CuAndCuAlloys,E*,WEEE_mechRec1_mechRec2,P*,casingPlasticBased,CuAndCuAlloys,E*,0.35,1221,,
300,WEEE_2RM_mechRec2Smelter_other,P*,C*,ferrousMetals,E*,WEEE_mechRec1_mechRec2,P*,casingPlasticBased,ferrousMetals,E*,0.13,1221,,
301,WEEE_2RM_mechRec2Smelter_other,P*,C*,otherOrganics,E*,WEEE_mechRec1_mechRec2,P*,casingPlasticBased,otherOrganics,E*,0.13,1221,,
302,WEEE_2RM_mechRec2Smelter_other,P*,C*,plastics,E*,WEEE_mechRec1_mechRec2,P*,casingPlasticBased,plastics,E*,0.44,1221,,
303,WEEE_2RM_mechRec2Smelter_other,P*,C*,polymerPA6GF30,E*,WEEE_mechRec1_mechRec2,P*,casingPlasticBased,polymerPA6GF30,E*,0.56,1221,,
304,WEEE_2RM_mechRec2Smelter_other,P*,C*,polymerPPGF30,E*,WEEE_mechRec1_mechRec2,P*,casingPlasticBased,polymerPPGF30,E*,0.26,1221,,
305,WEEE_2RM_mechRec2Smelter_other,P*,C*,polymerPPTF30,E*,WEEE_mechRec1_mechRec2,P*,casingPlasticBased,polymerPPTF30,E*,0.08,1221,,
306,WEEE_2RM_mechRec2Smelter_other,P*,C*,undefinedAndMixedMaterials,E*,WEEE_mechRec1_mechRec2,P*,casingPlasticBased,undefinedAndMixedMaterials,E*,0.36,1221,,
307,WEEE_2RM_mechRec2Smelter_other,P*,C*,ferrousMetals,E*,WEEE_mechRec1_mechRec2,P*,casingSteelBased,ferrousMetals,E*,0.08,1221,,
308,WEEE_2RM_mechRec2Smelter_other,P*,C*,AlAndAlAlloys,E*,WEEE_mechRec1_mechRec2,P*,casingUnspecified,AlAndAlAlloys,E*,0.29,1221,,
309,WEEE_2RM_mechRec2Smelter_other,P*,C*,CuAndCuAlloys,E*,WEEE_mechRec1_mechRec2,P*,casingUnspecified,CuAndCuAlloys,E*,0.54,1221,,
310,WEEE_2RM_mechRec2Smelter_other,P*,C*,ferrousMetals,E*,WEEE_mechRec1_mechRec2,P*,casingUnspecified,ferrousMetals,E*,0.12,1221,,
311,WEEE_2RM_mechRec2Smelter_other,P*,C*,glass,E*,WEEE_mechRec1_mechRec2,P*,casingUnspecified,glass,E*,0.14,1221,,
312,WEEE_2RM_mechRec2Smelter_other,P*,C*,otherMetalsAndMetalAlloys,E*,WEEE_mechRec1_mechRec2,P*,casingUnspecified,otherMetalsAndMetalAlloys,E*,0.31,1221,,
313,WEEE_2RM_mechRec2Smelter_other,P*,C*,plastics,E*,WEEE_mechRec1_mechRec2,P*,casingUnspecified,plastics,E*,0.47,1221,,
314,WEEE_2RM_mechRec2Smelter_other,P*,C*,undefinedAndMixedMaterials,E*,WEEE_mechRec1_mechRec2,P*,casingUnspecified,undefinedAndMixedMaterials,E*,0.2,1221,,
315,WEEE_2RM_mechRec2Smelter_other,P*,C*,CuAndCuAlloys,E*,WEEE_mechRec1_mechRec2,P*,compressor,CuAndCuAlloys,E*,0.29,1221,,
316,WEEE_2RM_mechRec2Smelter_other,P*,C*,glass,E*,WEEE_mechRec1_mechRec2,P*,compressor,glass,E*,0.07,1221,,
317,WEEE_2RM_mechRec2Smelter_other,P*,C*,otherFerrousAlloys,E*,WEEE_mechRec1_mechRec2,P*,compressor,otherFerrousAlloys,E*,0.23,1221,,
318,WEEE_2RM_mechRec2Smelter_other,P*,C*,otherOrUndefinedMaterials,E*,WEEE_mechRec1_mechRec2,P*,compressor,otherOrUndefinedMaterials,E*,0.07,1221,,
319,WEEE_2RM_mechRec2Smelter_other,P*,C*,plastics,E*,WEEE_mechRec1_mechRec2,P*,compressor,plastics,E*,0.31,1221,,
320,WEEE_2RM_mechRec2Smelter_other,P*,C*,steelAndSteelAlloys,E*,WEEE_mechRec1_mechRec2,P*,compressor,steelAndSteelAlloys,E*,0.42,1221,,
321,WEEE_2RM_mechRec2Smelter_other,P*,C*,AlAndAlAlloys,E*,WEEE_mechRec1_mechRec2,P*,displayCRT,AlAndAlAlloys,E*,0.28,1221,,
322,WEEE_2RM_mechRec2Smelter_other,P*,C*,glass,E*,WEEE_mechRec1_mechRec2,P*,displayCRT,glass,E*,0.23,1221,,
323,WEEE_2RM_mechRec2Smelter_other,P*,C*,AlAndAlAlloys,E*,WEEE_mechRec1_mechRec2,P*,displayLCD,AlAndAlAlloys,E*,0.12,1221,,
324,WEEE_2RM_mechRec2Smelter_other,P*,C*,CuAndCuAlloys,E*,WEEE_mechRec1_mechRec2,P*,displayLCD,CuAndCuAlloys,E*,0.38,1221,,
325,WEEE_2RM_mechRec2Smelter_other,P*,C*,ferrousMetals,E*,WEEE_mechRec1_mechRec2,P*,displayLCD,ferrousMetals,E*,0.35,1221,,
326,WEEE_2RM_mechRec2Smelter_other,P*,C*,glass,E*,WEEE_mechRec1_mechRec2,P*,displayLCD,glass,E*,0.39,1221,,
327,WEEE_2RM_mechRec2Smelter_other,P*,C*,plastics,E*,WEEE_mechRec1_mechRec2,P*,displayLCD,plastics,E*,0.22,1221,,
328,WEEE_2RM_mechRec2Smelter_other,P*,C*,undefinedAndMixedMaterials,E*,WEEE_mechRec1_mechRec2,P*,displayLCD,undefinedAndMixedMaterials,E*,0.4,1221,,
329,WEEE_2RM_mechRec2Smelter_other,P*,C*,AlAndAlAlloys,E*,WEEE_mechRec1_mechRec2,P*,displayOther,AlAndAlAlloys,E*,0.09,1221,,
330,WEEE_2RM_mechRec2Smelter_other,P*,C*,CuAndCuAlloys,E*,WEEE_mechRec1_mechRec2,P*,displayOther,CuAndCuAlloys,E*,0.43,1221,,
331,WEEE_2RM_mechRec2Smelter_other,P*,C*,ferrousMetals,E*,WEEE_mechRec1_mechRec2,P*,displayOther,ferrousMetals,E*,0.15,1221,,
332,WEEE_2RM_mechRec2Smelter_other,P*,C*,glass,E*,WEEE_mechRec1_mechRec2,P*,displayOther,glass,E*,0.57,1221,,
333,WEEE_2RM_mechRec2Smelter_other,P*,C*,otherMetalsAndMetalAlloys,E*,WEEE_mechRec1_mechRec2,P*,displayOther,otherMetalsAndMetalAlloys,E*,0.3,1221,,
334,WEEE_2RM_mechRec2Smelter_other,P*,C*,plastics,E*,WEEE_mechRec1_mechRec2,P*,displayOther,plastics,E*,0.58,1221,,
335,WEEE_2RM_mechRec2Smelter_other,P*,C*,undefinedAndMixedMaterials,E*,WEEE_mechRec1_mechRec2,P*,displayOther,undefinedAndMixedMaterials,E*,0.24,1221,,
336,WEEE_2RM_mechRec2Smelter_other,P*,C*,AlAndAlAlloys,E*,WEEE_mechRec1_mechRec2,P*,driveCDDInt,AlAndAlAlloys,E*,0.26,1221,,
337,WEEE_2RM_mechRec2Smelter_other,P*,C*,CuAndCuAlloys,E*,WEEE_mechRec1_mechRec2,P*,driveCDDInt,CuAndCuAlloys,E*,0.25,1221,,
338,WEEE_2RM_mechRec2Smelter_other,P*,C*,ferrousMetals,E*,WEEE_mechRec1_mechRec2,P*,driveCDDInt,ferrousMetals,E*,0.5,1221,,
339,WEEE_2RM_mechRec2Smelter_other,P*,C*,otherMetalsAndMetalAlloys,E*,WEEE_mechRec1_mechRec2,P*,driveCDDInt,otherMetalsAndMetalAlloys,E*,0.54,1221,,
340,WEEE_2RM_mechRec2Smelter_other,P*,C*,plastics,E*,WEEE_mechRec1_mechRec2,P*,driveCDDInt,plastics,E*,0.06,1221,,
341,WEEE_2RM_mechRec2Smelter_other,P*,C*,undefinedAndMixedMaterials,E*,WEEE_mechRec1_mechRec2,P*,driveCDDInt,undefinedAndMixedMaterials,E*,0.32,1221,,
342,WEEE_2RM_mechRec2Smelter_other,P*,C*,AlAndAlAlloys,E*,WEEE_mechRec1_mechRec2,P*,driveFDD,AlAndAlAlloys,E*,0.37,1221,,
343,WEEE_2RM_mechRec2Smelter_other,P*,C*,ferrousMetals,E*,WEEE_mechRec1_mechRec2,P*,driveFDD,ferrousMetals,E*,0.47,1221,,
344,WEEE_2RM_mechRec2Smelter_other,P*,C*,AlAndAlAlloys,E*,WEEE_mechRec1_mechRec2,P*,driveHDD,AlAndAlAlloys,E*,0.34,1221,,
345,WEEE_2RM_mechRec2Smelter_other,P*,C*,CuAndCuAlloys,E*,WEEE_mechRec1_mechRec2,P*,driveHDD,CuAndCuAlloys,E*,0.53,1221,,
346,WEEE_2RM_mechRec2Smelter_other,P*,C*,ferrousMetals,E*,WEEE_mechRec1_mechRec2,P*,driveHDD,ferrousMetals,E*,0.44,1221,,
347,WEEE_2RM_mechRec2Smelter_other,P*,C*,otherMetalsAndMetalAlloys,E*,WEEE_mechRec1_mechRec2,P*,driveHDD,otherMetalsAndMetalAlloys,E*,0.17,1221,,
348,WEEE_2RM_mechRec2Smelter_other,P*,C*,plastics,E*,WEEE_mechRec1_mechRec2,P*,driveHDD,plastics,E*,0.15,1221,,
349,WEEE_2RM_mechRec2Smelter_other,P*,C*,undefinedAndMixedMaterials,E*,WEEE_mechRec1_mechRec2,P*,driveHDD,undefinedAndMixedMaterials,E*,0.05,1221,,
350,WEEE_2RM_mechRec2Smelter_other,P*,C*,CuAndCuAlloys,E*,WEEE_mechRec1_mechRec2,P*,driveUnspecified,CuAndCuAlloys,E*,0.2,1221,,
351,WEEE_2RM_mechRec2Smelter_other,P*,C*,ferrousMetals,E*,WEEE_mechRec1_mechRec2,P*,driveUnspecified,ferrousMetals,E*,0.34,1221,,
352,WEEE_2RM_mechRec2Smelter_other,P*,C*,plastics,E*,WEEE_mechRec1_mechRec2,P*,driveUnspecified,plastics,E*,0.07,1221,,
353,WEEE_2RM_mechRec2Smelter_other,P*,C*,undefinedAndMixedMaterials,E*,WEEE_mechRec1_mechRec2,P*,driveUnspecified,undefinedAndMixedMaterials,E*,0.37,1221,,
354,WEEE_2RM_mechRec2Smelter_other,P*,C*,AlAndAlAlloys,E*,WEEE_mechRec1_mechRec2,P*,electricEngine,AlAndAlAlloys,E*,0.16,1221,,
355,WEEE_2RM_mechRec2Smelter_other,P*,C*,CuAndCuAlloys,E*,WEEE_mechRec1_mechRec2,P*,electricEngine,CuAndCuAlloys,E*,0.54,1221,,
356,WEEE_2RM_mechRec2Smelter_other,P*,C*,carbon,E*,WEEE_mechRec1_mechRec2,P*,electricEngine,carbon,E*,0.47,1221,,
357,WEEE_2RM_mechRec2Smelter_other,P*,C*,ferrousMetals,E*,WEEE_mechRec1_mechRec2,P*,electricEngine,ferrousMetals,E*,0.19,1221,,
358,WEEE_2RM_mechRec2Smelter_other,P*,C*,otherOrganics,E*,WEEE_mechRec1_mechRec2,P*,electricEngine,otherOrganics,E*,0.59,1221,,
359,WEEE_2RM_mechRec2Smelter_other,P*,C*,plastics,E*,WEEE_mechRec1_mechRec2,P*,electricEngine,plastics,E*,0.48,1221,,
360,WEEE_2RM_mechRec2Smelter_other,P*,C*,plastics,E*,WEEE_mechRec1_mechRec2,P*,filterFoamBased,plastics,E*,0.59,1221,,
361,WEEE_2RM_mechRec2Smelter_other,P*,C*,plastics,E*,WEEE_mechRec1_mechRec2,P*,gear,plastics,E*,0.49,1221,,
362,WEEE_2RM_mechRec2Smelter_other,P*,C*,CuAndCuAlloys,E*,WEEE_mechRec1_mechRec2,P*,heatingCoolingEEEairCondenser,CuAndCuAlloys,E*,0.09,1221,,
363,WEEE_2RM_mechRec2Smelter_other,P*,C*,otherOrUndefinedMaterials,E*,WEEE_mechRec1_mechRec2,P*,heatingCoolingEEEairCondenser,otherOrUndefinedMaterials,E*,0.27,1221,,
364,WEEE_2RM_mechRec2Smelter_other,P*,C*,plastics,E*,WEEE_mechRec1_mechRec2,P*,heatingCoolingEEEairCondenser,plastics,E*,0.49,1221,,
365,WEEE_2RM_mechRec2Smelter_other,P*,C*,steelAndSteelAlloys,E*,WEEE_mechRec1_mechRec2,P*,heatingCoolingEEEairCondenser,steelAndSteelAlloys,E*,0.11,1221,,
366,WEEE_2RM_mechRec2Smelter_other,P*,C*,AlAndAlAlloys,E*,WEEE_mechRec1_mechRec2,P*,heatingCoolingEEEfan,AlAndAlAlloys,E*,0.37,1221,,
367,WEEE_2RM_mechRec2Smelter_other,P*,C*,CuAndCuAlloys,E*,WEEE_mechRec1_mechRec2,P*,heatingCoolingEEEfan,CuAndCuAlloys,E*,0.4,1221,,
368,WEEE_2RM_mechRec2Smelter_other,P*,C*,ferrousMetals,E*,WEEE_mechRec1_mechRec2,P*,heatingCoolingEEEfan,ferrousMetals,E*,0.11,1221,,
369,WEEE_2RM_mechRec2Smelter_other,P*,C*,otherMetalsAndMetalAlloys,E*,WEEE_mechRec1_mechRec2,P*,heatingCoolingEEEfan,otherMetalsAndMetalAlloys,E*,0.36,1221,,
370,WEEE_2RM_mechRec2Smelter_other,P*,C*,plastics,E*,WEEE_mechRec1_mechRec2,P*,heatingCoolingEEEfan,plastics,E*,0.19,1221,,
371,WEEE_2RM_mechRec2Smelter_other,P*,C*,steelAndSteelAlloys,E*,WEEE_mechRec1_mechRec2,P*,heatingCoolingEEEfan,steelAndSteelAlloys,E*,0.59,1221,,
372,WEEE_2RM_mechRec2Smelter_other,P*,C*,undefinedAndMixedMaterials,E*,WEEE_mechRec1_mechRec2,P*,heatingCoolingEEEfan,undefinedAndMixedMaterials,E*,0.34,1221,,
373,WEEE_2RM_mechRec2Smelter_other,P*,C*,AlAndAlAlloys,E*,WEEE_mechRec1_mechRec2,P*,heatingCoolingEEEheatSink,AlAndAlAlloys,E*,0.51,1221,,
374,WEEE_2RM_mechRec2Smelter_other,P*,C*,CuAndCuAlloys,E*,WEEE_mechRec1_mechRec2,P*,heatingCoolingEEEheatSink,CuAndCuAlloys,E*,0.17,1221,,
375,WEEE_2RM_mechRec2Smelter_other,P*,C*,ferrousMetals,E*,WEEE_mechRec1_mechRec2,P*,heatingCoolingEEEheatSink,ferrousMetals,E*,0.52,1221,,
376,WEEE_2RM_mechRec2Smelter_other,P*,C*,otherMetalsAndMetalAlloys,E*,WEEE_mechRec1_mechRec2,P*,heatingCoolingEEEheatSink,otherMetalsAndMetalAlloys,E*,0.28,1221,,
377,WEEE_2RM_mechRec2Smelter_other,P*,C*,plastics,E*,WEEE_mechRec1_mechRec2,P*,heatingCoolingEEEheatSink,plastics,E*,0.25,1221,,
378,WEEE_2RM_mechRec2Smelter_other,P*,C*,undefinedAndMixedMaterials,E*,WEEE_mechRec1_mechRec2,P*,heatingCoolingEEEheatSink,undefinedAndMixedMaterials,E*,0.38,1221,,
379,WEEE_2RM_mechRec2Smelter_other,P*,C*,CuAndCuAlloys,E*,WEEE_mechRec1_mechRec2,P*,inductor,CuAndCuAlloys,E*,0.53,1221,,
380,WEEE_2RM_mechRec2Smelter_other,P*,C*,ferrousMetals,E*,WEEE_mechRec1_mechRec2,P*,inductor,ferrousMetals,E*,0.2,1221,,
381,WEEE_2RM_mechRec2Smelter_other,P*,C*,plastics,E*,WEEE_mechRec1_mechRec2,P*,inductor,plastics,E*,0.28,1221,,
382,WEEE_2RM_mechRec2Smelter_other,P*,C*,AlAndAlAlloys,E*,WEEE_mechRec1_mechRec2,P*,keyboard,AlAndAlAlloys,E*,0.07,1221,,
383,WEEE_2RM_mechRec2Smelter_other,P*,C*,CuAndCuAlloys,E*,WEEE_mechRec1_mechRec2,P*,keyboard,CuAndCuAlloys,E*,0.07,1221,,
384,WEEE_2RM_mechRec2Smelter_other,P*,C*,ferrousMetals,E*,WEEE_mechRec1_mechRec2,P*,keyboard,ferrousMetals,E*,0.18,1221,,
385,WEEE_2RM_mechRec2Smelter_other,P*,C*,otherMetalsAndMetalAlloys,E*,WEEE_mechRec1_mechRec2,P*,keyboard,otherMetalsAndMetalAlloys,E*,0.5,1221,,
386,WEEE_2RM_mechRec2Smelter_other,P*,C*,plastics,E*,WEEE_mechRec1_mechRec2,P*,keyboard,plastics,E*,0.11,1221,,
387,WEEE_2RM_mechRec2Smelter_other,P*,C*,undefinedAndMixedMaterials,E*,WEEE_mechRec1_mechRec2,P*,keyboard,undefinedAndMixedMaterials,E*,0.18,1221,,
388,WEEE_2RM_mechRec2Smelter_other,P*,C*,AlAndAlAlloys,E*,WEEE_mechRec1_mechRec2,P*,knob,AlAndAlAlloys,E*,0.29,1221,,
389,WEEE_2RM_mechRec2Smelter_other,P*,C*,ferrousMetals,E*,WEEE_mechRec1_mechRec2,P*,knob,ferrousMetals,E*,0.53,1221,,
390,WEEE_2RM_mechRec2Smelter_other,P*,C*,plastics,E*,WEEE_mechRec1_mechRec2,P*,knob,plastics,E*,0.55,1221,,
391,WEEE_2RM_mechRec2Smelter_other,P*,C*,AlAndAlAlloys,E*,WEEE_mechRec1_mechRec2,P*,lenseAssembly,AlAndAlAlloys,E*,0.17,1221,,
392,WEEE_2RM_mechRec2Smelter_other,P*,C*,CuAndCuAlloys,E*,WEEE_mechRec1_mechRec2,P*,lenseAssembly,CuAndCuAlloys,E*,0.28,1221,,
393,WEEE_2RM_mechRec2Smelter_other,P*,C*,ferrousMetals,E*,WEEE_mechRec1_mechRec2,P*,lenseAssembly,ferrousMetals,E*,0.52,1221,,
394,WEEE_2RM_mechRec2Smelter_other,P*,C*,glass,E*,WEEE_mechRec1_mechRec2,P*,lenseAssembly,glass,E*,0.21,1221,,
395,WEEE_2RM_mechRec2Smelter_other,P*,C*,plastics,E*,WEEE_mechRec1_mechRec2,P*,lenseAssembly,plastics,E*,0.05,1221,,
396,WEEE_2RM_mechRec2Smelter_other,P*,C*,undefinedAndMixedMaterials,E*,WEEE_mechRec1_mechRec2,P*,lenseAssembly,undefinedAndMixedMaterials,E*,0.19,1221,,
397,WEEE_2RM_mechRec2Smelter_other,P*,C*,AlAndAlAlloys,E*,WEEE_mechRec1_mechRec2,P*,lightingFlash,AlAndAlAlloys,E*,0.52,1221,,
398,WEEE_2RM_mechRec2Smelter_other,P*,C*,CuAndCuAlloys,E*,WEEE_mechRec1_mechRec2,P*,lightingFlash,CuAndCuAlloys,E*,0.44,1221,,
399,WEEE_2RM_mechRec2Smelter_other,P*,C*,ferrousMetals,E*,WEEE_mechRec1_mechRec2,P*,lightingFlash,ferrousMetals,E*,0.18,1221,,
400,WEEE_2RM_mechRec2Smelter_other,P*,C*,glass,E*,WEEE_mechRec1_mechRec2,P*,lightingFlash,glass,E*,0.48,1221,,
401,WEEE_2RM_mechRec2Smelter_other,P*,C*,plastics,E*,WEEE_mechRec1_mechRec2,P*,lightingFlash,plastics,E*,0.15,1221,,
402,WEEE_2RM_mechRec2Smelter_other,P*,C*,undefinedAndMixedMaterials,E*,WEEE_mechRec1_mechRec2,P*,lightingFlash,undefinedAndMixedMaterials,E*,0.14,1221,,
403,WEEE_2RM_mechRec2Smelter_other,P*,C*,otherOrUndefinedMaterials,E*,WEEE_mechRec1_mechRec2,P*,magnetPermanent,otherOrUndefinedMaterials,E*,0.16,1221,,
404,WEEE_2RM_mechRec2Smelter_other,P*,C*,AlAndAlAlloys,E*,WEEE_mechRec1_mechRec2,P*,mainboardInclCPUgpu,AlAndAlAlloys,E*,0.21,1221,,
405,WEEE_2RM_mechRec2Smelter_other,P*,C*,CuAndCuAlloys,E*,WEEE_mechRec1_mechRec2,P*,mainboardInclCPUgpu,CuAndCuAlloys,E*,0.1,1221,,
406,WEEE_2RM_mechRec2Smelter_other,P*,C*,ferrousMetals,E*,WEEE_mechRec1_mechRec2,P*,mainboardInclCPUgpu,ferrousMetals,E*,0.15,1221,,
407,WEEE_2RM_mechRec2Smelter_other,P*,C*,otherMetalsAndMetalAlloys,E*,WEEE_mechRec1_mechRec2,P*,mainboardInclCPUgpu,otherMetalsAndMetalAlloys,E*,0.56,1221,,
408,WEEE_2RM_mechRec2Smelter_other,P*,C*,plastics,E*,WEEE_mechRec1_mechRec2,P*,mainboardInclCPUgpu,plastics,E*,0.2,1221,,
409,WEEE_2RM_mechRec2Smelter_other,P*,C*,undefinedAndMixedMaterials,E*,WEEE_mechRec1_mechRec2,P*,mainboardInclCPUgpu,undefinedAndMixedMaterials,E*,0.41,1221,,
410,WEEE_2RM_mechRec2Smelter_other,P*,C*,AlAndAlAlloys,E*,WEEE_mechRec1_mechRec2,P*,non-electricCoil,AlAndAlAlloys,E*,0.4,1221,,
411,WEEE_2RM_mechRec2Smelter_other,P*,C*,ferrousMetals,E*,WEEE_mechRec1_mechRec2,P*,non-electricCoil,ferrousMetals,E*,0.5,1221,,
412,WEEE_2RM_mechRec2Smelter_other,P*,C*,plastics,E*,WEEE_mechRec1_mechRec2,P*,non-electricCoil,plastics,E*,0.42,1221,,
413,WEEE_2RM_mechRec2Smelter_other,P*,C*,CuAndCuAlloys,E*,WEEE_mechRec1_mechRec2,P*,onOffSwitch,CuAndCuAlloys,E*,0.37,1221,,
414,WEEE_2RM_mechRec2Smelter_other,P*,C*,plastics,E*,WEEE_mechRec1_mechRec2,P*,onOffSwitch,plastics,E*,0.51,1221,,
415,WEEE_2RM_mechRec2Smelter_other,P*,C*,AlAndAlAlloys,E*,WEEE_mechRec1_mechRec2,P*,otherElectricCompUnspecified,AlAndAlAlloys,E*,0.5,1221,,
416,WEEE_2RM_mechRec2Smelter_other,P*,C*,CuAndCuAlloys,E*,WEEE_mechRec1_mechRec2,P*,otherElectricCompUnspecified,CuAndCuAlloys,E*,0.44,1221,,
417,WEEE_2RM_mechRec2Smelter_other,P*,C*,ferrousMetals,E*,WEEE_mechRec1_mechRec2,P*,otherElectricCompUnspecified,ferrousMetals,E*,0.49,1221,,
418,WEEE_2RM_mechRec2Smelter_other,P*,C*,glass,E*,WEEE_mechRec1_mechRec2,P*,otherElectricCompUnspecified,glass,E*,0.53,1221,,
419,WEEE_2RM_mechRec2Smelter_other,P*,C*,otherMetalsAndMetalAlloys,E*,WEEE_mechRec1_mechRec2,P*,otherElectricCompUnspecified,otherMetalsAndMetalAlloys,E*,0.2,1221,,
420,WEEE_2RM_mechRec2Smelter_other,P*,C*,otherOrUndefinedMaterials,E*,WEEE_mechRec1_mechRec2,P*,otherElectricCompUnspecified,otherOrUndefinedMaterials,E*,0.16,1221,,
421,WEEE_2RM_mechRec2Smelter_other,P*,C*,plastics,E*,WEEE_mechRec1_mechRec2,P*,otherElectricCompUnspecified,plastics,E*,0.27,1221,,
422,WEEE_2RM_mechRec2Smelter_other,P*,C*,undefinedAndMixedMaterials,E*,WEEE_mechRec1_mechRec2,P*,otherElectricCompUnspecified,undefinedAndMixedMaterials,E*,0.38,1221,,
423,WEEE_2RM_mechRec2Smelter_other,P*,C*,AlAndAlAlloys,E*,WEEE_mechRec1_mechRec2,P*,otherNonElectricCompUnspecified,AlAndAlAlloys,E*,0.25,1221,,
424,WEEE_2RM_mechRec2Smelter_other,P*,C*,CuAndCuAlloys,E*,WEEE_mechRec1_mechRec2,P*,otherNonElectricCompUnspecified,CuAndCuAlloys,E*,0.49,1221,,
425,WEEE_2RM_mechRec2Smelter_other,P*,C*,ferrousMetals,E*,WEEE_mechRec1_mechRec2,P*,otherNonElectricCompUnspecified,ferrousMetals,E*,0.17,1221,,
426,WEEE_2RM_mechRec2Smelter_other,P*,C*,plastics,E*,WEEE_mechRec1_mechRec2,P*,otherNonElectricCompUnspecified,plastics,E*,0.36,1221,,
427,WEEE_2RM_mechRec2Smelter_other,P*,C*,steelAndSteelAlloys,E*,WEEE_mechRec1_mechRec2,P*,otherNonElectricCompUnspecified,steelAndSteelAlloys,E*,0.33,1221,,
428,WEEE_2RM_mechRec2Smelter_other,P*,C*,undefinedAndMixedMaterials,E*,WEEE_mechRec1_mechRec2,P*,otherNonElectricCompUnspecified,undefinedAndMixedMaterials,E*,0.33,1221,,
429,WEEE_2RM_mechRec2Smelter_other,P*,C*,CuAndCuAlloys,E*,WEEE_mechRec1_mechRec2,P*,passiveJunctionBox,CuAndCuAlloys,E*,0.42,1221,,
430,WEEE_2RM_mechRec2Smelter_other,P*,C*,otherOrUndefinedMaterials,E*,WEEE_mechRec1_mechRec2,P*,passiveJunctionBox,otherOrUndefinedMaterials,E*,0.43,1221,,
431,WEEE_2RM_mechRec2Smelter_other,P*,C*,plastics,E*,WEEE_mechRec1_mechRec2,P*,passiveJunctionBox,plastics,E*,0.14,1221,,
432,WEEE_2RM_mechRec2Smelter_other,P*,C*,plastics,E*,WEEE_mechRec1_mechRec2,P*,pcbWEEECat,plastics,E*,0.57,1221,,
433,WEEE_2RM_mechRec2Smelter_other,P*,C*,AlAndAlAlloys,E*,WEEE_mechRec1_mechRec2,P*,powerSupply,AlAndAlAlloys,E*,0.53,1221,,
434,WEEE_2RM_mechRec2Smelter_other,P*,C*,CuAndCuAlloys,E*,WEEE_mechRec1_mechRec2,P*,powerSupply,CuAndCuAlloys,E*,0.31,1221,,
435,WEEE_2RM_mechRec2Smelter_other,P*,C*,ferrousMetals,E*,WEEE_mechRec1_mechRec2,P*,powerSupply,ferrousMetals,E*,0.59,1221,,
436,WEEE_2RM_mechRec2Smelter_other,P*,C*,otherMetalsAndMetalAlloys,E*,WEEE_mechRec1_mechRec2,P*,powerSupply,otherMetalsAndMetalAlloys,E*,0.16,1221,,
437,WEEE_2RM_mechRec2Smelter_other,P*,C*,plastics,E*,WEEE_mechRec1_mechRec2,P*,powerSupply,plastics,E*,0.48,1221,,
438,WEEE_2RM_mechRec2Smelter_other,P*,C*,undefinedAndMixedMaterials,E*,WEEE_mechRec1_mechRec2,P*,powerSupply,undefinedAndMixedMaterials,E*,0.1,1221,,
439,WEEE_2RM_mechRec2Smelter_other,P*,C*,ironWroughtAndCast,E*,WEEE_mechRec1_mechRec2,P*,pump,ironWroughtAndCast,E*,0.11,1221,,
440,WEEE_2RM_mechRec2Smelter_other,P*,C*,steelAndSteelAlloys,E*,WEEE_mechRec1_mechRec2,P*,pump,steelAndSteelAlloys,E*,0.5,1221,,
441,WEEE_2RM_mechRec2Smelter_other,P*,C*,otherOrUndefinedMaterials,E*,WEEE_mechRec1_mechRec2,P*,refrigerant,otherOrUndefinedMaterials,E*,0.38,1221,,
442,WEEE_2RM_mechRec2Smelter_other,P*,C*,AlAndAlAlloys,E*,WEEE_mechRec1_mechRec2,P*,remoteControl,AlAndAlAlloys,E*,0.42,1221,,
443,WEEE_2RM_mechRec2Smelter_other,P*,C*,CuAndCuAlloys,E*,WEEE_mechRec1_mechRec2,P*,remoteControl,CuAndCuAlloys,E*,0.16,1221,,
444,WEEE_2RM_mechRec2Smelter_other,P*,C*,ferrousMetals,E*,WEEE_mechRec1_mechRec2,P*,remoteControl,ferrousMetals,E*,0.5,1221,,
445,WEEE_2RM_mechRec2Smelter_other,P*,C*,otherOrUndefinedMaterials,E*,WEEE_mechRec1_mechRec2,P*,remoteControl,otherOrUndefinedMaterials,E*,0.37,1221,,
446,WEEE_2RM_mechRec2Smelter_other,P*,C*,plastics,E*,WEEE_mechRec1_mechRec2,P*,remoteControl,plastics,E*,0.53,1221,,
447,WEEE_2RM_mechRec2Smelter_other,P*,C*,undefinedAndMixedMaterials,E*,WEEE_mechRec1_mechRec2,P*,remoteControl,undefinedAndMixedMaterials,E*,0.14,1221,,
448,WEEE_2RM_mechRec2Smelter_other,P*,C*,ferrousMetals,E*,WEEE_mechRec1_mechRec2,P*,rotor,ferrousMetals,E*,0.12,1221,,
449,WEEE_2RM_mechRec2Smelter_other,P*,C*,plastics,E*,WEEE_mechRec1_mechRec2,P*,rotor,plastics,E*,0.36,1221,,
450,WEEE_2RM_mechRec2Smelter_other,P*,C*,CuAndCuAlloys,E*,WEEE_mechRec1_mechRec2,P*,screw,CuAndCuAlloys,E*,0.25,1221,,
451,WEEE_2RM_mechRec2Smelter_other,P*,C*,ferrousMetals,E*,WEEE_mechRec1_mechRec2,P*,screw,ferrousMetals,E*,0.24,1221,,
452,WEEE_2RM_mechRec2Smelter_other,P*,C*,ferrousMetals,E*,WEEE_mechRec1_mechRec2,P*,sensorUnspecified,ferrousMetals,E*,0.23,1221,,
453,WEEE_2RM_mechRec2Smelter_other,P*,C*,plastics,E*,WEEE_mechRec1_mechRec2,P*,sensorUnspecified,plastics,E*,0.27,1221,,
454,WEEE_2RM_mechRec2Smelter_other,P*,C*,CuAndCuAlloys,E*,WEEE_mechRec1_mechRec2,P*,shadowComponentWEEE,CuAndCuAlloys,E*,0.5,1221,,
455,WEEE_2RM_mechRec2Smelter_other,P*,C*,bitumen,E*,WEEE_mechRec1_mechRec2,P*,shadowComponentWEEE,bitumen,E*,0.16,1221,,
456,WEEE_2RM_mechRec2Smelter_other,P*,C*,ceramicComposites,E*,WEEE_mechRec1_mechRec2,P*,shadowComponentWEEE,ceramicComposites,E*,0.35,1221,,
457,WEEE_2RM_mechRec2Smelter_other,P*,C*,concrete,E*,WEEE_mechRec1_mechRec2,P*,shadowComponentWEEE,concrete,E*,0.13,1221,,
458,WEEE_2RM_mechRec2Smelter_other,P*,C*,glass,E*,WEEE_mechRec1_mechRec2,P*,shadowComponentWEEE,glass,E*,0.27,1221,,
459,WEEE_2RM_mechRec2Smelter_other,P*,C*,ironWroughtAndCast,E*,WEEE_mechRec1_mechRec2,P*,shadowComponentWEEE,ironWroughtAndCast,E*,0.23,1221,,
460,WEEE_2RM_mechRec2Smelter_other,P*,C*,oil4,E*,WEEE_mechRec1_mechRec2,P*,shadowComponentWEEE,oil4,E*,0.15,1221,,
461,WEEE_2RM_mechRec2Smelter_other,P*,C*,otherMetalsAndMetalAlloys,E*,WEEE_mechRec1_mechRec2,P*,shadowComponentWEEE,otherMetalsAndMetalAlloys,E*,0.58,1221,,
462,WEEE_2RM_mechRec2Smelter_other,P*,C*,otherOrUndefinedMaterials,E*,WEEE_mechRec1_mechRec2,P*,shadowComponentWEEE,otherOrUndefinedMaterials,E*,0.27,1221,,
463,WEEE_2RM_mechRec2Smelter_other,P*,C*,otherOrganics,E*,WEEE_mechRec1_mechRec2,P*,shadowComponentWEEE,otherOrganics,E*,0.56,1221,,
464,WEEE_2RM_mechRec2Smelter_other,P*,C*,plasticComposites,E*,WEEE_mechRec1_mechRec2,P*,shadowComponentWEEE,plasticComposites,E*,0.15,1221,,
465,WEEE_2RM_mechRec2Smelter_other,P*,C*,plastics,E*,WEEE_mechRec1_mechRec2,P*,shadowComponentWEEE,plastics,E*,0.18,1221,,
466,WEEE_2RM_mechRec2Smelter_other,P*,C*,reinforcedPlastics,E*,WEEE_mechRec1_mechRec2,P*,shadowComponentWEEE,reinforcedPlastics,E*,0.33,1221,,
467,WEEE_2RM_mechRec2Smelter_other,P*,C*,sand,E*,WEEE_mechRec1_mechRec2,P*,shadowComponentWEEE,sand,E*,0.1,1221,,
468,WEEE_2RM_mechRec2Smelter_other,P*,C*,steelAndSteelAlloys,E*,WEEE_mechRec1_mechRec2,P*,shadowComponentWEEE,steelAndSteelAlloys,E*,0.12,1221,,
469,WEEE_2RM_mechRec2Smelter_other,P*,C*,AlAndAlAlloys,E*,WEEE_mechRec1_mechRec2,P*,speakerEEE2,AlAndAlAlloys,E*,0.38,1221,,
470,WEEE_2RM_mechRec2Smelter_other,P*,C*,CuAndCuAlloys,E*,WEEE_mechRec1_mechRec2,P*,speakerEEE2,CuAndCuAlloys,E*,0.4,1221,,
471,WEEE_2RM_mechRec2Smelter_other,P*,C*,ferrousMetals,E*,WEEE_mechRec1_mechRec2,P*,speakerEEE2,ferrousMetals,E*,0.57,1221,,
472,WEEE_2RM_mechRec2Smelter_other,P*,C*,otherMetalsAndMetalAlloys,E*,WEEE_mechRec1_mechRec2,P*,speakerEEE2,otherMetalsAndMetalAlloys,E*,0.36,1221,,
473,WEEE_2RM_mechRec2Smelter_other,P*,C*,plastics,E*,WEEE_mechRec1_mechRec2,P*,speakerEEE2,plastics,E*,0.24,1221,,
474,WEEE_2RM_mechRec2Smelter_other,P*,C*,undefinedAndMixedMaterials,E*,WEEE_mechRec1_mechRec2,P*,speakerEEE2,undefinedAndMixedMaterials,E*,0.39,1221,,
475,WEEE_2RM_mechRec2Smelter_other,P*,C*,CuAndCuAlloys,E*,WEEE_mechRec1_mechRec2,P*,transformator,CuAndCuAlloys,E*,0.5,1221,,
476,WEEE_2RM_mechRec2Smelter_other,P*,C*,ferrousMetals,E*,WEEE_mechRec1_mechRec2,P*,transformator,ferrousMetals,E*,0.47,1221,,
477,WEEE_2RM_mechRec2Smelter_other,P*,C*,AlAndAlAlloys,E*,WEEE_mechRec1_mechRec2,P*,transmission,AlAndAlAlloys,E*,0.26,1221,,
478,WEEE_2RM_mechRec2Smelter_other,P*,C*,ferrousMetals,E*,WEEE_mechRec1_mechRec2,P*,transmission,ferrousMetals,E*,0.45,1221,,
479,WEEE_2RM_mechRec2Smelter_other,P*,C*,plastics,E*,WEEE_mechRec1_mechRec2,P*,transmission,plastics,E*,0.53,1221,,
480,WEEE_2RM_mechRec2Smelter_other,P*,C*,CuAndCuAlloys,E*,WEEE_mechRec1_mechRec2,P*,transmitter,CuAndCuAlloys,E*,0.49,1221,,
481,WEEE_2RM_mechRec2Smelter_other,P*,C*,ferrousMetals,E*,WEEE_mechRec1_mechRec2,P*,transmitter,ferrousMetals,E*,0.46,1221,,
482,WEEE_2RM_mechRec2Smelter_other,P*,C*,plastics,E*,WEEE_mechRec1_mechRec2,P*,transmitter,plastics,E*,0.18,1221,,
483,WEEE_2RM_mechRec2Smelter_other,P*,C*,ferrousMetals,E*,WEEE_mechRec1_mechRec2,P*,wheel,ferrousMetals,E*,0.24,1221,,
484,WEEE_2RM_mechRec2Smelter_other,P*,C*,plastics,E*,WEEE_mechRec1_mechRec2,P*,wheel,plastics,E*,0.18,1221,,
485,WEEE_2RM_mechRec2Smelter_other,P*,C*,polymerPA6GF30,E*,WEEE_mechRec1_mechRec2,P*,wheel,polymerPA6GF30,E*,0.34,1221,,
486,WEEE_2RM_mechRec2Smelter_other,P*,C*,polymerPPTF20,E*,WEEE_mechRec1_mechRec2,P*,wheel,polymerPPTF20,E*,0.35,1221,,
487,WEEE_2RM_mechRec2Smelter_other,P*,C*,polymerPPTF30,E*,WEEE_mechRec1_mechRec2,P*,wheel,polymerPPTF30,E*,0.22,1221,,
488,WEEE_mechRec2_thermal,P*,C*,AlAndAlAlloys,E*,WEEE_mechRec1_mechRec2,P*,powerSupply,AlAndAlAlloys,E*,0.52,1221,,
489,WEEE_mechRec2_thermal,P*,C*,CuAndCuAlloys,E*,WEEE_mechRec1_mechRec2,P*,powerSupply,CuAndCuAlloys,E*,0.23,1221,,
490,WEEE_mechRec2_thermal,P*,C*,ferrousMetals,E*,WEEE_mechRec1_mechRec2,P*,powerSupply,ferrousMetals,E*,0.16,1221,,
491,WEEE_mechRec2_thermal,P*,C*,otherMetalsAndMetalAlloys,E*,WEEE_mechRec1_mechRec2,P*,powerSupply,otherMetalsAndMetalAlloys,E*,0.32,1221,,
492,WEEE_mechRec2_chem,P*,C*,AlAndAlAlloys,E*,WEEE_mechRec1_mechRec2,P*,powerSupply,AlAndAlAlloys,E*,0.23,1221,,
493,WEEE_mechRec2_chem,P*,C*,CuAndCuAlloys,E*,WEEE_mechRec1_mechRec2,P*,powerSupply,CuAndCuAlloys,E*,0.06,1221,,
494,WEEE_mechRec2_chem,P*,C*,ferrousMetals,E*,WEEE_mechRec1_mechRec2,P*,powerSupply,ferrousMetals,E*,0.43,1221,,
495,WEEE_mechRec2_chem,P*,C*,otherMetalsAndMetalAlloys,E*,WEEE_mechRec1_mechRec2,P*,powerSupply,otherMetalsAndMetalAlloys,E*,0.43,1221,,
496,WEEE_2RM_thermal2Smelter_other,P*,C*,M*,Ag,WEEE_mechRec2_thermal,P*,C*,ferrousMetals,Ag,0.18,2211,,
497,WEEE_2RM_thermal2Smelter_other,P*,C*,M*,Ca,WEEE_mechRec2_thermal,P*,C*,ferrousMetals,Ca,0.53,2211,,
498,WEEE_2RM_thermal2Smelter_other,P*,C*,M*,Cu,WEEE_mechRec2_thermal,P*,C*,ferrousMetals,Cu,0.29,2211,,
499,WEEE_2RM_thermal2Smelter_other,P*,C*,M*,Ag,WEEE_mechRec2_thermal,P*,C*,otherMetalsAndMetalAlloys,Ag,0.46,2211,,
500,WEEE_2RM_thermal2Smelter_other,P*,C*,M*,Al,WEEE_mechRec2_thermal,P*,C*,otherMetalsAndMetalAlloys,Al,0.37,2211,,
501,WEEE_2RM_thermal2Smelter_other,P*,C*,M*,Dy,WEEE_mechRec2_thermal,P*,C*,otherMetalsAndMetalAlloys,Dy,0.11,2211,,
502,WEEE_2RM_thermal2Smelter_other,P*,C*,M*,Al,WEEE_mechRec2_thermal,P*,C*,AlAndAlAlloys,Al,0.07,2211,,
503,WEEE_2RM_thermal2Smelter_other,P*,C*,M*,Cu,WEEE_mechRec2_thermal,P*,C*,CuAndCuAlloys,Cu,0.55,2211,,
504,WEEE_2RM_chem2Smelter_other,P*,C*,M*,Ag,WEEE_mechRec2_chem,P*,C*,ferrousMetals,Ag,0.46,2211,,
505,WEEE_2RM_chem2Smelter_other,P*,C*,M*,Ca,WEEE_mechRec2_chem,P*,C*,ferrousMetals,Ca,0.48,2211,,
506,WEEE_2RM_chem2Smelter_other,P*,C*,M*,Cu,WEEE_mechRec2_chem,P*,C*,ferrousMetals,Cu,0.43,2211,,
507,WEEE_2RM_chem2Smelter_other,P*,C*,M*,Ag,WEEE_mechRec2_chem,P*,C*,otherMetalsAndMetalAlloys,Ag,0.09,2211,,
508,WEEE_2RM_chem2Smelter_other,P*,C*,M*,Al,WEEE_mechRec2_chem,P*,C*,otherMetalsAndMetalAlloys,Al,0.34,2211,,
509,WEEE_2RM_chem2Smelter_other,P*,C*,M*,Dy,WEEE_mechRec2_chem,P*,C*,otherMetalsAndMetalAlloys,Dy,0.58,2211,,
510,WEEE_2RM_chem2Smelter_other,P*,C*,M*,Al,WEEE_mechRec2_chem,P*,C*,AlAndAlAlloys,Al,0.43,2211,,
511,WEEE_2RM_chem2Smelter_other,P*,C*,M*,Cu,WEEE_mechRec2_chem,P*,C*,CuAndCuAlloys,Cu,0.1,2211,,
512,WEEE_thermal_chem,P*,C*,M*,Ag,WEEE_mechRec2_thermal,P*,C*,ferrousMetals,Ag,0.16,2211,,
513,WEEE_thermal_chem,P*,C*,M*,Ca,WEEE_mechRec2_thermal,P*,C*,ferrousMetals,Ca,0.5,2211,,
514,WEEE_thermal_chem,P*,C*,M*,Cu,WEEE_mechRec2_thermal,P*,C*,ferrousMetals,Cu,0.25,2211,,
515,WEEE_thermal_chem,P*,C*,M*,Ag,WEEE_mechRec2_thermal,P*,C*,otherMetalsAndMetalAlloys,Ag,0.47,2211,,
516,WEEE_thermal_chem,P*,C*,M*,Al,WEEE_mechRec2_thermal,P*,C*,otherMetalsAndMetalAlloys,Al,0.4,2211,,
517,WEEE_thermal_chem,P*,C*,M*,Dy,WEEE_mechRec2_thermal,P*,C*,otherMetalsAndMetalAlloys,Dy,0.39,2211,,
518,WEEE_thermal_chem,P*,C*,M*,Al,WEEE_mechRec2_thermal,P*,C*,AlAndAlAlloys,Al,0.41,2211,,
519,WEEE_thermal_chem,P*,C*,M*,Cu,WEEE_mechRec2_thermal,P*,C*,CuAndCuAlloys,Cu,0.5,2211,,
520,WEEE_mechRec2_thermal,P*,C*,M*,Ag,WEEE_mechRec2_chem,P*,C*,ferrousMetals,Ag,0.25,2211,,
521,WEEE_mechRec2_thermal,P*,C*,M*,Ca,WEEE_mechRec2_chem,P*,C*,ferrousMetals,Ca,0.54,2211,,
522,WEEE_mechRec2_thermal,P*,C*,M*,Cu,WEEE_mechRec2_chem,P*,C*,ferrousMetals,Cu,0.32,2211,,
523,WEEE_mechRec2_thermal,P*,C*,M*,Ag,WEEE_mechRec2_chem,P*,C*,otherMetalsAndMetalAlloys,Ag,0.15,2211,,
524,WEEE_mechRec2_thermal,P*,C*,M*,Al,WEEE_mechRec2_chem,P*,C*,otherMetalsAndMetalAlloys,Al,0.15,2211,,
525,WEEE_mechRec2_thermal,P*,C*,M*,Dy,WEEE_mechRec2_chem,P*,C*,otherMetalsAndMetalAlloys,Dy,0.23,2211,,
526,WEEE_mechRec2_thermal,P*,C*,M*,Al,WEEE_mechRec2_chem,P*,C*,AlAndAlAlloys,Al,0.06,2211,,
527,WEEE_mechRec2_thermal,P*,C*,M*,Cu,WEEE_mechRec2_chem,P*,C*,CuAndCuAlloys,Cu,0.11,2211,,
528,WEEE_2RM_chem2Smelter_other,P*,C*,M*,Ag,WEEE_thermal_chem,P*,C*,M*,Ag,0.3,2111,,
529,WEEE_2RM_chem2Smelter_other,P*,C*,M*,Ca,WEEE_thermal_chem,P*,C*,M*,Ca,0.59,2111,,
530,WEEE_2RM_chem2Smelter_other,P*,C*,M*,Cu,WEEE_thermal_chem,P*,C*,M*,Cu,0.32,2111,,
531,WEEE_2RM_chem2Smelter_other,P*,C*,M*,Ag,WEEE_thermal_chem,P*,C*,M*,Ag,0.4,2111,,
532,WEEE_2RM_chem2Smelter_other,P*,C*,M*,Al,WEEE_thermal_chem,P*,C*,M*,Al,0.43,2111,,
533,WEEE_2RM_chem2Smelter_other,P*,C*,M*,Dy,WEEE_thermal_chem,P*,C*,M*,Dy,0.32,2111,,
534,WEEE_2RM_chem2Smelter_other,P*,C*,M*,Al,WEEE_thermal_chem,P*,C*,M*,Al,0.51,2111,,
535,WEEE_2RM_chem2Smelter_other,P*,C*,M*,Cu,WEEE_thermal_chem,P*,C*,M*,Cu,0.31,2111,,
536,WEEE_2RM_thermal2Smelter_other,P*,C*,M*,Ag,WEEE_chem_thermal,P*,C*,M*,Ag,0.18,2111,,
537,WEEE_2RM_thermal2Smelter_other,P*,C*,M*,Ca,WEEE_chem_thermal,P*,C*,M*,Ca,0.32,2111,,
538,WEEE_2RM_thermal2Smelter_other,P*,C*,M*,Cu,WEEE_chem_thermal,P*,C*,M*,Cu,0.4,2111,,
539,WEEE_2RM_thermal2Smelter_other,P*,C*,M*,Ag,WEEE_chem_thermal,P*,C*,M*,Ag,0.59,2111,,
540,WEEE_2RM_thermal2Smelter_other,P*,C*,M*,Al,WEEE_chem_thermal,P*,C*,M*,Al,0.53,2111,,
541,WEEE_2RM_thermal2Smelter_other,P*,C*,M*,Dy,WEEE_chem_thermal,P*,C*,M*,Dy,0.23,2111,,
542,WEEE_2RM_thermal2Smelter_other,P*,C*,M*,Al,WEEE_chem_thermal,P*,C*,M*,Al,0.06,2111,,
543,WEEE_2RM_thermal2Smelter_other,P*,C*,M*,Cu,WEEE_chem_thermal,P*,C*,M*,Cu,0.18,2111,,
544,WEEE_generatedComplementaryMetalScrap,P*,ComponentShadowWEEE,M*,E*,WEEE_generatedDedicated,WEEE_Cat1,ComponentShadowWEEE,M*,E*,0.21,1122,,
