level 0,level 1,level 2,level 3,level 4,description,1,2,3,4,5,6,7,8,9,10,11,12,13,14,15,16,17,18,19,20
ferrousMetals,FeAndSteelAndSteelAlloys,iron,castIron,castIronGG15,"cast iron, GG15",,,,,,,,,,,,,,,,,,,,
ferrousMetals,FeAndSteelAndSteelAlloys,iron,castIron,castIronGG35,"cast iron, GG35",,,,,,,,,,,,,,,,,,,,
ferrousMetals,FeAndSteelAndSteelAlloys,iron,castIron,castIronGGG40,"cast iron, GGG40",,,,,,,,,,,,,,,,,,,,
ferrousMetals,FeAndSteelAndSteelAlloys,iron,castIron,castIronGGG60,"cast iron, GGG60",,,,,,,,,,,,,,,,,,,,
ferrousMetals,FeAndSteelAndSteelAlloys,iron,castIron,castIronGGG70,"cast iron, GGG70",,,,,,,,,,,,,,,,,,,,
ferrousMetals,FeAndSteelAndSteelAlloys,iron,castIron,castIronGGG-NiCr,"cast iron, GGG-NiCr",,,,,,,,,,,,,,,,,,,,
ferrousMetals,FeAndSteelAndSteelAlloys,iron,castIron,castIronGGG-NiSiCr,"cast iron, GGG-NiSiCr",,,,,,,,,,,,,,,,,,,,
ferrousMetals,FeAndSteelAndSteelAlloys,iron,castIron,castIronGGL-NiCuCr,"cast iron, GGL-NiCuCr",,,,,,,,,,,,,,,,,,,,
ferrousMetals,FeAndSteelAndSteelAlloys,iron,castIron,castIronGray,"cast iron, gray",,,,,,,,,,,,,,,,,,,,
ferrousMetals,FeAndSteelAndSteelAlloys,iron,castIron,castIronMalleable,"cast iron, malleable",,,,,,,,,,,,,,,,,,,,
ferrousMetals,FeAndSteelAndSteelAlloys,iron,wroughtIron,,,,,,,,,,,,,,,,,,,,,,
ferrousMetals,FeAndSteelAndSteelAlloys,steelAndSteelAlloys,alloySteel,ferrochromiumHighCarbonCr,"Ferrochromium, high-carbon, 68% Cr",,,,,,,,,,,,,,,,,,,,
ferrousMetals,FeAndSteelAndSteelAlloys,steelAndSteelAlloys,alloySteel,ferromanganeseHighCoalMn,"Ferromanganese, high-coal, 74.5% Mn",,,,,,,,,,,,,,,,,,,,
ferrousMetals,FeAndSteelAndSteelAlloys,steelAndSteelAlloys,alloySteel,ferronickelNi,"Ferronickel, 25% Ni",,,,,,,,,,,,,,,,,,,,
ferrousMetals,FeAndSteelAndSteelAlloys,steelAndSteelAlloys,alloySteel,steelAlloyAutomation10SPb20(1.0721),"Steel alloy, automation, 10SPb20 (1.0721)",,,,,,,,,,,,,,,,,,,,
ferrousMetals,FeAndSteelAndSteelAlloys,steelAndSteelAlloys,alloySteel,steelAlloyAutomation35S20(1.0726),"Steel alloy, automation, 35S20 (1.0726)",,,,,,,,,,,,,,,,,,,,
ferrousMetals,FeAndSteelAndSteelAlloys,steelAndSteelAlloys,alloySteel,steelAlloyAutomation9S20,"Steel alloy, automation, 9S20",,,,,,,,,,,,,,,,,,,,
ferrousMetals,FeAndSteelAndSteelAlloys,steelAndSteelAlloys,alloySteel,steelAlloyAutomation9SMnPb(1.0718),"Steel alloy, automation, 9SMnPb (1.0718)",,,,,,,,,,,,,,,,,,,,
ferrousMetals,FeAndSteelAndSteelAlloys,steelAndSteelAlloys,alloySteel,steelAlloyCastGS-10Ni6,"Steel alloy, cast, GS-10Ni6",,,,,,,,,,,,,,,,,,,,
ferrousMetals,FeAndSteelAndSteelAlloys,steelAndSteelAlloys,alloySteel,steelAlloyCastGS-22Mo4,"Steel alloy, cast, GS-22Mo4",,,,,,,,,,,,,,,,,,,,
ferrousMetals,FeAndSteelAndSteelAlloys,steelAndSteelAlloys,alloySteel,steelAlloyCastGS-25CrMo4,"Steel alloy, cast, GS-25CrMo4",,,,,,,,,,,,,,,,,,,,
ferrousMetals,FeAndSteelAndSteelAlloys,steelAndSteelAlloys,alloySteel,steelAlloyCastGS-45.3,"Steel alloy, cast, GS-45.3",,,,,,,,,,,,,,,,,,,,
ferrousMetals,FeAndSteelAndSteelAlloys,steelAndSteelAlloys,alloySteel,steelAlloyCastGS-70,"Steel alloy, cast, GS-70",,,,,,,,,,,,,,,,,,,,
ferrousMetals,FeAndSteelAndSteelAlloys,steelAndSteelAlloys,alloySteel,steelAlloyCastGS-X40CrNiSi2512,"Steel alloy, cast, GS-X40CrNiSi 25 12",,,,,,,,,,,,,,,,,,,,
ferrousMetals,FeAndSteelAndSteelAlloys,steelAndSteelAlloys,alloySteel,steelAlloyDrawA517a,"Steel alloy, draw, A517a",,,,,,,,,,,,,,,,,,,,
ferrousMetals,FeAndSteelAndSteelAlloys,steelAndSteelAlloys,alloySteel,steelAlloyDrawA517b,"Steel alloy, draw, A517b",,,,,,,,,,,,,,,,,,,,
ferrousMetals,FeAndSteelAndSteelAlloys,steelAndSteelAlloys,alloySteel,steelAlloyDrawS355J2G1W,"Steel alloy, draw, S355J2G1W",,,,,,,,,,,,,,,,,,,,
ferrousMetals,FeAndSteelAndSteelAlloys,steelAndSteelAlloys,alloySteel,steelAlloyDrawSt14,"Steel alloy, draw, St14",,,,,,,,,,,,,,,,,,,,
ferrousMetals,FeAndSteelAndSteelAlloys,steelAndSteelAlloys,alloySteel,steelAlloyFe360,"Steel alloy, Fe360",,,,,,,,,,,,,,,,,,,,
ferrousMetals,FeAndSteelAndSteelAlloys,steelAndSteelAlloys,alloySteel,steelAlloyFe470,"Steel alloy, Fe470",,,,,,,,,,,,,,,,,,,,
ferrousMetals,FeAndSteelAndSteelAlloys,steelAndSteelAlloys,alloySteel,steelAlloyFe520,"Steel alloy, Fe520",,,,,,,,,,,,,,,,,,,,
ferrousMetals,FeAndSteelAndSteelAlloys,steelAndSteelAlloys,alloySteel,steelAlloyHighTemp13CrMo45(1.7335),"Steel alloy, high temp., 13CrMo4 5 (1.7335)",,,,,,,,,,,,,,,,,,,,
ferrousMetals,FeAndSteelAndSteelAlloys,steelAndSteelAlloys,alloySteel,steelAlloyHighTemp21MoV53,"Steel alloy, high temp., 21MoV53",,,,,,,,,,,,,,,,,,,,
ferrousMetals,FeAndSteelAndSteelAlloys,steelAndSteelAlloys,alloySteel,steelAlloyHighTemp22Mo4,"Steel alloy, high temp., 22Mo4",,,,,,,,,,,,,,,,,,,,
ferrousMetals,FeAndSteelAndSteelAlloys,steelAndSteelAlloys,alloySteel,steelAlloyHighTemp28NiCrMo4,"Steel alloy, high temp., 28NiCrMo4",,,,,,,,,,,,,,,,,,,,
ferrousMetals,FeAndSteelAndSteelAlloys,steelAndSteelAlloys,alloySteel,steelAlloylowTemp.A514(A),"Steel alloy, low temp., A514(A)",,,,,,,,,,,,,,,,,,,,
ferrousMetals,FeAndSteelAndSteelAlloys,steelAndSteelAlloys,alloySteel,steelAlloylowTemp15NiMn6(1.6228),"Steel alloy, low temp., 15NiMn6 (1.6228)",,,,,,,,,,,,,,,,,,,,
ferrousMetals,FeAndSteelAndSteelAlloys,steelAndSteelAlloys,alloySteel,steelAlloylowTempASt35(1.0346),"Steel alloy, low temp., ASt35 (1.0346)",,,,,,,,,,,,,,,,,,,,
ferrousMetals,FeAndSteelAndSteelAlloys,steelAndSteelAlloys,alloySteel,steelAlloylowTempX12CrNi189,"Steel alloy, low temp., X12CrNi 18 9",,,,,,,,,,,,,,,,,,,,
ferrousMetals,FeAndSteelAndSteelAlloys,steelAndSteelAlloys,alloySteel,steelAlloylowTempX12Ni5(1.5680),"Steel alloy, low temp., X12Ni5 (1.5680)",,,,,,,,,,,,,,,,,,,,
ferrousMetals,FeAndSteelAndSteelAlloys,steelAndSteelAlloys,alloySteel,steelAlloylowTempX8Ni9,"Steel alloy, low temp., X8Ni9",,,,,,,,,,,,,,,,,,,,
ferrousMetals,FeAndSteelAndSteelAlloys,steelAndSteelAlloys,alloySteel,steelAlloyspring38Si6,"Steel alloy, spring, 38Si6",,,,,,,,,,,,,,,,,,,,
ferrousMetals,FeAndSteelAndSteelAlloys,steelAndSteelAlloys,alloySteel,steelAlloyspring50CrV4,"Steel alloy, spring, 50CrV4",,,,,,,,,,,,,,,,,,,,
ferrousMetals,FeAndSteelAndSteelAlloys,steelAndSteelAlloys,alloySteel,steelAlloyspring55Si7,"Steel alloy, spring, 55Si7",,,,,,,,,,,,,,,,,,,,
ferrousMetals,FeAndSteelAndSteelAlloys,steelAndSteelAlloys,alloySteel,steelAlloyspring67SiCr5,"Steel alloy, spring, 67SiCr5",,,,,,,,,,,,,,,,,,,,
ferrousMetals,FeAndSteelAndSteelAlloys,steelAndSteelAlloys,alloySteel,steelAlloySt13,"Steel alloy, St13",,,,,,,,,,,,,,,,,,,,
ferrousMetals,FeAndSteelAndSteelAlloys,steelAndSteelAlloys,alloySteel,steelRolled,"Steel, low-alloyed, hot rolled",,,,,,,,,,,,,,,,,,,,
ferrousMetals,FeAndSteelAndSteelAlloys,steelAndSteelAlloys,alloySteel,steelSpring,"Steel, spring, unspecified",,,,,,,,,,,,,,,,,,,,
ferrousMetals,FeAndSteelAndSteelAlloys,steelAndSteelAlloys,carbonSteel,steelDraw,"Steel, draw, unspecified",,,,,,,,,,,,,,,,,,,,
ferrousMetals,FeAndSteelAndSteelAlloys,steelAndSteelAlloys,galvanizedSteel,steelSheetGalvanized,Steel sheet galvanized,,,,,,,,,,,,,,,,,,,,
ferrousMetals,FeAndSteelAndSteelAlloys,steelAndSteelAlloys,stainlessSteel,stainlessSteel660,"Steel, stainless, 660",,,,,,,,,,,,,,,,,,,,
ferrousMetals,FeAndSteelAndSteelAlloys,steelAndSteelAlloys,stainlessSteel,steelAlloyHighGrade14NiCr14,"Steel alloy, high grade, 14NiCr14",,,,,,,,,,,,,,,,,,,,
ferrousMetals,FeAndSteelAndSteelAlloys,steelAndSteelAlloys,stainlessSteel,steelAlloyHighGrade15Cr3,"Steel alloy, high grade, 15Cr3",,,,,,,,,,,,,,,,,,,,
ferrousMetals,FeAndSteelAndSteelAlloys,steelAndSteelAlloys,stainlessSteel,steelAlloyHighGrade18NiCr8,"Steel alloy, high grade, 18NiCr8",,,,,,,,,,,,,,,,,,,,
ferrousMetals,FeAndSteelAndSteelAlloys,steelAndSteelAlloys,stainlessSteel,steelAlloyHighGrade25CrMo4,"Steel alloy, high grade, 25CrMo4",,,,,,,,,,,,,,,,,,,,
ferrousMetals,FeAndSteelAndSteelAlloys,steelAndSteelAlloys,stainlessSteel,steelAlloyHighGrade30CrNiMo8,"Steel alloy, high grade, 30CrNiMo8",,,,,,,,,,,,,,,,,,,,
ferrousMetals,FeAndSteelAndSteelAlloys,steelAndSteelAlloys,stainlessSteel,steelAlloyHighGrade34Cr4,"Steel alloy, high grade, 34Cr4",,,,,,,,,,,,,,,,,,,,
ferrousMetals,FeAndSteelAndSteelAlloys,steelAndSteelAlloys,stainlessSteel,steelAlloyHighGrade34CrAl6,"Steel alloy, high grade, 34CrAl6",,,,,,,,,,,,,,,,,,,,
ferrousMetals,FeAndSteelAndSteelAlloys,steelAndSteelAlloys,stainlessSteel,steelAlloyHighGrade35NiCr18,"Steel alloy, high grade, 35NiCr18",,,,,,,,,,,,,,,,,,,,
ferrousMetals,FeAndSteelAndSteelAlloys,steelAndSteelAlloys,stainlessSteel,steelAlloyHighGrade36NiCr6,"Steel alloy, high grade, 36NiCr6",,,,,,,,,,,,,,,,,,,,
ferrousMetals,FeAndSteelAndSteelAlloys,steelAndSteelAlloys,stainlessSteel,steelAlloyHighGrade37MnSi5,"Steel alloy, high grade, 37MnSi5",,,,,,,,,,,,,,,,,,,,
ferrousMetals,FeAndSteelAndSteelAlloys,steelAndSteelAlloys,stainlessSteel,steelAlloyHighGrade42CrMo4,"Steel alloy, high grade, 42CrMo4",,,,,,,,,,,,,,,,,,,,
ferrousMetals,FeAndSteelAndSteelAlloys,steelAndSteelAlloys,stainlessSteel,steelAlloyHighGrade50CrV4,"Steel alloy, high grade, 50CrV4",,,,,,,,,,,,,,,,,,,,
ferrousMetals,FeAndSteelAndSteelAlloys,steelAndSteelAlloys,stainlessSteel,steelAlloyHighGradeC15,"Steel alloy, high grade, C15",,,,,,,,,,,,,,,,,,,,
ferrousMetals,FeAndSteelAndSteelAlloys,steelAndSteelAlloys,stainlessSteel,steelAlloyHighGradeC35,"Steel alloy, high grade, C35",,,,,,,,,,,,,,,,,,,,
ferrousMetals,FeAndSteelAndSteelAlloys,steelAndSteelAlloys,stainlessSteel,steelAlloyHighGradeC45,"Steel alloy, high grade, C45",,,,,,,,,,,,,,,,,,,,
ferrousMetals,FeAndSteelAndSteelAlloys,steelAndSteelAlloys,stainlessSteel,steelAlloyHighGradeC55,"Steel alloy, high grade, C55",,,,,,,,,,,,,,,,,,,,
ferrousMetals,FeAndSteelAndSteelAlloys,steelAndSteelAlloys,stainlessSteel,steelAlloyHighGradeC60,"Steel alloy, high grade, C60",,,,,,,,,,,,,,,,,,,,
ferrousMetals,FeAndSteelAndSteelAlloys,steelAndSteelAlloys,stainlessSteel,steelCastHA,"Steel, cast, HA",,,,,,,,,,,,,,,,,,,,
ferrousMetals,FeAndSteelAndSteelAlloys,steelAndSteelAlloys,stainlessSteel,steelCastHT,"Steel, cast, HT",,,,,,,,,,,,,,,,,,,,
ferrousMetals,FeAndSteelAndSteelAlloys,steelAndSteelAlloys,stainlessSteel,steelChromium,Chromium steel,,,,,,,,,,,,,,,,,,,,
ferrousMetals,FeAndSteelAndSteelAlloys,steelAndSteelAlloys,stainlessSteel,steelChromium188,Chromium steel 18/8,,,,,,,,,,,,,,,,,,,,
ferrousMetals,FeAndSteelAndSteelAlloys,steelAndSteelAlloys,stainlessSteel,steelChromium188Rolled,"Chromium steel 18/8, hot rolled",,,,,,,,,,,,,,,,,,,,
ferrousMetals,FeAndSteelAndSteelAlloys,steelAndSteelAlloys,stainlessSteel,steelGrade,"Steel, high grade, unspecified",,,,,,,,,,,,,,,,,,,,
ferrousMetals,FeAndSteelAndSteelAlloys,steelAndSteelAlloys,stainlessSteel,stainlessSteel17-7PH,"Steel, stainless, 17-7 PH",,,,,,,,,,,,,,,,,,,,
ferrousMetals,FeAndSteelAndSteelAlloys,steelAndSteelAlloys,stainlessSteel,stainlessSteel302,"Steel, stainless, 302",,,,,,,,,,,,,,,,,,,,
ferrousMetals,FeAndSteelAndSteelAlloys,steelAndSteelAlloys,stainlessSteel,stainlessSteel316,"Steel, stainless, 316",,,,,,,,,,,,,,,,,,,,
ferrousMetals,FeAndSteelAndSteelAlloys,steelAndSteelAlloys,stainlessSteel,stainlessSteel330,"Steel, stainless, 330",,,,,,,,,,,,,,,,,,,,
ferrousMetals,FeAndSteelAndSteelAlloys,steelAndSteelAlloys,stainlessSteel,stainlessSteel405,"Steel, stainless, 405",,,,,,,,,,,,,,,,,,,,
ferrousMetals,FeAndSteelAndSteelAlloys,steelAndSteelAlloys,stainlessSteel,stainlessSteel434,"Steel, stainless, 434",,,,,,,,,,,,,,,,,,,,
ferrousMetals,FeAndSteelAndSteelAlloys,steelAndSteelAlloys,stainlessSteel,steelFerrite,Ferrite,,,,,,,,,,,,,,,,,,,,
ferrousMetals,FeAndSteelAndSteelAlloys,steelAndSteelAlloys,stainlessSteel,steelStainlessGX12Cr14(CA15),"Steel, stainless, GX12Cr14 (CA15)",,,,,,,,,,,,,,,,,,,,
ferrousMetals,FeAndSteelAndSteelAlloys,steelAndSteelAlloys,stainlessSteel,steelStainlessGX5CrNi1910(CF8),"Steel, stainless, GX5CrNi19 10 (CF8)",,,,,,,,,,,,,,,,,,,,
ferrousMetals,FeAndSteelAndSteelAlloys,steelAndSteelAlloys,stainlessSteel,steelStainlessRolled,"Steel, stainless, hot rolled",,,,,,,,,,,,,,,,,,,,
ferrousMetals,FeAndSteelAndSteelAlloys,steelAndSteelAlloys,stainlessSteel,steelStainlessX10Cr13(mart410),"Steel, stainless, X10Cr13 (mart 410)",,,,,,,,,,,,,,,,,,,,
ferrousMetals,FeAndSteelAndSteelAlloys,steelAndSteelAlloys,stainlessSteel,steelStainlessX10CrNiMoNb,"Steel, stainless, X10CrNiMoNb",,,,,,,,,,,,,,,,,,,,
ferrousMetals,FeAndSteelAndSteelAlloys,steelAndSteelAlloys,stainlessSteel,steelStainlessX10CrNiS(303),"Steel, stainless, X10CrNiS (303)",,,,,,,,,,,,,,,,,,,,
ferrousMetals,FeAndSteelAndSteelAlloys,steelAndSteelAlloys,stainlessSteel,steelStainlessX12Cr13(416),"Steel, stainless, X12Cr13 (416)",,,,,,,,,,,,,,,,,,,,
ferrousMetals,FeAndSteelAndSteelAlloys,steelAndSteelAlloys,stainlessSteel,steelStainlessX12CrNi177(301),"Steel, stainless, X12CrNi17 7 (301)",,,,,,,,,,,,,,,,,,,,
ferrousMetals,FeAndSteelAndSteelAlloys,steelAndSteelAlloys,stainlessSteel,steelStainlessX20Cr13(420),"Steel, stainless, X20Cr13 (420)",,,,,,,,,,,,,,,,,,,,
ferrousMetals,FeAndSteelAndSteelAlloys,steelAndSteelAlloys,stainlessSteel,steelStainlessX22CrNi17(431),"Steel, stainless, X22CrNi17 (431)",,,,,,,,,,,,,,,,,,,,
ferrousMetals,FeAndSteelAndSteelAlloys,steelAndSteelAlloys,stainlessSteel,steelStainlessX2CrNiMo1712(316L),"Steel, stainless, X2CrNiMo1712 (316L)",,,,,,,,,,,,,,,,,,,,
ferrousMetals,FeAndSteelAndSteelAlloys,steelAndSteelAlloys,stainlessSteel,steelStainlessX30Cr13(420),"Steel, stainless, X30Cr13 (~420)",,,,,,,,,,,,,,,,,,,,
ferrousMetals,FeAndSteelAndSteelAlloys,steelAndSteelAlloys,stainlessSteel,steelStainlessX35CrMo17,"Steel, stainless, X35CrMo17",,,,,,,,,,,,,,,,,,,,
ferrousMetals,FeAndSteelAndSteelAlloys,steelAndSteelAlloys,stainlessSteel,steelStainlessX5CrNi18(304),"Steel, stainless, X5CrNi18 (304)",,,,,,,,,,,,,,,,,,,,
ferrousMetals,FeAndSteelAndSteelAlloys,steelAndSteelAlloys,stainlessSteel,steelStainlessX5CrNiMo18(316),"Steel, stainless, X5CrNiMo18 (316)",,,,,,,,,,,,,,,,,,,,
ferrousMetals,FeAndSteelAndSteelAlloys,steelAndSteelAlloys,stainlessSteel,steelStainlessX6Cr17(430),"Steel, stainless, X6Cr17 (430)",,,,,,,,,,,,,,,,,,,,
ferrousMetals,FeAndSteelAndSteelAlloys,steelAndSteelAlloys,stainlessSteel,steelStainlessX6CrNi18(~304),"Steel, stainless, X6CrNi18 (~304)",,,,,,,,,,,,,,,,,,,,
ferrousMetals,FeAndSteelAndSteelAlloys,steelAndSteelAlloys,stainlessSteel,steelStainlessX7CrAl13(405),"Steel, stainless, X7CrAl13 (405)",,,,,,,,,,,,,,,,,,,,
ferrousMetals,FeAndSteelAndSteelAlloys,steelAndSteelAlloys,stainlessSteel,steelStainlessX90CrCoMoV17,"Steel, stainless, X90CrCoMoV17",,,,,,,,,,,,,,,,,,,,
ferrousMetals,FeAndSteelAndSteelAlloys,steelAndSteelAlloys,stainlessSteel,steelStainlessX90CrMoV18(440B),"Steel, stainless, X90CrMoV18 (440B)",,,,,,,,,,,,,,,,,,,,
ferrousMetals,FeAndSteelAndSteelAlloys,steelAndSteelAlloys,toolSteel,,,,,,,,,,,,,,,,,,,,,,
minerals,aggregates,naturalAggregates,,,,,,,,,,,,,,,,,,,,,,,
minerals,aggregates,syntheticAggregates,,,,,,,,,,,,,,,,,,,,,,,
minerals,bricksUndefined,AACblocks,,,,,,,,,,,,,,,,,,,,,,,
minerals,bricksUndefined,clinker,,,,,,,,,,,,,,,,,,,,,,,
minerals,bricksUndefined,concreteBlocks,,,,,,,,,,,,,,,,,,,,,,,
minerals,bricksUndefined,firedClayBricks,,,,,,,,,,,,,,,,,,,,,,,
minerals,bricksUndefined,lightConcreteBlocks,,,,,,,,,,,,,,,,,,,,,,,
minerals,bricksUndefined,lime-sandBricks,,,,,,,,,,,,,,,,,,,,,,,
minerals,bricksUndefined,mudClayBricks,,,,,,,,,,,,,,,,,,,,,,,
minerals,cement,blastfurnaceCement,,,,,,,,,,,,,,,,,,,,,,,
minerals,cement,compositeCement,,,,,,,,,,,,,,,,,,,,,,,
minerals,cement,portlandCement,,,,,,,,,,,,,,,,,,,,,,,
minerals,cement,portland-compositeCement,,,,,,,,,,,,,,,,,,,,,,,
minerals,cement,puzzolanicCement,,,,,,,,,,,,,,,,,,,,,,,
minerals,clay,,,,,,,,,,,,,,,,,,,,,,,,
minerals,glassAndCeramics,clayCeramics,earthenware,,,,,,,,,,,,,,,,,,,,,,
minerals,glassAndCeramics,clayCeramics,porcelain,,,,,,,,,,,,,,,,,,,,,,
minerals,glassAndCeramics,clayCeramics,stoneware,,,,,,,,,,,,,,,,,,,,,,
minerals,glassAndCeramics,glass,aluminosilicateGlass,,,,,,,,,,,,,,,,,,,,,,
minerals,glassAndCeramics,glass,borosilicateGlass,lampGlass,lamp Glass,,,,,,,,,,,,,,,,,,,,
minerals,glassAndCeramics,glass,glassFiberUndefined,CGlassFiberGeneric,C-Glass Fiber Generic,,,,,,,,,,,,,,,,,,,,
minerals,glassAndCeramics,glass,glassFiberUndefined,EGlassFiberGeneric,E-Glass Fiber Generic,,,,,,,,,,,,,,,,,,,,
minerals,glassAndCeramics,glass,leadGlass,,,,,,,,,,,,,,,,,,,,,,
minerals,glassAndCeramics,glass,quartzGlass,,,,,,,,,,,,,,,,,,,,,,
minerals,glassAndCeramics,glass,sodaLimeGlass,flatGlass,flat Glass,,,,,,,,,,,,,,,,,,,,
minerals,glassAndCeramics,glassCeramics,,,,,,,,,,,,,,,,,,,,,,,
minerals,gypsum,naturalGypsum,,,,,,,,,,,,,,,,,,,,,,,
minerals,gypsum,syntheticGypsum,,,,,,,,,,,,,,,,,,,,,,,
minerals,naturalStone,,,,,,,,,,,,,,,,,,,,,,,,
minerals,otherMinerals,artificialMineralFibre,,,Artificial mineral fibre,,,,,,,,,,,,,,,,,,,,
minerals,otherMinerals,asbestos,,,asbestos 'fibres' dismantled/separated,,,,,,,,,,,,,,,,,,,,
minerals,otherMinerals,mineralWool,,,Mineral wool (rock wool),,,,,,,,,,,,,,,,,,,,
minerals,otherMinerals,siliconCarbideSintered,,,Silicon Carbide Sintered,,,,,,,,,,,,,,,,,,,,
minerals,otherMinerals,siliconCarbideSublimed,,,Silicon Carbide Sublimed,,,,,,,,,,,,,,,,,,,,
minerals,otherOrganics,corkSlabInsulation,,,Cork slab insulation,,,,,,,,,,,,,,,,,,,,
minerals,otherOrganics,woolUnspecified,,,Unspecified wool,,,,,,,,,,,,,,,,,,,,
minerals,sand,,,,,,,,,,,,,,,,,,,,,,,,
non-ferrousMetals,AgAndAgAlloys,925Ag3,,,,Ag,,,,,,,,,,,,,,,,,,,
non-ferrousMetals,AgAndAgAlloys,999Ag3,,,,Ag,,,,,,,,,,,,,,,,,,,
non-ferrousMetals,AgAndAgAlloys,AgCuAlloys,,,,Ag,Cu,,,,,,,,,,,,,,,,,,
non-ferrousMetals,AgAndAgAlloys,AgNiAlloys,,,,Ag,Ni,,,,,,,,,,,,,,,,,,
non-ferrousMetals,AlAndAlAlloys,castAlAlloys,1xx.xAlAlloy,,see level 3,,,,,,,,,,,,,,,,,,,,
non-ferrousMetals,AlAndAlAlloys,castAlAlloys,2xx.xAlAlloy,AlAlloy204,"Al alloy, AlCu4TiMg (204)",Al,Cu,Ti,Mg,,,,,,,,,,,,,,,,
non-ferrousMetals,AlAndAlAlloys,castAlAlloys,2xx.xAlAlloy,AlAlloy230,"Al alloy, AlSi12 (230)",Al,Si,,,,,,,,,,,,,,,,,,
non-ferrousMetals,AlAndAlAlloys,castAlAlloys,2xx.xAlAlloy,AlAlloy231,"Al alloy, AlSi12Cu (231)",Al,Si,Cu,,,,,,,,,,,,,,,,,
non-ferrousMetals,AlAndAlAlloys,castAlAlloys,2xx.xAlAlloy,AlAlloy242,"Al alloy, AlMg3 (242)",Al,Mg,,,,,,,,,,,,,,,,,,
non-ferrousMetals,AlAndAlAlloys,castAlAlloys,3xx.xAlAlloy,AlAlloy314,"Al alloy, AlMg5 (314)",Al,Mg,,,,,,,,,,,,,,,,,,
non-ferrousMetals,AlAndAlAlloys,castAlAlloys,3xx.xAlAlloy,AlAlloy380,"Al alloy, AlSi8Cu3 (380)",Al,Si,Cu,,,,,,,,,,,,,,,,,
non-ferrousMetals,AlAndAlAlloys,castAlAlloys,4xx.xAlAlloy,,see level 3,,,,,,,,,,,,,,,,,,,,
non-ferrousMetals,AlAndAlAlloys,castAlAlloys,5xx.xAlAlloy,,see level 3,,,,,,,,,,,,,,,,,,,,
non-ferrousMetals,AlAndAlAlloys,castAlAlloys,6xx.xAlAlloy,,see level 3,,,,,,,,,,,,,,,,,,,,
non-ferrousMetals,AlAndAlAlloys,castAlAlloys,7xx.xAlAlloy,,see level 3,,,,,,,,,,,,,,,,,,,,
non-ferrousMetals,AlAndAlAlloys,castAlAlloys,8xx.xAlAlloy,,see level 3,,,,,,,,,,,,,,,,,,,,
non-ferrousMetals,AlAndAlAlloys,castAlAlloys,9xx.xAlAlloy,,,,,,,,,,,,,,,,,,,,,,
non-ferrousMetals,AlAndAlAlloys,pureAl,aluminium99Percent,,Aluminium 99%,,,,,,,,,,,,,,,,,,,,
non-ferrousMetals,AlAndAlAlloys,wroughtAlAlloys,1xxxAlAlloy,AlAlloy1100,Al alloy (1100),Al,,,,,,,,,,,,,,,,,,,
non-ferrousMetals,AlAndAlAlloys,wroughtAlAlloys,2xxxAlAlloy,AlAlloy2011,"Al alloy, AlCuMgPb (2011)",Al,Cu,Mg,Pb,,,,,,,,,,,,,,,,
non-ferrousMetals,AlAndAlAlloys,wroughtAlAlloys,2xxxAlAlloy,AlAlloy2017,"Al alloy, AlCuMg1 (2017)",Al,Cu,Mg,,,,,,,,,,,,,,,,,
non-ferrousMetals,AlAndAlAlloys,wroughtAlAlloys,2xxxAlAlloy,AlAlloy2024,"Al alloy, AlCuMg2 (2024)",Al,Cu,Mg,,,,,,,,,,,,,,,,,
non-ferrousMetals,AlAndAlAlloys,wroughtAlAlloys,2xxxAlAlloy,AlAlloy2036,"Al alloy, AlCuSiMg (2036)",Al,Cu,Si,Mg,,,,,,,,,,,,,,,,
non-ferrousMetals,AlAndAlAlloys,wroughtAlAlloys,2xxxAlAlloy,AlAlloyThixo,"Al alloy, AlSi7Mg (Thixo)",Al,Si,Mg,,,,,,,,,,,,,,,,,
non-ferrousMetals,AlAndAlAlloys,wroughtAlAlloys,3xxxAlAlloy,AlAlloy3003,"Al alloy, AlMn1 (3003)",Al,Mn,,,,,,,,,,,,,,,,,,
non-ferrousMetals,AlAndAlAlloys,wroughtAlAlloys,3xxxAlAlloy,AlAlloy3004,"Al alloy, AlMn1.2Mg1 (3004)",Al,Mn,Mg,,,,,,,,,,,,,,,,,
non-ferrousMetals,AlAndAlAlloys,wroughtAlAlloys,4xxxAlAlloy,,see level 3,,,,,,,,,,,,,,,,,,,,
non-ferrousMetals,AlAndAlAlloys,wroughtAlAlloys,5xxxAlAlloy,AlAlloy5005,"Al alloy, AlMg1 (5005)",Al,Mg,,,,,,,,,,,,,,,,,,
non-ferrousMetals,AlAndAlAlloys,wroughtAlAlloys,5xxxAlAlloy,AlAlloy5182,"Al alloy, AlMg4.5Mn (5182)",Al,Mg,Mn,,,,,,,,,,,,,,,,,
non-ferrousMetals,AlAndAlAlloys,wroughtAlAlloys,5xxxAlAlloy,AlAlloy5754a,"Al alloy, AlMg3 (5754a)",Al,Mg,,,,,,,,,,,,,,,,,,
non-ferrousMetals,AlAndAlAlloys,wroughtAlAlloys,6xxxAlAlloy,AlAlloy6005,"Al alloy, AlMgSi0.7 (6005)",Al,Mg,Si,O,,,,,,,,,,,,,,,,
non-ferrousMetals,AlAndAlAlloys,wroughtAlAlloys,6xxxAlAlloy,AlAlloy6009,"Al alloy, AlSiMgMn (6009)",Al,Si,Mg,Mn,,,,,,,,,,,,,,,,
non-ferrousMetals,AlAndAlAlloys,wroughtAlAlloys,6xxxAlAlloy,AlAlloy6060,"Al alloy, AlMgSi0.5 (6060)",Al,Mg,Si,O,,,,,,,,,,,,,,,,
non-ferrousMetals,AlAndAlAlloys,wroughtAlAlloys,6xxxAlAlloy,AlAlloy6061,Al alloy (6061),Al,,,,,,,,,,,,,,,,,,,
non-ferrousMetals,AlAndAlAlloys,wroughtAlAlloys,7xxxAlAlloy,AlAlloy7075,"Al alloy, AlZnCuMg (7075)",Al,Zn,Cu,Mg,,,,,,,,,,,,,,,,
non-ferrousMetals,AlAndAlAlloys,wroughtAlAlloys,8xxxAlAlloy,AlAlloy8001,Al alloy (8001),Al,,,,,,,,,,,,,,,,,,,
non-ferrousMetals,AlAndAlAlloys,wroughtAlAlloys,8xxxAlAlloy,AlAlloy8090,Al alloy (8090),Al,,,,,,,,,,,,,,,,,,,
non-ferrousMetals,CuAndCuAlloys,brasses,cartridgeBrassC26000,,Cartridge Brass (C26000),,,,,,,,,,,,,,,,,,,,
non-ferrousMetals,CuAndCuAlloys,brasses,CuZn15,,"Cu alloy, CuZn15",Cu,Zn,,,,,,,,,,,,,,,,,,
non-ferrousMetals,CuAndCuAlloys,brasses,CuZn30,,"Cu alloy, CuZn30",Cu,Zn,,,,,,,,,,,,,,,,,,
non-ferrousMetals,CuAndCuAlloys,brasses,CuZn37,,"Cu alloy, CuZn37",Cu,Zn,,,,,,,,,,,,,,,,,,
non-ferrousMetals,CuAndCuAlloys,brasses,CuZn37Pb,,"Cu alloy, CuZn37Pb",Cu,Zn,Pb,,,,,,,,,,,,,,,,,
non-ferrousMetals,CuAndCuAlloys,brasses,CuZn38,,"Cu alloy, CuZn38",Cu,Zn,,,,,,,,,,,,,,,,,,
non-ferrousMetals,CuAndCuAlloys,brasses,CuZn40,,"Cu alloy, CuZn40",Cu,Zn,,,,,,,,,,,,,,,,,,
non-ferrousMetals,CuAndCuAlloys,brasses,CuZn40Pb,,"Cu alloy, CuZn40Pb",Cu,Zn,Pb,,,,,,,,,,,,,,,,,
non-ferrousMetals,CuAndCuAlloys,brasses,freeCuttingBrassC36000,,Free-Cutting Brass (C36000),,,,,,,,,,,,,,,,,,,,
non-ferrousMetals,CuAndCuAlloys,brasses,glidingCopperC21000,,"Cu alloy, gliding  (C21000)",Cu,,,,,,,,,,,,,,,,,,,
non-ferrousMetals,CuAndCuAlloys,brasses,muntzMetalC28000,,"Cu alloy, Muntz metal (C28000)",Cu,,,,,,,,,,,,,,,,,,,
non-ferrousMetals,CuAndCuAlloys,bronzes,bronze9010C22000,,"Cu alloy, Bronze, 90-10 (C22000)",Cu,,,,,,,,,,,,,,,,,,,
non-ferrousMetals,CuAndCuAlloys,bronzes,CuAl10Fe,,"Cu alloy, CuAl10Fe",Cu,Al,Fe,,,,,,,,,,,,,,,,,
non-ferrousMetals,CuAndCuAlloys,bronzes,CuAl10Ni,,"Cu alloy, CuAl10Ni",Cu,Al,Ni,,,,,,,,,,,,,,,,,
non-ferrousMetals,CuAndCuAlloys,bronzes,CuAl5,,"Cu alloy, CuAl5",Cu,Al,,,,,,,,,,,,,,,,,,
non-ferrousMetals,CuAndCuAlloys,bronzes,CuAlloyBerilliumCopperC17000,,"Cu alloy, Beryllium Copper (C17000)",Cu,Be,,,,,,,,,,,,,,,,,,
non-ferrousMetals,CuAndCuAlloys,highCuAlloys,,,,Cu,,,,,,,,,,,,,,,,,,,
non-ferrousMetals,CuAndCuAlloys,otherCuAlloys,chromiumCopperC18500,,"Cu alloy, Chromium Copper (C18500)",Cu,Cr,,,,,,,,,,,,,,,,,,
non-ferrousMetals,CuAndCuAlloys,otherCuAlloys,CuAgE,,"Cu alloy, CuAgE",Cu,Ag,,,,,,,,,,,,,,,,,,
non-ferrousMetals,CuAndCuAlloys,otherCuAlloys,CuBlister,,"Cu alloy, blister",Cu,,,,,,,,,,,,,,,,,,,
non-ferrousMetals,CuAndCuAlloys,otherCuAlloys,CuCathode,,"Cu alloy, cathode",Cu,,,,,,,,,,,,,,,,,,,
non-ferrousMetals,CuAndCuAlloys,otherCuAlloys,CuE,,"Cu alloy, Cu-E",Cu,,,,,,,,,,,,,,,,,,,
non-ferrousMetals,CuAndCuAlloys,otherCuAlloys,CuNi10,,"Cu alloy, CuNi10",Cu,Ni,,,,,,,,,,,,,,,,,,
non-ferrousMetals,CuAndCuAlloys,otherCuAlloys,CuNi10Fe,,"Cu alloy, CuNi10Fe",Cu,Ni,Fe,,,,,,,,,,,,,,,,,
non-ferrousMetals,CuAndCuAlloys,otherCuAlloys,CuNi18Zn,,"Cu alloy, CuNi18Zn",Cu,Ni,Zn,,,,,,,,,,,,,,,,,
non-ferrousMetals,CuAndCuAlloys,otherCuAlloys,CuNi44Mn,,"Cu alloy, CuNi44Mn",Cu,Ni,Mn,,,,,,,,,,,,,,,,,
non-ferrousMetals,CuAndCuAlloys,otherCuAlloys,Cupronickel30715,,"Cu alloy, Cupronickel 30 (715)",Cu,Ni,,,,,,,,,,,,,,,,,,
non-ferrousMetals,CuAndCuAlloys,otherCuAlloys,CuSn10,,"Cu alloy, CuSn10",Cu,Sn,,,,,,,,,,,,,,,,,,
non-ferrousMetals,CuAndCuAlloys,otherCuAlloys,CuSn12,,"Cu alloy, CuSn12",Cu,Sn,,,,,,,,,,,,,,,,,,
non-ferrousMetals,CuAndCuAlloys,otherCuAlloys,CuSn5Zn5Pb5,,"Cu alloy, CuSn5Zn5Pb5",Cu,Sn,Zn,Pb,,,,,,,,,,,,,,,,
non-ferrousMetals,CuAndCuAlloys,otherCuAlloys,CuSn6.7P,,"Cu alloy, CuSn6.7P",Cu,Sn,P,,,,,,,,,,,,,,,,,
non-ferrousMetals,CuAndCuAlloys,otherCuAlloys,CuSn8,,"Cu alloy, CuSn8",Cu,Sn,,,,,,,,,,,,,,,,,,
non-ferrousMetals,CuAndCuAlloys,otherCuAlloys,CuSulfate,,"Cu alloy, sulfate",Cu,,,,,,,,,,,,,,,,,,,
non-ferrousMetals,CuAndCuAlloys,otherCuAlloys,CuTelluride,,"Cu alloy, telluride",Cu,,,,,,,,,,,,,,,,,,,
non-ferrousMetals,CuAndCuAlloys,otherCuAlloys,electrolyticZoughPitchCopperC11000,,Electrolytic tough pitch Copper (C11000) ,,,,,,,,,,,,,,,,,,,,
non-ferrousMetals,CuAndCuAlloys,pureCu,CuConcentrate,,Cu concentrate ,Cu,,,,,,,,,,,,,,,,,,,
non-ferrousMetals,MgAndMgAlloys,MgAlloyAM100A,,,"Mg alloy, AM100A",,,,,,,,,,,,,,,,,,,,
non-ferrousMetals,MgAndMgAlloys,MgAlloyAM503,,,"Mg alloy, AM503",,,,,,,,,,,,,,,,,,,,
non-ferrousMetals,MgAndMgAlloys,MgAlloyAZ31B,,,"Mg alloy, AZ31B",,,,,,,,,,,,,,,,,,,,
non-ferrousMetals,MgAndMgAlloys,MgAlloyAZ63,,,"Mg alloy, AZ63",,,,,,,,,,,,,,,,,,,,
non-ferrousMetals,MgAndMgAlloys,MgAlloyAZ91E,,,"Mg alloy, AZ91E",,,,,,,,,,,,,,,,,,,,
non-ferrousMetals,MgAndMgAlloys,MgAlloyMgAl3Zn,,,"Mg alloy, MgAl3Zn",,,,,,,,,,,,,,,,,,,,
non-ferrousMetals,MgAndMgAlloys,MgAlloyMgAl6Zn,,,"Mg alloy, MgAl6Zn",,,,,,,,,,,,,,,,,,,,
non-ferrousMetals,MgAndMgAlloys,MgAlloyMgAl6Zn3,,,"Mg alloy, MgAl6Zn3",,,,,,,,,,,,,,,,,,,,
non-ferrousMetals,MgAndMgAlloys,MgAlloyMgAl8Zn1,,,"Mg alloy, MgAl8Zn1",,,,,,,,,,,,,,,,,,,,
non-ferrousMetals,MgAndMgAlloys,MgAlloyMgAl9Zn1,,,"Mg alloy, MgAl9Zn1",,,,,,,,,,,,,,,,,,,,
non-ferrousMetals,MgAndMgAlloys,MgAlloyMgAl9Zn2,,,"Mg alloy, MgAl9Zn2",,,,,,,,,,,,,,,,,,,,
non-ferrousMetals,MgAndMgAlloys,MgAlloyMgMn1.5,,,"Mg alloy, MgMn1.5",,,,,,,,,,,,,,,,,,,,
non-ferrousMetals,MgAndMgAlloys,MgAlloyMgZn6Zr,,,"Mg alloy, MgZn6Zr",,,,,,,,,,,,,,,,,,,,
non-ferrousMetals,NiAndNiAlloys,kovarAlloy,,,Kovar Alloy,Ni,,,,,,,,,,,,,,,,,,,
non-ferrousMetals,NiAndNiAlloys,NiAlloyDuranik,,,"Ni alloy, Duranik",Ni,,,,,,,,,,,,,,,,,,,
non-ferrousMetals,NiAndNiAlloys,NiAlloyInvar,,,"Ni alloy, Invar",Ni,,,,,,,,,,,,,,,,,,,
non-ferrousMetals,NiAndNiAlloys,NiAlloyMumetal,,,"Ni alloy, Mumetal",Ni,,,,,,,,,,,,,,,,,,,
non-ferrousMetals,NiAndNiAlloys,NiAlloyNi99.6,,,"Ni alloy, Ni 99.6",Ni,,,,,,,,,,,,,,,,,,,
non-ferrousMetals,NiAndNiAlloys,NiAlloyNiAg6518752,,,"Ni alloy, Ni-Ag 65-18 (752)",Ni,Ag,,,,,,,,,,,,,,,,,,
non-ferrousMetals,NiAndNiAlloys,NiAlloyNiCr20Co18Ti,,,"Ni alloy, NiCr20Co18Ti",Ni,Cr,Co,Ti,,,,,,,,,,,,,,,,
non-ferrousMetals,NiAndNiAlloys,NiAlloyNiCr20TiAl,,,"Ni alloy, NiCr20TiAl",Ni,Cr,Ti,Al,,,,,,,,,,,,,,,,
non-ferrousMetals,NiAndNiAlloys,NiAlloyNiCr8020,,,"Ni alloy, NiCr 80 20",Ni,Cr,,,,,,,,,,,,,,,,,,
non-ferrousMetals,NiAndNiAlloys,NiAlloyNiCu30Al,,,"Ni alloy, NiCu30Al",Ni,Cu,Al,,,,,,,,,,,,,,,,,
non-ferrousMetals,NiAndNiAlloys,NiAlloyNiCu30Fe,,,"Ni alloy, NiCu30Fe",Ni,Cu,Fe,,,,,,,,,,,,,,,,,
non-ferrousMetals,NiAndNiAlloys,NiAlloyNiFe5050,,,"Ni alloy, NiFe 50 50",Ni,Fe,,,,,,,,,,,,,,,,,,
non-ferrousMetals,NiAndNiAlloys,NiAlloyNiMo30,,,"Ni alloy, NiMo30",Ni,Mo,,,,,,,,,,,,,,,,,,
non-ferrousMetals,NiAndNiAlloys,NiAlloyNiSpanC902,,,"Ni alloy, Ni span C902",Ni,,,,,,,,,,,,,,,,,,,
non-ferrousMetals,NiAndNiAlloys,NiAlloySupermalloy,,,"Ni alloy, Supermalloy",Ni,,,,,,,,,,,,,,,,,,,
non-ferrousMetals,otherMetalsAndMetalAlloys,alloyBeryliumS200 ,,,"Alloy, Berylium S-200 ",,,,,,,,,,,,,,,,,,,,
non-ferrousMetals,otherMetalsAndMetalAlloys,alloyBiodur,,,"Alloy, Biodur (cobalt-chromium-molybdenum alloy)",,,,,,,,,,,,,,,,,,,,
non-ferrousMetals,otherMetalsAndMetalAlloys,alloyHaynes25,,,"Alloy, Haynes 25 (cobalt-nickel- chromium-tungsten alloy)",,,,,,,,,,,,,,,,,,,,
non-ferrousMetals,otherMetalsAndMetalAlloys,alloyINCOLOY903,,,"Alloy, INCOLOY 903",,,,,,,,,,,,,,,,,,,,
non-ferrousMetals,otherMetalsAndMetalAlloys,alloyINCONEL725Annealed,,,"Alloy, INCONEL 725 (Annealed)",,,,,,,,,,,,,,,,,,,,
non-ferrousMetals,otherMetalsAndMetalAlloys,alloyINCONELColdRolled,,,"Alloy, INCONEL (Cold Rolled)",,,,,,,,,,,,,,,,,,,,
non-ferrousMetals,otherMetalsAndMetalAlloys,alloyInvar,,,"Alloy, Invar",,,,,,,,,,,,,,,,,,,,
non-ferrousMetals,otherMetalsAndMetalAlloys,CoAlloyUnspecified,,,"Cobalt alloy, unspecified",,,,,,,,,,,,,,,,,,,,
non-ferrousMetals,otherMetalsAndMetalAlloys,galliumArsenide,,,Gallium Arsenide,,,,,,,,,,,,,,,,,,,,
non-ferrousMetals,otherMetalsAndMetalAlloys,hafniumCarbide,,,Hafnium carbide,,,,,,,,,,,,,,,,,,,,
non-ferrousMetals,otherMetalsAndMetalAlloys,HfAlloyUnspecified,,,"Hafnium alloy, unspecified",,,,,,,,,,,,,,,,,,,,
non-ferrousMetals,otherMetalsAndMetalAlloys,lithiumBrine,,,Lithium brine,,,,,,,,,,,,,,,,,,,,
non-ferrousMetals,otherMetalsAndMetalAlloys,magnetAlloysNdFeB,,,Magnet alloys NdFeB,Nd,Fe,B,Pr,Dy,Al,Nb,,,,,,,,,,,,,
non-ferrousMetals,otherMetalsAndMetalAlloys,TaAlloyUnspecified,,,"Tantalum alloy, unspecified",,,,,,,,,,,,,,,,,,,,
non-ferrousMetals,PbAndPbAlloys,hard-lead3,,,,,,,,,,,,,,,,,,,,,,,
non-ferrousMetals,PbAndPbAlloys,otherPbAlloys,,,,,,,,,,,,,,,,,,,,,,,
non-ferrousMetals,SnAndSnAlloys,fusibleSnAlloys,softSolderSnCu,,"Soft solder, Sn97Cu3",,,,,,,,,,,,,,,,,,,,
non-ferrousMetals,SnAndSnAlloys,fusibleSnAlloys,solderBarSnAgCuForElectronicsIndustry,,"Solder, bar, Sn95.5Ag3.9Cu0.6, for electronics industry",,,,,,,,,,,,,,,,,,,,
non-ferrousMetals,SnAndSnAlloys,fusibleSnAlloys,solderBarSnPbForElectronicsIndustry,,"Solder, bar, Sn63Pb37, for electronics industry",,,,,,,,,,,,,,,,,,,,
non-ferrousMetals,SnAndSnAlloys,fusibleSnAlloys,solderPasteSnAgCuForElectronicsIndustry,,"Solder, paste, Sn95.5Ag3.9Cu0.6, for electronics industry",,,,,,,,,,,,,,,,,,,,
non-ferrousMetals,SnAndSnAlloys,fusibleSnAlloys,solderPasteSnPbForElectronicsIndustry,,"Solder, paste, Sn63Pb37, for electronics industry",,,,,,,,,,,,,,,,,,,,
non-ferrousMetals,SnAndSnAlloys,pewter,,,,,,,,,,,,,,,,,,,,,,,
non-ferrousMetals,TiAndTiAlloys,Ti6Al2Nb1Ta0.8Mo,,,"Ti alloy, Ti-6Al-2Nb-1Ta-0.8Mo",,,,,,,,,,,,,,,,,,,,
non-ferrousMetals,TiAndTiAlloys,TiAl5Sn2,,,"Ti alloy, TiAl5Sn2",,,,,,,,,,,,,,,,,,,,
non-ferrousMetals,TiAndTiAlloys,TiAl6V4,,,"Ti alloy, TiAl6V4",,,,,,,,,,,,,,,,,,,,
non-ferrousMetals,TiAndTiAlloys,TiV15SnCrAl3,,,"Ti alloy, TiV15SnCrAl3",,,,,,,,,,,,,,,,,,,,
non-ferrousMetals,WAlloyUnspecified,,,,"Tungsten alloy, unspecified",,,,,,,,,,,,,,,,,,,,
non-ferrousMetals,ZnAndZnAlloys,ZnAlloyZamak3,,,"Zn alloy, Zamak3",Zn,,,,,,,,,,,,,,,,,,,
non-ferrousMetals,ZnAndZnAlloys,ZnAlloyZamak5,,,"Zn alloy, Zamak5",Zn,,,,,,,,,,,,,,,,,,,
non-ferrousMetals,ZnAndZnAlloys,ZnAlloyZnAlCu,,,"Zn alloy, ZnAlCu",Zn,Al,,,,,,,,,,,,,,,,,,
non-ferrousMetals,ZnAndZnAlloys,ZnCuTi,,,"Zn alloy, ZnCuTi",Zn,Cu,Ti,,,,,,,,,,,,,,,,,
non-ferrousMetals,ZnAndZnAlloys,ZnSuperPlastic,,,Zn (super plastic),Zn,,,,,,,,,,,,,,,,,,,
organics,bitumen,,,,,,,,,,,,,,,,,,,,,,,,
organics,carbon,carbonFiberPrecursor,,,"Carbon fibre, Precursor",,,,,,,,,,,,,,,,,,,,
organics,carbon,diamondNatural,,,"Diamond, natural",,,,,,,,,,,,,,,,,,,,
organics,carbon,diamondPolycrystalline,,,"Diamond, polycrystalline",,,,,,,,,,,,,,,,,,,,
organics,carbon,diamondSynthetics,,,"Diamond, synthetics",,,,,,,,,,,,,,,,,,,,
organics,cardboard,,,,cardboard and carton,,,,,,,,,,,,,,,,,,,,
organics,fluid,,,,fluid from heat pump,,,,,,,,,,,,,,,,,,,,
organics,gas,,,,,,,,,,,,,,,,,,,,,,,,
organics,leather,,,,,,,,,,,,,,,,,,,,,,,,
organics,oil,oilCompressor,,,"Compressor oil: either after separation of (H)CFC from (H)CFC containing compressor oil ( quality: < 0.2% total halogen content), or  containing (H)CFC - to be forwarded to further separation or recovery/disposal (quality: > 0.2% total halogen content).",,,,,,,,,,,,,,,,,,,,
organics,oil,oilFrying,,,edible oil and fat separated from WEEE (e.g. fat out of fryers),,,,,,,,,,,,,,,,,,,,
organics,oil,oilHeatTransmission,,,heat transmission oils e.g. from oil radiators. May contain PCBs (quality: < or > 50 ppm PCB ).,,,,,,,,,,,,,,,,,,,,
organics,oil,otherOil,,,,,,,,,,,,,,,,,,,,,,,
organics,paper,,,,paper,,,,,,,,,,,,,,,,,,,,
organics,plastics,biodegradablePlastics,celluloseBased,polymerCA,Cellulose polymers (CA),,,,,,,,,,,,,,,,,,,,
organics,plastics,biodegradablePlastics,otherBiodegradablePlastics,,,,,,,,,,,,,,,,,,,,,,
organics,plastics,biodegradablePlastics,polylacticAcids,polymerPLA,"Polylactide, starch based biodegradeble plastic (PLA)",,,,,,,,,,,,,,,,,,,,
organics,plastics,biodegradablePlastics,starchBased,polymerTPS,Starch-based thermoplastics (TPS),,,,,,,,,,,,,,,,,,,,
organics,plastics,brominatedPlastics,,,,,,,,,,,,,,,,,,,,,,,
organics,plastics,elastomers,otherElastomers,polymerTPE,Thermoplastic elastomers (TPE),,,,,,,,,,,,,,,,,,,,
organics,plastics,elastomers,rubberBased,polymerBR,Butadien rubber (BR),,,,,,,,,,,,,,,,,,,,
organics,plastics,elastomers,rubberBased,polymerCR,Polyhloroprene (Neoprene) rubber (CR),,,,,,,,,,,,,,,,,,,,
organics,plastics,elastomers,rubberBased,polymerEPDM,ethylene propylene diene monomer rubber (EPDM),,,,,,,,,,,,,,,,,,,,
organics,plastics,elastomers,rubberBased,polymerEVA,Ethylene vinyl acetate rubber (EVA),,,,,,,,,,,,,,,,,,,,
organics,plastics,elastomers,rubberBased,polymerIR,Polyisoprene rubber (IR) ,,,,,,,,,,,,,,,,,,,,
organics,plastics,elastomers,rubberBased,polymerNBR,Acrylnitril butadien rubber (NBR),,,,,,,,,,,,,,,,,,,,
organics,plastics,elastomers,rubberBased,polymerNR,Natural rubber (NR),,,,,,,,,,,,,,,,,,,,
organics,plastics,elastomers,rubberBased,polymerSBR,Styrol butadien rubber (SBR),,,,,,,,,,,,,,,,,,,,
organics,plastics,elastomers,rubberBased,polymerSR,Silicone rubber (SR),,,,,,,,,,,,,,,,,,,,
organics,plastics,thermoplastics,otherThermoplastics,polymerIonomer,Ionomer,,,,,,,,,,,,,,,,,,,,
organics,plastics,thermoplastics,otherThermoplastics,polymerPBT,Polybutylene terephthalate,,,,,,,,,,,,,,,,,,,,
organics,plastics,thermoplastics,otherThermoplastics,polymerPC,Polycarbonate (PC),,,,,,,,,,,,,,,,,,,,
organics,plastics,thermoplastics,otherThermoplastics,polymerPCA,"Alloy of PC and ABS, Acrylonitrile-butadiene-styrene + polycarbonate",,,,,,,,,,,,,,,,,,,,
organics,plastics,thermoplastics,otherThermoplastics,polymerPCTFE,Polychlorotrifluoroethylene (PCTFE),,,,,,,,,,,,,,,,,,,,
organics,plastics,thermoplastics,otherThermoplastics,polymerPEEK,Polyetheretherketone (PEEK),,,,,,,,,,,,,,,,,,,,
organics,plastics,thermoplastics,otherThermoplastics,polymerPEI,Polyetherimide (PEI),,,,,,,,,,,,,,,,,,,,
organics,plastics,thermoplastics,otherThermoplastics,polymerPES,Polysulfone (PES),,,,,,,,,,,,,,,,,,,,
organics,plastics,thermoplastics,otherThermoplastics,polymerPMMA,Polymethylmethacrylat,,,,,,,,,,,,,,,,,,,,
organics,plastics,thermoplastics,otherThermoplastics,polymerPOM,"Polyoxymethylene (POM), acetal ",,,,,,,,,,,,,,,,,,,,
organics,plastics,thermoplastics,otherThermoplastics,polymerPOMPolyacetaal,"Polyoxymethyleen (POM), polyacetaal ",,,,,,,,,,,,,,,,,,,,
organics,plastics,thermoplastics,otherThermoplastics,polymerPPE,Polyphenyl ether (PPE),,,,,,,,,,,,,,,,,,,,
organics,plastics,thermoplastics,otherThermoplastics,polymerPPO,Polyphenylene oxide,,,,,,,,,,,,,,,,,,,,
organics,plastics,thermoplastics,otherThermoplastics,polymerPPS,Polyphenylene sulfide (PPS),,,,,,,,,,,,,,,,,,,,
organics,plastics,thermoplastics,otherThermoplastics,polymerPPSU,Polyphenylsulfone (PPSU),,,,,,,,,,,,,,,,,,,,
organics,plastics,thermoplastics,otherThermoplastics,polymerPSU,Polysulfone (PSU),,,,,,,,,,,,,,,,,,,,
organics,plastics,thermoplastics,otherThermoplastics,polymerPVDF,Polyvinylidene fluoride (PVDF),,,,,,,,,,,,,,,,,,,,
organics,plastics,thermoplastics,otherThermoplastics,polymerSANCopolymer,Styrene-acrylonitrile copolymer (SAN),,,,,,,,,,,,,,,,,,,,
organics,plastics,thermoplastics,otherThermoplastics,polymerSANResin,Styrene-acrylonitrile resin (SAN),,,,,,,,,,,,,,,,,,,,
organics,plastics,thermoplastics,otherThermoplastics,poylmerPVAC,Polyvinyl acetate (PVAC),,,,,,,,,,,,,,,,,,,,
organics,plastics,thermoplastics,polyamides,polmerPA11,"Polyamide (nylon), PA-11 (Nylon-11), bio-based polymer",,,,,,,,,,,,,,,,,,,,
organics,plastics,thermoplastics,polyamides,polymerPA,Polyamide (nylon) (PA),,,,,,,,,,,,,,,,,,,,
organics,plastics,thermoplastics,polyamides,polymerPA12,"Polyamide (nylon), PA-12 (Nylon-12)",,,,,,,,,,,,,,,,,,,,
organics,plastics,thermoplastics,polyamides,polymerPA46,Polyamide PA46,,,,,,,,,,,,,,,,,,,,
organics,plastics,thermoplastics,polyamides,polymerPA6,"Polyamide (nylon), PA 6 (Nylon 6, Polyamide 6)",,,,,,,,,,,,,,,,,,,,
organics,plastics,thermoplastics,polyamides,polymerPA66,"Polyamide (nylon), PA 66 (Nylon 66, Polyamide 6-6)",,,,,,,,,,,,,,,,,,,,
organics,plastics,thermoplastics,polyamides,polymerPA66GF30,"Polyamide (nylon), PA 66 GF30",,,,,,,,,,,,,,,,,,,,
organics,plastics,thermoplastics,polyamides,polymerPA6GF30,"Polyamide (nylon), PA 6 GF30",,,,,,,,,,,,,,,,,,,,
organics,plastics,thermoplastics,polyamides,polymerPA6X,"Polyamide (nylon), PA 6 X",,,,,,,,,,,,,,,,,,,,
organics,plastics,thermoplastics,polyester,,,,,,,,,,,,,,,,,,,,,,
organics,plastics,thermoplastics,polyesters,polymerPET,Polyethylene terephthalate (PET),,,,,,,,,,,,,,,,,,,,
organics,plastics,thermoplastics,polyesters,polymerPETP,PETP,,,,,,,,,,,,,,,,,,,,
organics,plastics,thermoplastics,polyesters,polymerPolyesterResin,Polyester resin,,,,,,,,,,,,,,,,,,,,
organics,plastics,thermoplastics,polyesters,polymerPolyesterUnsaturated,Polyester (unsaturated),,,,,,,,,,,,,,,,,,,,
organics,plastics,thermoplastics,polyesters,polymerPTT,Polyltrimethylene terephthalate (PTT),,,,,,,,,,,,,,,,,,,,
organics,plastics,thermoplastics,polyolefines,polymerHDPE,"Polyethylene, high density (HDPE)",,,,,,,,,,,,,,,,,,,,
organics,plastics,thermoplastics,polyolefines,polymerLDPE,"Polyethylene, low density (LDPE)",,,,,,,,,,,,,,,,,,,,
organics,plastics,thermoplastics,polyolefines,polymerLLDPE,"Polyethylene, linear low density (LLDPE)",,,,,,,,,,,,,,,,,,,,
organics,plastics,thermoplastics,polyolefines,polymerPB,Polybutylene (PB),,,,,,,,,,,,,,,,,,,,
organics,plastics,thermoplastics,polyolefines,polymerPE,Polyethylene (PE),,,,,,,,,,,,,,,,,,,,
organics,plastics,thermoplastics,polyolefines,polymerPE-UHMW,PE-UHMW,,,,,,,,,,,,,,,,,,,,
organics,plastics,thermoplastics,polyolefines,polymerPP,Polypropylene (PP) ,,,,,,,,,,,,,,,,,,,,
organics,plastics,thermoplastics,polyolefines,polymerPPGF30,"Polypropylene (PP), GF30",,,,,,,,,,,,,,,,,,,,
organics,plastics,thermoplastics,polystyrenes,polymerABS,Acrylonitrile-butadiene styrene terpolymer (ABS),,,,,,,,,,,,,,,,,,,,
organics,plastics,thermoplastics,polystyrenes,polymerGPPS,"Polystyrene, general purpose (GPPS)",,,,,,,,,,,,,,,,,,,,
organics,plastics,thermoplastics,polystyrenes,polymerHIPS,"Polystyrene, high impact (HIPS)",,,,,,,,,,,,,,,,,,,,
organics,plastics,thermoplastics,polystyrenes,polymerPCABS,Polycarbonate/acrylonitrile butadiene styrene blend (PC/ABS),,,,,,,,,,,,,,,,,,,,
organics,plastics,thermoplastics,polystyrenes,polymerPS,Polystyrene (PS),,,,,,,,,,,,,,,,,,,,
organics,plastics,thermoplastics,polystyrenes,poylmerEPS,"Polystyrene, expandable (EPS)",,,,,,,,,,,,,,,,,,,,
organics,plastics,thermoplastics,styrolpolymers,polymerPUR,Polyurethane (PUR),,,,,,,,,,,,,,,,,,,,
organics,plastics,thermoplastics,vinylchloridepolymers,polymerAPVC,Poly(vinyl chloride) (PVC) amorphous,,,,,,,,,,,,,,,,,,,,
organics,plastics,thermoplastics,vinylchloridepolymers,polymerPVC,Poly(vinyl chloride) (PVC),,,,,,,,,,,,,,,,,,,,
organics,plastics,thermoplastics,vinylchloridepolymers,polymerPVCResin,Poly(vinyl chloride) (PVC) Resin,,,,,,,,,,,,,,,,,,,,
organics,plastics,thermosets,epoxy,polymerEpoxyResin,Epoxy resin,,,,,,,,,,,,,,,,,,,,
organics,plastics,thermosets,epoxy,otherEpoxy,,,,,,,,,,,,,,,,,,,,,
organics,plastics,thermosets,melamine,polymerMFResin,Melamine-formaldehyde resin (MF),,,,,,,,,,,,,,,,,,,,
organics,plastics,thermosets,melamine,otherMelamine,,,,,,,,,,,,,,,,,,,,,
organics,plastics,thermosets,otherThermosets,polymerPF,Phenol formaldehyde resin (PF),,,,,,,,,,,,,,,,,,,,
organics,plastics,thermosets,otherThermosets,polymerPhenolics,Phenolics (Bakelite),,,,,,,,,,,,,,,,,,,,
organics,plastics,thermosets,polyurethanes,,,,,,,,,,,,,,,,,,,,,,
organics,plastics,thermosets,silicone,,,,,,,,,,,,,,,,,,,,,,
organics,plastics,thermosets,ureaFormaldehyde,polymerUF,Urea-formaldehyde resin (UF),,,,,,,,,,,,,,,,,,,,
organics,plastics,thermosets,ureaFormaldehydes,,,,,,,,,,,,,,,,,,,,,,
organics,wood,naturalWood,americanAlaskaCedarWood,,"Wood, American Alaska Cedar",,,,,,,,,,,,,,,,,,,,
organics,wood,naturalWood,americanedGumWood,,"Wood, American red Gum",,,,,,,,,,,,,,,,,,,,
organics,wood,naturalWood,americanRedMapleWood,,"Wood, American Red Maple",,,,,,,,,,,,,,,,,,,,
organics,wood,naturalWood,americanRedOakWood,,"Wood, American Red Oak",,,,,,,,,,,,,,,,,,,,
organics,wood,naturalWood,americanRedwoodWood,,"Wood, American Redwood",,,,,,,,,,,,,,,,,,,,
organics,wood,naturalWood,whiteOakWood,,"Wood, White Oak",,,,,,,,,,,,,,,,,,,,
organics,wood,preservativeTreatedWood,,,,,,,,,,,,,,,,,,,,,,,
organics,wood,treatedWood,,,,,,,,,,,,,,,,,,,,,,,
undefindedAndMixedMaterials,aggregateBinderMixedMaterials,asphalt,,,,,,,,,,,,,,,,,,,,,,,
undefindedAndMixedMaterials,aggregateBinderMixedMaterials,concrete,,,,,,,,,,,,,,,,,,,,,,,
undefindedAndMixedMaterials,ceramicComposites,ceramicCompositesAl,,,"Ceramic matrix composites, Al",,,,,,,,,,,,,,,,,,,,
undefindedAndMixedMaterials,ceramicComposites,ceramicCompositesAlumina,,,"Ceramic matrix composites, Alumina",,,,,,,,,,,,,,,,,,,,
undefindedAndMixedMaterials,ceramicComposites,ceramicCompositesAluminiumNitride,,,"Ceramic matrix composites, Aluminium Nitride",,,,,,,,,,,,,,,,,,,,
undefindedAndMixedMaterials,ceramicComposites,ceramicCompositesCu,,,"Ceramic matrix composites, Cu",,,,,,,,,,,,,,,,,,,,
undefindedAndMixedMaterials,ceramicComposites,ceramicCompositesFe,,,"Ceramic matrix composites, Fe",,,,,,,,,,,,,,,,,,,,
undefindedAndMixedMaterials,ceramicComposites,ceramicCompositesGlaze,,,"Ceramic matrix composites, Glaze",,,,,,,,,,,,,,,,,,,,
undefindedAndMixedMaterials,ceramicComposites,ceramicCompositesPorcelain,,,"Ceramic matrix composites, Porcelain",,,,,,,,,,,,,,,,,,,,
undefindedAndMixedMaterials,ceramicComposites,ceramicCompositesSilicon ,,,"Ceramic matrix composites, Silicon ",,,,,,,,,,,,,,,,,,,,
undefindedAndMixedMaterials,ceramicComposites,ceramicCompositesSiliconCarbide,,,"Ceramic matrix composites, Silicon Carbide",,,,,,,,,,,,,,,,,,,,
undefindedAndMixedMaterials,ceramicComposites,ceramicCompositesSiliconNitride,,,"Ceramic matrix composites, Silicon Nitride",,,,,,,,,,,,,,,,,,,,
undefindedAndMixedMaterials,metalComposites,metalCompositesCuAl,,,"metal composites, Cu Al",,,,,,,,,,,,,,,,,,,,
undefindedAndMixedMaterials,metalComposites,metalCompositesFeAlCu,,,"Metal composites, Fe Al",,,,,,,,,,,,,,,,,,,,
undefindedAndMixedMaterials,metalComposites,metalCompositesFeAlCu,,,"Metal composites, Fe Al Cu",,,,,,,,,,,,,,,,,,,,
undefindedAndMixedMaterials,metalComposites,metalCompositesFeCu,,,"Metal composites, Fe Cu",,,,,,,,,,,,,,,,,,,,
undefindedAndMixedMaterials,metalComposites,metalCompositesOther,,,"Metal composites, other",,,,,,,,,,,,,,,,,,,,
undefindedAndMixedMaterials,otherComposites,,,,,,,,,,,,,,,,,,,,,,,,
undefindedAndMixedMaterials,otherOrUndefinedCeramics,boronCarbide,,,Boron Carbide,,,,,,,,,,,,,,,,,,,,
undefindedAndMixedMaterials,otherOrUndefinedCeramics,titaniumCarbide,,,Titanium Carbide,,,,,,,,,,,,,,,,,,,,
undefindedAndMixedMaterials,otherOrUndefinedCeramics,tungstenCarbide,,,Tungsten Carbide,,,,,,,,,,,,,,,,,,,,
undefindedAndMixedMaterials,otherOrUndefinedCeramics,zirconiumCarbide,,,Zirconium Carbide,,,,,,,,,,,,,,,,,,,,
undefindedAndMixedMaterials,otherOrUndefinedMaterials,AlNitride,,,Aluminium Nitride,,,,,,,,,,,,,,,,,,,,
undefindedAndMixedMaterials,otherOrUndefinedMaterials,AlOxide,,,Aluminium Oxide,,,,,,,,,,,,,,,,,,,,
undefindedAndMixedMaterials,otherOrUndefinedMaterials,alumina96Percent,,,Alumina 96%,,,,,,,,,,,,,,,,,,,,
undefindedAndMixedMaterials,otherOrUndefinedMaterials,boronNitride,,,Boron Nitride,,,,,,,,,,,,,,,,,,,,
undefindedAndMixedMaterials,otherOrUndefinedMaterials,calciumFlouride,,,Calcium Flouride,,,,,,,,,,,,,,,,,,,,
undefindedAndMixedMaterials,otherOrUndefinedMaterials,coolant,,,"CFC, HCFC, HFC, NH3-CrO4-mixture",,,,,,,,,,,,,,,,,,,,
undefindedAndMixedMaterials,otherOrUndefinedMaterials,diphenylChlorinated,,,Chlorinated diphenyls,,,,,,,,,,,,,,,,,,,,
undefindedAndMixedMaterials,otherOrUndefinedMaterials,electrolytesBatteries,,,electrolytes from batteries and accumulators,,,,,,,,,,,,,,,,,,,,
undefindedAndMixedMaterials,otherOrUndefinedMaterials,fluff,,,fluff-light fraction and dust containing hazardous substances,,,,,,,,,,,,,,,,,,,,
undefindedAndMixedMaterials,otherOrUndefinedMaterials,fluorescentPowder,,,fluorescent coating material (phosphor layer) from CRT's or gas discharge lamps,,,,,,,,,,,,,,,,,,,,
undefindedAndMixedMaterials,otherOrUndefinedMaterials,fuel,,,fuels from pyrolysis of wastes and other/similar special waste separation processes (e.g. cracking or similar) of organic wastes,,,,,,,,,,,,,,,,,,,,
undefindedAndMixedMaterials,otherOrUndefinedMaterials,inorganicCRTglassResidues,,,"mixture of CRT glass residues after mechanical treatment (e.g. crushing or grinding), front and cone glass pieces +/- glass fines from separation +/- fluorescent coating material +/- residues from cleaning, washing ",,,,,,,,,,,,,,,,,,,,
undefindedAndMixedMaterials,otherOrUndefinedMaterials,losses,,,losses,,,,,,,,,,,,,,,,,,,,
undefindedAndMixedMaterials,otherOrUndefinedMaterials,nickelSulfate,,,Nickel sulfate,,,,,,,,,,,,,,,,,,,,
undefindedAndMixedMaterials,otherOrUndefinedMaterials,polymerMA,,,Maleic anhydride (MA),,,,,,,,,,,,,,,,,,,,
undefindedAndMixedMaterials,otherOrUndefinedMaterials,polymerPHAPHB,,,"Polyhydroxyalkanoates, biodegradable (PHA or PHB)",,,,,,,,,,,,,,,,,,,,
undefindedAndMixedMaterials,otherOrUndefinedMaterials,polymerPTFETeflon,,,"Polytetrafluoroethylene 
(PTFE, Teflon)",,,,,,,,,,,,,,,,,,,,
undefindedAndMixedMaterials,otherOrUndefinedMaterials,polymerSAN,,,Styrol-Acrylnitril,,,,,,,,,,,,,,,,,,,,
undefindedAndMixedMaterials,otherOrUndefinedMaterials,poylmerPVDC,,,Polyvinylidene chloride (PVDC),,,,,,,,,,,,,,,,,,,,
undefindedAndMixedMaterials,otherOrUndefinedMaterials,siliconNitride,,,Silicon Nitride,,,,,,,,,,,,,,,,,,,,
undefindedAndMixedMaterials,otherOrUndefinedMaterials,sodiumChloride,,,Sodium Chloride,,,,,,,,,,,,,,,,,,,,
undefindedAndMixedMaterials,otherOrUndefinedMaterials,solventsUnspecified,,,other solvents and solvent mixtures,,,,,,,,,,,,,,,,,,,,
undefindedAndMixedMaterials,otherOrUndefinedMaterials,stannicOxide,,,Tin dioxide,,,,,,,,,,,,,,,,,,,,
undefindedAndMixedMaterials,otherOrUndefinedMaterials,steatile,,,Steatile,,,,,,,,,,,,,,,,,,,,
undefindedAndMixedMaterials,otherOrUndefinedMaterials,titania,,,Titania,,,,,,,,,,,,,,,,,,,,
undefindedAndMixedMaterials,otherOrUndefinedMaterials,water,,,"condensation water including oil residues, e.g. from treatment of cooling & freezing appliances.",,,,,,,,,,,,,,,,,,,,
undefindedAndMixedMaterials,otherOrUndefinedMaterials,zirconia,,,Zirconia,,,,,,,,,,,,,,,,,,,,
undefindedAndMixedMaterials,otherOrUndefinedMaterials,zirconiumOxideCeramicStablized,,,Zirconium Oxide Ceramic Stablized,,,,,,,,,,,,,,,,,,,,
undefindedAndMixedMaterials,plasticComposites,aramidFiberReinforcedNylon,,,Aramid Fiber reinforced Nylon 6/6,,,,,,,,,,,,,,,,,,,,
undefindedAndMixedMaterials,plasticComposites,aramidFiberReinforcedPolycarbonate,,,Aramid fibre reinforced polycarbonate,,,,,,,,,,,,,,,,,,,,
undefindedAndMixedMaterials,plasticComposites,carbonFiberReinforcedPolycarbonate,,,Carbon fibre reinforced polycarbonate,,,,,,,,,,,,,,,,,,,,
undefindedAndMixedMaterials,plasticComposites,carbonGlassFiberReinforcedPlolycarbonate,,,Carbon+Glass Fiber Reinforced Plolycarbonate,,,,,,,,,,,,,,,,,,,,
undefindedAndMixedMaterials,plasticComposites,compositeCFRP,,,"Carbon-fiber-reinforced plastic, 25% carbon (CFRP)",,,,,,,,,,,,,,,,,,,,
undefindedAndMixedMaterials,plasticComposites,epoxyCarbonFiberComposite,,,Epoxy/Carbon Fiber Composite,,,,,,,,,,,,,,,,,,,,
undefindedAndMixedMaterials,plasticComposites,epoxyGlassFiberComposite,,,Epoxy/Glass Fiber composite,,,,,,,,,,,,,,,,,,,,
undefindedAndMixedMaterials,plasticComposites,fibreComposit,,,"fibre composit is a layered, textile, non-woven, pressed fleece fabric made of wool and/or fibres",,,,,,,,,,,,,,,,,,,,
undefindedAndMixedMaterials,plasticComposites,plasticCompositesAl,,,"Plastic composites, Al",,,,,,,,,,,,,,,,,,,,
undefindedAndMixedMaterials,plasticComposites,plasticCompositesCu,,,"Plastic composites, Cu",,,,,,,,,,,,,,,,,,,,
undefindedAndMixedMaterials,plasticComposites,PlasticCompositesFe,,,"Plastic composites, Fe",,,,,,,,,,,,,,,,,,,,
undefindedAndMixedMaterials,plasticComposites,plasticCompositesFeCu,,,"Plastic composites, Fe Cu",,,,,,,,,,,,,,,,,,,,
undefindedAndMixedMaterials,plasticComposites,plasticCompositesWood,,,"Plastic composites, wood",,,,,,,,,,,,,,,,,,,,
undefindedAndMixedMaterials,plasticComposites,polymerLinoleum,,,Linoleum,,,,,,,,,,,,,,,,,,,,
undefindedAndMixedMaterials,plasticComposites,polymerPC30GlassFibre,,,"Polycarbonate (PC), 30% glass fibre",,,,,,,,,,,,,,,,,,,,
undefindedAndMixedMaterials,plasticComposites,polymerSMCDMC25,,,"Sheet and dough moulding compound (SMC and DMC), 25% GL",,,,,,,,,,,,,,,,,,,,
undefindedAndMixedMaterials,plasticComposites,polymerSMCDMC50,,,"Sheet and dough moulding compound (SMC and DMC), 50% GL",,,,,,,,,,,,,,,,,,,,
undefindedAndMixedMaterials,reinforcedMaterials,reinforcedConcrete,,,,,,,,,,,,,,,,,,,,,,,
undefindedAndMixedMaterials,reinforcedMaterials,reinforcedPlastics,,,,,,,,,,,,,,,,,,,,,,,
,,,,,,,,,,,,,,,,,,,,,,,,,
,,,,,,,,,,,,,,,,,,,,,,,,,
,,,,,,,,,,,,,,,,,,,,,,,,,
,,,,,,,,,,,,,,,,,,,,,,,,,
1,1,1,1,<-- unique values,326,<-- TOTAL unique values,,,,,,,,,,,,,,,,,,,
