,outflow,outflow,outflow,outflow,outflow,inflow,inflow,inflow,inflow,inflow,data
,flow,product,component,material,element,flow,product,component,material,element,data
0,WEEE_generatedComplementaryMetalScrap,WEEE_Cat1,,,,WEEE_generatedDedicated,WEEE_Cat1,,,,0.21
1,WEEE_generatedComplementaryMetalScrap,WEEE_Cat2,,,,WEEE_generatedDedicated,WEEE_Cat2,,,,0.32
2,WEEE_generatedComplementaryMetalScrap,WEEE_Cat3,,,,WEEE_generatedDedicated,WEEE_Cat3,,,,0.15
3,WEEE_generatedComplementaryMetalScrap,WEEE_Cat4a,,,,WEEE_generatedDedicated,WEEE_Cat4a,,,,0.45
4,WEEE_generatedComplementaryMetalScrap,WEEE_Cat4b,,,,WEEE_generatedDedicated,WEEE_Cat4b,,,,0.55
5,WEEE_generatedComplementaryMetalScrap,WEEE_Cat5,,,,WEEE_generatedDedicated,WEEE_Cat5,,,,0.53
6,WEEE_generatedComplementaryMetalScrap,WEEE_Cat6,,,,WEEE_generatedDedicated,WEEE_Cat6,,,,0.49
7,WEEE_generatedComplementaryExported,WEEE_Cat1,,,,WEEE_generatedDedicated,WEEE_Cat1,,,,0.08
8,WEEE_generatedComplementaryExported,WEEE_Cat2,,,,WEEE_generatedDedicated,WEEE_Cat2,,,,0.12
9,WEEE_generatedComplementaryExported,WEEE_Cat3,,,,WEEE_generatedDedicated,WEEE_Cat3,,,,0.19
10,WEEE_generatedComplementaryExported,WEEE_Cat4a,,,,WEEE_generatedDedicated,WEEE_Cat4a,,,,0.09
11,WEEE_generatedComplementaryExported,WEEE_Cat4b,,,,WEEE_generatedDedicated,WEEE_Cat4b,,,,0.33
12,WEEE_generatedComplementaryExported,WEEE_Cat5,,,,WEEE_generatedDedicated,WEEE_Cat5,,,,0.54
13,WEEE_generatedComplementaryExported,WEEE_Cat6,,,,WEEE_generatedDedicated,WEEE_Cat6,,,,0.1
14,WEEE_generatedComplementaryUndocumented,WEEE_Cat1,,,,WEEE_generatedDedicated,WEEE_Cat1,,,,0.49
15,WEEE_generatedComplementaryUndocumented,WEEE_Cat2,,,,WEEE_generatedDedicated,WEEE_Cat2,,,,0.46
16,WEEE_generatedComplementaryUndocumented,WEEE_Cat3,,,,WEEE_generatedDedicated,WEEE_Cat3,,,,0.23
17,WEEE_generatedComplementaryUndocumented,WEEE_Cat4a,,,,WEEE_generatedDedicated,WEEE_Cat4a,,,,0.37
18,WEEE_generatedComplementaryUndocumented,WEEE_Cat4b,,,,WEEE_generatedDedicated,WEEE_Cat4b,,,,0.25
19,WEEE_generatedComplementaryUndocumented,WEEE_Cat5,,,,WEEE_generatedDedicated,WEEE_Cat5,,,,0.24
20,WEEE_generatedComplementaryUndocumented,WEEE_Cat6,,,,WEEE_generatedDedicated,WEEE_Cat6,,,,0.44
21,WEEE_generatedComplementaryMSW,WEEE_Cat2,,,,WEEE_generatedDedicated,WEEE_Cat2,,,,0.52
22,WEEE_generatedComplementaryMSW,WEEE_Cat1,,,,WEEE_generatedDedicated,WEEE_Cat1,,,,0.55
23,WEEE_generatedComplementaryMSW,WEEE_Cat3,,,,WEEE_generatedDedicated,WEEE_Cat3,,,,0.57
24,WEEE_generatedComplementaryMSW,WEEE_Cat4a,,,,WEEE_generatedDedicated,WEEE_Cat4a,,,,0.37
25,WEEE_generatedComplementaryMSW,WEEE_Cat4b,,,,WEEE_generatedDedicated,WEEE_Cat4b,,,,0.29
26,WEEE_generatedComplementaryMSW,WEEE_Cat5,,,,WEEE_generatedDedicated,WEEE_Cat5,,,,0.41
27,WEEE_generatedComplementaryMSW,WEEE_Cat6,,,,WEEE_generatedDedicated,WEEE_Cat6,,,,0.05
28,WEEE_collected,WEEE_Cat1,,,,WEEE_generatedDedicated,WEEE_Cat1,,,,0.56
29,WEEE_collected,WEEE_Cat2,,,,WEEE_generatedDedicated,WEEE_Cat2,,,,0.18
30,WEEE_collected,WEEE_Cat3,,,,WEEE_generatedDedicated,WEEE_Cat3,,,,0.17
31,WEEE_collected,WEEE_Cat4a,,,,WEEE_generatedDedicated,WEEE_Cat4a,,,,0.27
32,WEEE_collected,WEEE_Cat4b,,,,WEEE_generatedDedicated,WEEE_Cat4b,,,,0.37
33,WEEE_collected,WEEE_Cat5,,,,WEEE_generatedDedicated,WEEE_Cat5,,,,0.11
34,WEEE_collected,WEEE_Cat6,,,,WEEE_generatedDedicated,WEEE_Cat6,,,,0.32
35,WEEE_wasteBinLandfill,WEEE_Cat1,,,,WEEE_generatedComplementaryMSW,WEEE_Cat1,,,,0.36
36,WEEE_wasteBinLandfill,WEEE_Cat2,,,,WEEE_generatedComplementaryMSW,WEEE_Cat2,,,,0.17
37,WEEE_wasteBinLandfill,WEEE_Cat3,,,,WEEE_generatedComplementaryMSW,WEEE_Cat3,,,,0.29
38,WEEE_wasteBinLandfill,WEEE_Cat4a,,,,WEEE_generatedComplementaryMSW,WEEE_Cat4a,,,,0.29
39,WEEE_wasteBinLandfill,WEEE_Cat4b,,,,WEEE_generatedComplementaryMSW,WEEE_Cat4b,,,,0.21
40,WEEE_wasteBinLandfill,WEEE_Cat5,,,,WEEE_generatedComplementaryMSW,WEEE_Cat5,,,,0.33
41,WEEE_wasteBinLandfill,WEEE_Cat6,,,,WEEE_generatedComplementaryMSW,WEEE_Cat6,,,,0.37
42,WEEE_wasteBinIncineration,WEEE_Cat1,,,,WEEE_generatedComplementaryMSW,WEEE_Cat1,,,,0.15
43,WEEE_wasteBinIncineration,WEEE_Cat2,,,,WEEE_generatedComplementaryMSW,WEEE_Cat2,,,,0.21
44,WEEE_wasteBinIncineration,WEEE_Cat3,,,,WEEE_generatedComplementaryMSW,WEEE_Cat3,,,,0.34
45,WEEE_wasteBinIncineration,WEEE_Cat4a,,,,WEEE_generatedComplementaryMSW,WEEE_Cat4a,,,,0.57
46,WEEE_wasteBinIncineration,WEEE_Cat4b,,,,WEEE_generatedComplementaryMSW,WEEE_Cat4b,,,,0.54
47,WEEE_wasteBinIncineration,WEEE_Cat5,,,,WEEE_generatedComplementaryMSW,WEEE_Cat5,,,,0.34
48,WEEE_wasteBinIncineration,WEEE_Cat6,,,,WEEE_generatedComplementaryMSW,WEEE_Cat6,,,,0.4
49,WEEE_categ_mechRec1,WEEE_Cat1,,,,WEEE_collected,WEEE_Cat1,,,,0.34
50,WEEE_categ_mechRec1,WEEE_Cat6,,,,WEEE_collected,WEEE_Cat6,,,,0.17
51,WEEE_categ_mechRec1,WEEE_Cat2,,,,WEEE_collected,WEEE_Cat2,,,,0.54
52,WEEE_categ_mechRec1,WEEE_Cat4a,,,,WEEE_collected,WEEE_Cat4a,,,,0.14
53,WEEE_categ_mechRec1,WEEE_Cat5,,,,WEEE_collected,WEEE_Cat5,,,,0.14
54,WEEE_categ_mechRec1,WEEE_Cat4b,,,,WEEE_collected,WEEE_Cat4b,,,,0.08
55,WEEE_categ_mechRec1,WEEE_Cat3,,,,WEEE_collected,WEEE_Cat3,,,,0.4
56,WEEE_categ_mechRec2,WEEE_Cat1,,,,WEEE_collected,WEEE_Cat1,,,,0.49
57,WEEE_categ_mechRec2,WEEE_Cat6,,,,WEEE_collected,WEEE_Cat6,,,,0.57
58,WEEE_categ_mechRec2,WEEE_Cat2,,,,WEEE_collected,WEEE_Cat2,,,,0.09
59,WEEE_categ_mechRec2,WEEE_Cat4a,,,,WEEE_collected,WEEE_Cat4a,,,,0.42
60,WEEE_categ_mechRec2,WEEE_Cat5,,,,WEEE_collected,WEEE_Cat5,,,,0.4
61,WEEE_categ_mechRec2,WEEE_Cat4b,,,,WEEE_collected,WEEE_Cat4b,,,,0.55
62,WEEE_categ_mechRec2,WEEE_Cat3,,,,WEEE_collected,WEEE_Cat3,,,,0.27
63,WEEE_mechRec1_mechRec2,,ComponentShadowWEEE,,,WEEE_categ_mechRec1,WEEE_Cat1,ComponentShadowWEEE,,,0.48
64,WEEE_mechRec1_mechRec2,,ConductivitySensor,,,WEEE_categ_mechRec1,WEEE_Cat6,ConductivitySensor,,,0.32
65,WEEE_mechRec1_mechRec2,,LED,,,WEEE_categ_mechRec1,WEEE_Cat2,LED,,,0.27
66,WEEE_mechRec1_mechRec2,,LidarSensor (&lt;15cm),,,WEEE_categ_mechRec1,WEEE_Cat4a,LidarSensor (&lt;15cm),,,0.37
67,WEEE_mechRec1_mechRec2,,MagnetSensor,,,WEEE_categ_mechRec1,WEEE_Cat5,MagnetSensor,,,0.34
68,WEEE_mechRec1_mechRec2,,PCBWEEECat,,,WEEE_categ_mechRec1,WEEE_Cat4b,PCBWEEECat,,,0.17
69,WEEE_mechRec1_mechRec2,,PCBunspecified,,,WEEE_categ_mechRec1,WEEE_Cat3,PCBunspecified,,,0.59
70,WEEE_mechRec1_mechRec2,,PVBacksheet,,,WEEE_categ_mechRec1,WEEE_Cat1,PVBacksheet,,,0.57
71,WEEE_mechRec1_mechRec2,,PVEncapsulationEVA,,,WEEE_categ_mechRec1,WEEE_Cat6,PVEncapsulationEVA,,,0.35
72,WEEE_mechRec1_mechRec2,,PVFrameAl,,,WEEE_categ_mechRec1,WEEE_Cat2,PVFrameAl,,,0.5
73,WEEE_mechRec1_mechRec2,,PVSolarGlass,,,WEEE_categ_mechRec1,WEEE_Cat4a,PVSolarGlass,,,0.32
74,WEEE_mechRec1_mechRec2,,PVcellSi,,,WEEE_categ_mechRec1,WEEE_Cat5,PVcellSi,,,0.42
75,WEEE_mechRec1_mechRec2,,WEEEEvaporator,,,WEEE_categ_mechRec1,WEEE_Cat4b,WEEEEvaporator,,,0.15
76,WEEE_mechRec1_mechRec2,,brush,,,WEEE_categ_mechRec1,WEEE_Cat3,brush,,,0.45
77,WEEE_mechRec1_mechRec2,,cableUnspecified,,,WEEE_categ_mechRec1,WEEE_Cat1,cableUnspecified,,,0.09
78,WEEE_mechRec1_mechRec2,,cableWOPlug,,,WEEE_categ_mechRec1,WEEE_Cat6,cableWOPlug,,,0.44
79,WEEE_mechRec1_mechRec2,,cableWPlug,,,WEEE_categ_mechRec1,WEEE_Cat2,cableWPlug,,,0.34
80,WEEE_mechRec1_mechRec2,,cableWithConnector,,,WEEE_categ_mechRec1,WEEE_Cat4a,cableWithConnector,,,0.46
81,WEEE_mechRec1_mechRec2,,cables,,,WEEE_categ_mechRec1,WEEE_Cat5,cables,,,0.47
82,WEEE_mechRec1_mechRec2,,cablewire,,,WEEE_categ_mechRec1,WEEE_Cat4b,cablewire,,,0.07
83,WEEE_mechRec1_mechRec2,,capElectrolytic,,,WEEE_categ_mechRec1,WEEE_Cat3,capElectrolytic,,,0.19
84,WEEE_mechRec1_mechRec2,,casingPlasticBased,,,WEEE_categ_mechRec1,WEEE_Cat1,casingPlasticBased,,,0.35
85,WEEE_mechRec1_mechRec2,,casingSteelBased,,,WEEE_categ_mechRec1,WEEE_Cat6,casingSteelBased,,,0.09
86,WEEE_mechRec1_mechRec2,,casingUnspecified,,,WEEE_categ_mechRec1,WEEE_Cat2,casingUnspecified,,,0.11
87,WEEE_mechRec1_mechRec2,,coldCathodeLamp,,,WEEE_categ_mechRec1,WEEE_Cat4a,coldCathodeLamp,,,0.26
88,WEEE_mechRec1_mechRec2,,compContainHazardSubst,,,WEEE_categ_mechRec1,WEEE_Cat5,compContainHazardSubst,,,0.41
89,WEEE_mechRec1_mechRec2,,compressor,,,WEEE_categ_mechRec1,WEEE_Cat4b,compressor,,,0.46
90,WEEE_mechRec1_mechRec2,,condensator,,,WEEE_categ_mechRec1,WEEE_Cat3,condensator,,,0.12
91,WEEE_mechRec1_mechRec2,,contactor,,,WEEE_categ_mechRec1,WEEE_Cat1,contactor,,,0.56
92,WEEE_mechRec1_mechRec2,,displayCRT,,,WEEE_categ_mechRec1,WEEE_Cat6,displayCRT,,,0.18
93,WEEE_mechRec1_mechRec2,,displayLCD,,,WEEE_categ_mechRec1,WEEE_Cat2,displayLCD,,,0.58
94,WEEE_mechRec1_mechRec2,,displayLCDunder100cm2,,,WEEE_categ_mechRec1,WEEE_Cat4a,displayLCDunder100cm2,,,0.07
95,WEEE_mechRec1_mechRec2,,displayOther,,,WEEE_categ_mechRec1,WEEE_Cat5,displayOther,,,0.07
96,WEEE_mechRec1_mechRec2,,displayPlasma,,,WEEE_categ_mechRec1,WEEE_Cat4b,displayPlasma,,,0.07
97,WEEE_mechRec1_mechRec2,,driveCDDExt,,,WEEE_categ_mechRec1,WEEE_Cat3,driveCDDExt,,,0.28
98,WEEE_mechRec1_mechRec2,,driveCDDInt,,,WEEE_categ_mechRec1,WEEE_Cat1,driveCDDInt,,,0.54
99,WEEE_mechRec1_mechRec2,,driveFDD,,,WEEE_categ_mechRec1,WEEE_Cat6,driveFDD,,,0.36
100,WEEE_mechRec1_mechRec2,,driveHDD,,,WEEE_categ_mechRec1,WEEE_Cat2,driveHDD,,,0.28
101,WEEE_mechRec1_mechRec2,,driveUnspecified,,,WEEE_categ_mechRec1,WEEE_Cat4a,driveUnspecified,,,0.1
102,WEEE_mechRec1_mechRec2,,electricEngine,,,WEEE_categ_mechRec1,WEEE_Cat5,electricEngine,,,0.19
103,WEEE_mechRec1_mechRec2,,filterFoamBased,,,WEEE_categ_mechRec1,WEEE_Cat4b,filterFoamBased,,,0.21
104,WEEE_mechRec1_mechRec2,,fuse,,,WEEE_categ_mechRec1,WEEE_Cat3,fuse,,,0.33
105,WEEE_mechRec1_mechRec2,,gear,,,WEEE_categ_mechRec1,WEEE_Cat1,gear,,,0.17
106,WEEE_mechRec1_mechRec2,,heatingCoolingEEEairCondenser,,,WEEE_categ_mechRec1,WEEE_Cat6,heatingCoolingEEEairCondenser,,,0.18
107,WEEE_mechRec1_mechRec2,,heatingCoolingEEEfan,,,WEEE_categ_mechRec1,WEEE_Cat2,heatingCoolingEEEfan,,,0.4
108,WEEE_mechRec1_mechRec2,,heatingCoolingEEEheatSink,,,WEEE_categ_mechRec1,WEEE_Cat4a,heatingCoolingEEEheatSink,,,0.22
109,WEEE_mechRec1_mechRec2,,inductor,,,WEEE_categ_mechRec1,WEEE_Cat5,inductor,,,0.46
110,WEEE_mechRec1_mechRec2,,insulation,,,WEEE_categ_mechRec1,WEEE_Cat4b,insulation,,,0.3
111,WEEE_mechRec1_mechRec2,,keyboard,,,WEEE_categ_mechRec1,WEEE_Cat3,keyboard,,,0.42
112,WEEE_mechRec1_mechRec2,,knob,,,WEEE_categ_mechRec1,WEEE_Cat1,knob,,,0.11
113,WEEE_mechRec1_mechRec2,,lenseAssembly,,,WEEE_categ_mechRec1,WEEE_Cat6,lenseAssembly,,,0.28
114,WEEE_mechRec1_mechRec2,,lighting,,,WEEE_categ_mechRec1,WEEE_Cat2,lighting,,,0.58
115,WEEE_mechRec1_mechRec2,,lightingFlash,,,WEEE_categ_mechRec1,WEEE_Cat4a,lightingFlash,,,0.4
116,WEEE_mechRec1_mechRec2,,magnetPermanent,,,WEEE_categ_mechRec1,WEEE_Cat5,magnetPermanent,,,0.48
117,WEEE_mechRec1_mechRec2,,magnetron,,,WEEE_categ_mechRec1,WEEE_Cat4b,magnetron,,,0.33
118,WEEE_mechRec1_mechRec2,,mainboardInclCPUgpu,,,WEEE_categ_mechRec1,WEEE_Cat3,mainboardInclCPUgpu,,,0.58
119,WEEE_mechRec1_mechRec2,,non-electricCoil,,,WEEE_categ_mechRec1,WEEE_Cat1,non-electricCoil,,,0.3
120,WEEE_mechRec1_mechRec2,,nonElectricCoil,,,WEEE_categ_mechRec1,WEEE_Cat6,nonElectricCoil,,,0.56
121,WEEE_mechRec1_mechRec2,,onOffSwitch,,,WEEE_categ_mechRec1,WEEE_Cat2,onOffSwitch,,,0.31
122,WEEE_mechRec1_mechRec2,,otherElectricCompUnspecified,,,WEEE_categ_mechRec1,WEEE_Cat4a,otherElectricCompUnspecified,,,0.09
123,WEEE_mechRec1_mechRec2,,otherNonElectricCompUnspecified,,,WEEE_categ_mechRec1,WEEE_Cat5,otherNonElectricCompUnspecified,,,0.17
124,WEEE_mechRec1_mechRec2,,passiveJunctionBox,,,WEEE_categ_mechRec1,WEEE_Cat4b,passiveJunctionBox,,,0.57
125,WEEE_mechRec1_mechRec2,,plug,,,WEEE_categ_mechRec1,WEEE_Cat3,plug,,,0.3
126,WEEE_mechRec1_mechRec2,,powerSupply,,,WEEE_categ_mechRec1,WEEE_Cat1,powerSupply,,,0.42
127,WEEE_mechRec1_mechRec2,,printedCircuitBoard,,,WEEE_categ_mechRec1,WEEE_Cat6,printedCircuitBoard,,,0.15
128,WEEE_mechRec1_mechRec2,,pump,,,WEEE_categ_mechRec1,WEEE_Cat2,pump,,,0.05
129,WEEE_mechRec1_mechRec2,,refrigerant,,,WEEE_categ_mechRec1,WEEE_Cat4a,refrigerant,,,0.25
130,WEEE_mechRec1_mechRec2,,remoteControl,,,WEEE_categ_mechRec1,WEEE_Cat5,remoteControl,,,0.51
131,WEEE_mechRec1_mechRec2,,resistor,,,WEEE_categ_mechRec1,WEEE_Cat4b,resistor,,,0.25
132,WEEE_mechRec1_mechRec2,,rotor,,,WEEE_categ_mechRec1,WEEE_Cat3,rotor,,,0.3
133,WEEE_mechRec1_mechRec2,,screw,,,WEEE_categ_mechRec1,WEEE_Cat1,screw,,,0.4
134,WEEE_mechRec1_mechRec2,,sensorUnspecified,,,WEEE_categ_mechRec1,WEEE_Cat6,sensorUnspecified,,,0.28
135,WEEE_mechRec1_mechRec2,,shadowComponentWEEE,,,WEEE_categ_mechRec1,WEEE_Cat2,shadowComponentWEEE,,,0.51
136,WEEE_mechRec1_mechRec2,,solenoidValve,,,WEEE_categ_mechRec1,WEEE_Cat4a,solenoidValve,,,0.2
137,WEEE_mechRec1_mechRec2,,speakerEEE2,,,WEEE_categ_mechRec1,WEEE_Cat5,speakerEEE2,,,0.1
138,WEEE_mechRec1_mechRec2,,switch,,,WEEE_categ_mechRec1,WEEE_Cat4b,switch,,,0.25
139,WEEE_mechRec1_mechRec2,,tonerCartridge,,,WEEE_categ_mechRec1,WEEE_Cat3,tonerCartridge,,,0.27
140,WEEE_mechRec1_mechRec2,,transformator,,,WEEE_categ_mechRec1,WEEE_Cat4a,transformator,,,0.58
141,WEEE_mechRec1_mechRec2,,transmission,,,WEEE_categ_mechRec1,WEEE_Cat5,transmission,,,0.34
142,WEEE_mechRec1_mechRec2,,transmitter,,,WEEE_categ_mechRec1,WEEE_Cat4b,transmitter,,,0.19
143,WEEE_mechRec1_mechRec2,,wheel,,,WEEE_categ_mechRec1,WEEE_Cat3,wheel,,,0.17
144,WEEE_2RM_mechRec1Smelter_other,,ComponentShadowWEEE,,,WEEE_categ_mechRec1,WEEE_Cat1,ComponentShadowWEEE,,,0.59
145,WEEE_2RM_mechRec1Smelter_other,,ConductivitySensor,,,WEEE_categ_mechRec1,WEEE_Cat6,ConductivitySensor,,,0.4
146,WEEE_2RM_mechRec1Smelter_other,,LED,,,WEEE_categ_mechRec1,WEEE_Cat2,LED,,,0.09
147,WEEE_2RM_mechRec1Smelter_other,,LidarSensor (&lt;15cm),,,WEEE_categ_mechRec1,WEEE_Cat4a,LidarSensor (&lt;15cm),,,0.23
148,WEEE_2RM_mechRec1Smelter_other,,MagnetSensor,,,WEEE_categ_mechRec1,WEEE_Cat5,MagnetSensor,,,0.26
149,WEEE_2RM_mechRec1Smelter_other,,PCBWEEECat,,,WEEE_categ_mechRec1,WEEE_Cat4b,PCBWEEECat,,,0.33
150,WEEE_2RM_mechRec1Smelter_other,,PCBunspecified,,,WEEE_categ_mechRec1,WEEE_Cat3,PCBunspecified,,,0.2
151,WEEE_2RM_mechRec1Smelter_other,,PVBacksheet,,,WEEE_categ_mechRec1,WEEE_Cat1,PVBacksheet,,,0.22
152,WEEE_2RM_mechRec1Smelter_other,,PVEncapsulationEVA,,,WEEE_categ_mechRec1,WEEE_Cat6,PVEncapsulationEVA,,,0.52
153,WEEE_2RM_mechRec1Smelter_other,,PVFrameAl,,,WEEE_categ_mechRec1,WEEE_Cat2,PVFrameAl,,,0.12
154,WEEE_2RM_mechRec1Smelter_other,,PVSolarGlass,,,WEEE_categ_mechRec1,WEEE_Cat4a,PVSolarGlass,,,0.27
155,WEEE_2RM_mechRec1Smelter_other,,PVcellSi,,,WEEE_categ_mechRec1,WEEE_Cat5,PVcellSi,,,0.35
156,WEEE_2RM_mechRec1Smelter_other,,WEEEEvaporator,,,WEEE_categ_mechRec1,WEEE_Cat4b,WEEEEvaporator,,,0.17
157,WEEE_2RM_mechRec1Smelter_other,,brush,,,WEEE_categ_mechRec1,WEEE_Cat3,brush,,,0.33
158,WEEE_2RM_mechRec1Smelter_other,,cableUnspecified,,,WEEE_categ_mechRec1,WEEE_Cat1,cableUnspecified,,,0.41
159,WEEE_2RM_mechRec1Smelter_other,,cableWOPlug,,,WEEE_categ_mechRec1,WEEE_Cat6,cableWOPlug,,,0.31
160,WEEE_2RM_mechRec1Smelter_other,,cableWPlug,,,WEEE_categ_mechRec1,WEEE_Cat2,cableWPlug,,,0.34
161,WEEE_2RM_mechRec1Smelter_other,,cableWithConnector,,,WEEE_categ_mechRec1,WEEE_Cat4a,cableWithConnector,,,0.55
162,WEEE_2RM_mechRec1Smelter_other,,cables,,,WEEE_categ_mechRec1,WEEE_Cat5,cables,,,0.26
163,WEEE_2RM_mechRec1Smelter_other,,cablewire,,,WEEE_categ_mechRec1,WEEE_Cat4b,cablewire,,,0.19
164,WEEE_2RM_mechRec1Smelter_other,,capElectrolytic,,,WEEE_categ_mechRec1,WEEE_Cat3,capElectrolytic,,,0.16
165,WEEE_2RM_mechRec1Smelter_other,,casingPlasticBased,,,WEEE_categ_mechRec1,WEEE_Cat1,casingPlasticBased,,,0.12
166,WEEE_2RM_mechRec1Smelter_other,,casingSteelBased,,,WEEE_categ_mechRec1,WEEE_Cat6,casingSteelBased,,,0.46
167,WEEE_2RM_mechRec1Smelter_other,,casingUnspecified,,,WEEE_categ_mechRec1,WEEE_Cat2,casingUnspecified,,,0.16
168,WEEE_2RM_mechRec1Smelter_other,,coldCathodeLamp,,,WEEE_categ_mechRec1,WEEE_Cat4a,coldCathodeLamp,,,0.53
169,WEEE_2RM_mechRec1Smelter_other,,compContainHazardSubst,,,WEEE_categ_mechRec1,WEEE_Cat5,compContainHazardSubst,,,0.55
170,WEEE_2RM_mechRec1Smelter_other,,compressor,,,WEEE_categ_mechRec1,WEEE_Cat4b,compressor,,,0.52
171,WEEE_2RM_mechRec1Smelter_other,,condensator,,,WEEE_categ_mechRec1,WEEE_Cat3,condensator,,,0.16
172,WEEE_2RM_mechRec1Smelter_other,,contactor,,,WEEE_categ_mechRec1,WEEE_Cat1,contactor,,,0.59
173,WEEE_2RM_mechRec1Smelter_other,,displayCRT,,,WEEE_categ_mechRec1,WEEE_Cat6,displayCRT,,,0.54
174,WEEE_2RM_mechRec1Smelter_other,,displayLCD,,,WEEE_categ_mechRec1,WEEE_Cat2,displayLCD,,,0.2
175,WEEE_2RM_mechRec1Smelter_other,,displayLCDunder100cm2,,,WEEE_categ_mechRec1,WEEE_Cat4a,displayLCDunder100cm2,,,0.34
176,WEEE_2RM_mechRec1Smelter_other,,displayOther,,,WEEE_categ_mechRec1,WEEE_Cat5,displayOther,,,0.53
177,WEEE_2RM_mechRec1Smelter_other,,displayPlasma,,,WEEE_categ_mechRec1,WEEE_Cat4b,displayPlasma,,,0.43
178,WEEE_2RM_mechRec1Smelter_other,,driveCDDExt,,,WEEE_categ_mechRec1,WEEE_Cat3,driveCDDExt,,,0.05
179,WEEE_2RM_mechRec1Smelter_other,,driveCDDInt,,,WEEE_categ_mechRec1,WEEE_Cat1,driveCDDInt,,,0.24
180,WEEE_2RM_mechRec1Smelter_other,,driveFDD,,,WEEE_categ_mechRec1,WEEE_Cat6,driveFDD,,,0.08
181,WEEE_2RM_mechRec1Smelter_other,,driveHDD,,,WEEE_categ_mechRec1,WEEE_Cat2,driveHDD,,,0.29
182,WEEE_2RM_mechRec1Smelter_other,,driveUnspecified,,,WEEE_categ_mechRec1,WEEE_Cat4a,driveUnspecified,,,0.48
183,WEEE_2RM_mechRec1Smelter_other,,electricEngine,,,WEEE_categ_mechRec1,WEEE_Cat5,electricEngine,,,0.59
184,WEEE_2RM_mechRec1Smelter_other,,filterFoamBased,,,WEEE_categ_mechRec1,WEEE_Cat4b,filterFoamBased,,,0.32
185,WEEE_2RM_mechRec1Smelter_other,,fuse,,,WEEE_categ_mechRec1,WEEE_Cat3,fuse,,,0.59
186,WEEE_2RM_mechRec1Smelter_other,,gear,,,WEEE_categ_mechRec1,WEEE_Cat1,gear,,,0.2
187,WEEE_2RM_mechRec1Smelter_other,,heatingCoolingEEEairCondenser,,,WEEE_categ_mechRec1,WEEE_Cat6,heatingCoolingEEEairCondenser,,,0.2
188,WEEE_2RM_mechRec1Smelter_other,,heatingCoolingEEEfan,,,WEEE_categ_mechRec1,WEEE_Cat2,heatingCoolingEEEfan,,,0.09
189,WEEE_2RM_mechRec1Smelter_other,,heatingCoolingEEEheatSink,,,WEEE_categ_mechRec1,WEEE_Cat4a,heatingCoolingEEEheatSink,,,0.5
190,WEEE_2RM_mechRec1Smelter_other,,inductor,,,WEEE_categ_mechRec1,WEEE_Cat5,inductor,,,0.14
191,WEEE_2RM_mechRec1Smelter_other,,insulation,,,WEEE_categ_mechRec1,WEEE_Cat4b,insulation,,,0.58
192,WEEE_2RM_mechRec1Smelter_other,,keyboard,,,WEEE_categ_mechRec1,WEEE_Cat3,keyboard,,,0.37
193,WEEE_2RM_mechRec1Smelter_other,,knob,,,WEEE_categ_mechRec1,WEEE_Cat1,knob,,,0.06
194,WEEE_2RM_mechRec1Smelter_other,,lenseAssembly,,,WEEE_categ_mechRec1,WEEE_Cat6,lenseAssembly,,,0.44
195,WEEE_2RM_mechRec1Smelter_other,,lighting,,,WEEE_categ_mechRec1,WEEE_Cat2,lighting,,,0.29
196,WEEE_2RM_mechRec1Smelter_other,,lightingFlash,,,WEEE_categ_mechRec1,WEEE_Cat4a,lightingFlash,,,0.09
197,WEEE_2RM_mechRec1Smelter_other,,magnetPermanent,,,WEEE_categ_mechRec1,WEEE_Cat5,magnetPermanent,,,0.44
198,WEEE_2RM_mechRec1Smelter_other,,magnetron,,,WEEE_categ_mechRec1,WEEE_Cat4b,magnetron,,,0.14
199,WEEE_2RM_mechRec1Smelter_other,,mainboardInclCPUgpu,,,WEEE_categ_mechRec1,WEEE_Cat3,mainboardInclCPUgpu,,,0.15
200,WEEE_2RM_mechRec1Smelter_other,,non-electricCoil,,,WEEE_categ_mechRec1,WEEE_Cat1,non-electricCoil,,,0.46
201,WEEE_2RM_mechRec1Smelter_other,,nonElectricCoil,,,WEEE_categ_mechRec1,WEEE_Cat6,nonElectricCoil,,,0.42
202,WEEE_2RM_mechRec1Smelter_other,,onOffSwitch,,,WEEE_categ_mechRec1,WEEE_Cat2,onOffSwitch,,,0.23
203,WEEE_2RM_mechRec1Smelter_other,,otherElectricCompUnspecified,,,WEEE_categ_mechRec1,WEEE_Cat4a,otherElectricCompUnspecified,,,0.44
204,WEEE_2RM_mechRec1Smelter_other,,otherNonElectricCompUnspecified,,,WEEE_categ_mechRec1,WEEE_Cat5,otherNonElectricCompUnspecified,,,0.13
205,WEEE_2RM_mechRec1Smelter_other,,passiveJunctionBox,,,WEEE_categ_mechRec1,WEEE_Cat4b,passiveJunctionBox,,,0.5
206,WEEE_2RM_mechRec1Smelter_other,,plug,,,WEEE_categ_mechRec1,WEEE_Cat3,plug,,,0.52
207,WEEE_2RM_mechRec1Smelter_other,,powerSupply,,,WEEE_categ_mechRec1,WEEE_Cat1,powerSupply,,,0.36
208,WEEE_2RM_mechRec1Smelter_other,,printedCircuitBoard,,,WEEE_categ_mechRec1,WEEE_Cat6,printedCircuitBoard,,,0.33
209,WEEE_2RM_mechRec1Smelter_other,,pump,,,WEEE_categ_mechRec1,WEEE_Cat2,pump,,,0.45
210,WEEE_2RM_mechRec1Smelter_other,,refrigerant,,,WEEE_categ_mechRec1,WEEE_Cat4a,refrigerant,,,0.22
211,WEEE_2RM_mechRec1Smelter_other,,remoteControl,,,WEEE_categ_mechRec1,WEEE_Cat5,remoteControl,,,0.46
212,WEEE_2RM_mechRec1Smelter_other,,resistor,,,WEEE_categ_mechRec1,WEEE_Cat4b,resistor,,,0.59
213,WEEE_2RM_mechRec1Smelter_other,,rotor,,,WEEE_categ_mechRec1,WEEE_Cat3,rotor,,,0.37
214,WEEE_2RM_mechRec1Smelter_other,,screw,,,WEEE_categ_mechRec1,WEEE_Cat1,screw,,,0.49
215,WEEE_2RM_mechRec1Smelter_other,,sensorUnspecified,,,WEEE_categ_mechRec1,WEEE_Cat6,sensorUnspecified,,,0.42
216,WEEE_2RM_mechRec1Smelter_other,,shadowComponentWEEE,,,WEEE_categ_mechRec1,WEEE_Cat2,shadowComponentWEEE,,,0.42
217,WEEE_2RM_mechRec1Smelter_other,,solenoidValve,,,WEEE_categ_mechRec1,WEEE_Cat4a,solenoidValve,,,0.19
218,WEEE_2RM_mechRec1Smelter_other,,speakerEEE2,,,WEEE_categ_mechRec1,WEEE_Cat5,speakerEEE2,,,0.45
219,WEEE_2RM_mechRec1Smelter_other,,switch,,,WEEE_categ_mechRec1,WEEE_Cat4b,switch,,,0.32
220,WEEE_2RM_mechRec1Smelter_other,,tonerCartridge,,,WEEE_categ_mechRec1,WEEE_Cat3,tonerCartridge,,,0.19
221,WEEE_2RM_mechRec1Smelter_other,,transformator,,,WEEE_categ_mechRec1,WEEE_Cat4a,transformator,,,0.2
222,WEEE_2RM_mechRec1Smelter_other,,transmission,,,WEEE_categ_mechRec1,WEEE_Cat5,transmission,,,0.43
223,WEEE_2RM_mechRec1Smelter_other,,transmitter,,,WEEE_categ_mechRec1,WEEE_Cat4b,transmitter,,,0.43
224,WEEE_2RM_mechRec1Smelter_other,,wheel,,,WEEE_categ_mechRec1,WEEE_Cat3,wheel,,,0.42
225,WEEE_2RM_mechRec2Smelter_other,,,AlAndAlAlloys,,WEEE_categ_mechRec2,WEEE_Cat1,,AlAndAlAlloys,,0.49
226,WEEE_2RM_mechRec2Smelter_other,,,CuAndCuAlloys,,WEEE_categ_mechRec2,WEEE_Cat6,,CuAndCuAlloys,,0.5
227,WEEE_2RM_mechRec2Smelter_other,,,MaterialShadowWEEE,,WEEE_categ_mechRec2,WEEE_Cat2,,MaterialShadowWEEE,,0.52
228,WEEE_2RM_mechRec2Smelter_other,,,aggregateBinderMixedMaterials,,WEEE_categ_mechRec2,WEEE_Cat4a,,aggregateBinderMixedMaterials,,0.56
229,WEEE_2RM_mechRec2Smelter_other,,,ferrousMetals,,WEEE_categ_mechRec2,WEEE_Cat5,,ferrousMetals,,0.32
230,WEEE_2RM_mechRec2Smelter_other,,,glass,,WEEE_categ_mechRec2,WEEE_Cat4b,,glass,,0.23
231,WEEE_2RM_mechRec2Smelter_other,,,glassAndCeramics,,WEEE_categ_mechRec2,WEEE_Cat3,,glassAndCeramics,,0.11
232,WEEE_2RM_mechRec2Smelter_other,,,non-ferrousMetals,,WEEE_categ_mechRec2,WEEE_Cat1,,non-ferrousMetals,,0.54
233,WEEE_2RM_mechRec2Smelter_other,,,otherMetalsAndMetalAlloys,,WEEE_categ_mechRec2,WEEE_Cat6,,otherMetalsAndMetalAlloys,,0.08
234,WEEE_2RM_mechRec2Smelter_other,,,otherMinerals,,WEEE_categ_mechRec2,WEEE_Cat2,,otherMinerals,,0.2
235,WEEE_2RM_mechRec2Smelter_other,,,otherOrUndefinedMaterials,,WEEE_categ_mechRec2,WEEE_Cat4a,,otherOrUndefinedMaterials,,0.49
236,WEEE_2RM_mechRec2Smelter_other,,,otherOrganics,,WEEE_categ_mechRec2,WEEE_Cat5,,otherOrganics,,0.33
237,WEEE_2RM_mechRec2Smelter_other,,,plastics,,WEEE_categ_mechRec2,WEEE_Cat4b,,plastics,,0.28
238,WEEE_2RM_mechRec2Smelter_other,,,undefinedAndMixedMaterials,,WEEE_categ_mechRec2,WEEE_Cat3,,undefinedAndMixedMaterials,,0.58
239,WEEE_2RM_mechRec2Smelter_other,,,wood,,WEEE_categ_mechRec2,WEEE_Cat1,,wood,,0.09
240,WEEE_2RM_mechRec2Smelter_other,,,plasticComposites,,WEEE_categ_mechRec2,WEEE_Cat6,,plasticComposites,,0.26
241,WEEE_2RM_mechRec2Smelter_other,,,steelAndSteelAlloys,,WEEE_categ_mechRec2,WEEE_Cat2,,steelAndSteelAlloys,,0.49
242,WEEE_2RM_mechRec2Smelter_other,,,polymerPA6GF30,,WEEE_categ_mechRec2,WEEE_Cat4a,,polymerPA6GF30,,0.5
243,WEEE_2RM_mechRec2Smelter_other,,,polymerPPGF30,,WEEE_categ_mechRec2,WEEE_Cat5,,polymerPPGF30,,0.2
244,WEEE_2RM_mechRec2Smelter_other,,,polymerPPTF30,,WEEE_categ_mechRec2,WEEE_Cat4b,,polymerPPTF30,,0.15
245,WEEE_2RM_mechRec2Smelter_other,,,AlAndAlAlloys,,WEEE_mechRec1_mechRec2,,ComponentShadowWEEE,AlAndAlAlloys,,0.53
246,WEEE_2RM_mechRec2Smelter_other,,,CuAndCuAlloys,,WEEE_mechRec1_mechRec2,,ComponentShadowWEEE,CuAndCuAlloys,,0.25
247,WEEE_2RM_mechRec2Smelter_other,,,MaterialShadowWEEE,,WEEE_mechRec1_mechRec2,,ComponentShadowWEEE,MaterialShadowWEEE,,0.52
248,WEEE_2RM_mechRec2Smelter_other,,,aggregateBinderMixedMaterials,,WEEE_mechRec1_mechRec2,,ComponentShadowWEEE,aggregateBinderMixedMaterials,,0.11
249,WEEE_2RM_mechRec2Smelter_other,,,ferrousMetals,,WEEE_mechRec1_mechRec2,,ComponentShadowWEEE,ferrousMetals,,0.06
250,WEEE_2RM_mechRec2Smelter_other,,,glass,,WEEE_mechRec1_mechRec2,,ComponentShadowWEEE,glass,,0.43
251,WEEE_2RM_mechRec2Smelter_other,,,glassAndCeramics,,WEEE_mechRec1_mechRec2,,ComponentShadowWEEE,glassAndCeramics,,0.08
252,WEEE_2RM_mechRec2Smelter_other,,,non-ferrousMetals,,WEEE_mechRec1_mechRec2,,ComponentShadowWEEE,non-ferrousMetals,,0.13
253,WEEE_2RM_mechRec2Smelter_other,,,otherMetalsAndMetalAlloys,,WEEE_mechRec1_mechRec2,,ComponentShadowWEEE,otherMetalsAndMetalAlloys,,0.27
254,WEEE_2RM_mechRec2Smelter_other,,,otherMinerals,,WEEE_mechRec1_mechRec2,,ComponentShadowWEEE,otherMinerals,,0.13
255,WEEE_2RM_mechRec2Smelter_other,,,otherOrUndefinedMaterials,,WEEE_mechRec1_mechRec2,,ComponentShadowWEEE,otherOrUndefinedMaterials,,0.26
256,WEEE_2RM_mechRec2Smelter_other,,,otherOrganics,,WEEE_mechRec1_mechRec2,,ComponentShadowWEEE,otherOrganics,,0.13
257,WEEE_2RM_mechRec2Smelter_other,,,plastics,,WEEE_mechRec1_mechRec2,,ComponentShadowWEEE,plastics,,0.45
258,WEEE_2RM_mechRec2Smelter_other,,,undefinedAndMixedMaterials,,WEEE_mechRec1_mechRec2,,ComponentShadowWEEE,undefinedAndMixedMaterials,,0.21
259,WEEE_2RM_mechRec2Smelter_other,,,wood,,WEEE_mechRec1_mechRec2,,ComponentShadowWEEE,wood,,0.11
260,WEEE_2RM_mechRec2Smelter_other,,,CuAndCuAlloys,,WEEE_mechRec1_mechRec2,,ConductivitySensor,CuAndCuAlloys,,0.53
261,WEEE_2RM_mechRec2Smelter_other,,,ferrousMetals,,WEEE_mechRec1_mechRec2,,ConductivitySensor,ferrousMetals,,0.2
262,WEEE_2RM_mechRec2Smelter_other,,,AlAndAlAlloys,,WEEE_mechRec1_mechRec2,,LidarSensor (&lt;15cm),AlAndAlAlloys,,0.09
263,WEEE_2RM_mechRec2Smelter_other,,,CuAndCuAlloys,,WEEE_mechRec1_mechRec2,,LidarSensor (&lt;15cm),CuAndCuAlloys,,0.14
264,WEEE_2RM_mechRec2Smelter_other,,,ferrousMetals,,WEEE_mechRec1_mechRec2,,LidarSensor (&lt;15cm),ferrousMetals,,0.59
265,WEEE_2RM_mechRec2Smelter_other,,,glass,,WEEE_mechRec1_mechRec2,,LidarSensor (&lt;15cm),glass,,0.57
266,WEEE_2RM_mechRec2Smelter_other,,,plastics,,WEEE_mechRec1_mechRec2,,LidarSensor (&lt;15cm),plastics,,0.47
267,WEEE_2RM_mechRec2Smelter_other,,,CuAndCuAlloys,,WEEE_mechRec1_mechRec2,,MagnetSensor,CuAndCuAlloys,,0.57
268,WEEE_2RM_mechRec2Smelter_other,,,ferrousMetals,,WEEE_mechRec1_mechRec2,,MagnetSensor,ferrousMetals,,0.46
269,WEEE_2RM_mechRec2Smelter_other,,,plastics,,WEEE_mechRec1_mechRec2,,MagnetSensor,plastics,,0.19
270,WEEE_2RM_mechRec2Smelter_other,,,otherOrUndefinedMaterials,,WEEE_mechRec1_mechRec2,,PCBWEEECat,otherOrUndefinedMaterials,,0.58
271,WEEE_2RM_mechRec2Smelter_other,,,ferrousMetals,,WEEE_mechRec1_mechRec2,,PCBunspecified,ferrousMetals,,0.14
272,WEEE_2RM_mechRec2Smelter_other,,,plasticComposites,,WEEE_mechRec1_mechRec2,,PVBacksheet,plasticComposites,,0.56
273,WEEE_2RM_mechRec2Smelter_other,,,plastics,,WEEE_mechRec1_mechRec2,,PVBacksheet,plastics,,0.45
274,WEEE_2RM_mechRec2Smelter_other,,,plastics,,WEEE_mechRec1_mechRec2,,PVEncapsulationEVA,plastics,,0.35
275,WEEE_2RM_mechRec2Smelter_other,,,CuAndCuAlloys,,WEEE_mechRec1_mechRec2,,PVFrameAl,CuAndCuAlloys,,0.52
276,WEEE_2RM_mechRec2Smelter_other,,,glass,,WEEE_mechRec1_mechRec2,,PVSolarGlass,glass,,0.13
277,WEEE_2RM_mechRec2Smelter_other,,,otherOrUndefinedMaterials,,WEEE_mechRec1_mechRec2,,PVcellSi,otherOrUndefinedMaterials,,0.31
278,WEEE_2RM_mechRec2Smelter_other,,,CuAndCuAlloys,,WEEE_mechRec1_mechRec2,,WEEEEvaporator,CuAndCuAlloys,,0.53
279,WEEE_2RM_mechRec2Smelter_other,,,steelAndSteelAlloys,,WEEE_mechRec1_mechRec2,,WEEEEvaporator,steelAndSteelAlloys,,0.41
280,WEEE_2RM_mechRec2Smelter_other,,,AlAndAlAlloys,,WEEE_mechRec1_mechRec2,,brush,AlAndAlAlloys,,0.22
281,WEEE_2RM_mechRec2Smelter_other,,,ferrousMetals,,WEEE_mechRec1_mechRec2,,brush,ferrousMetals,,0.28
282,WEEE_2RM_mechRec2Smelter_other,,,plastics,,WEEE_mechRec1_mechRec2,,brush,plastics,,0.18
283,WEEE_2RM_mechRec2Smelter_other,,,AlAndAlAlloys,,WEEE_mechRec1_mechRec2,,cableUnspecified,AlAndAlAlloys,,0.58
284,WEEE_2RM_mechRec2Smelter_other,,,CuAndCuAlloys,,WEEE_mechRec1_mechRec2,,cableUnspecified,CuAndCuAlloys,,0.09
285,WEEE_2RM_mechRec2Smelter_other,,,ferrousMetals,,WEEE_mechRec1_mechRec2,,cableUnspecified,ferrousMetals,,0.52
286,WEEE_2RM_mechRec2Smelter_other,,,plastics,,WEEE_mechRec1_mechRec2,,cableUnspecified,plastics,,0.28
287,WEEE_2RM_mechRec2Smelter_other,,,AlAndAlAlloys,,WEEE_mechRec1_mechRec2,,cableWPlug,AlAndAlAlloys,,0.3
288,WEEE_2RM_mechRec2Smelter_other,,,ferrousMetals,,WEEE_mechRec1_mechRec2,,cableWPlug,ferrousMetals,,0.48
289,WEEE_2RM_mechRec2Smelter_other,,,plastics,,WEEE_mechRec1_mechRec2,,cableWPlug,plastics,,0.18
290,WEEE_2RM_mechRec2Smelter_other,,,CuAndCuAlloys,,WEEE_mechRec1_mechRec2,,cableWithConnector,CuAndCuAlloys,,0.56
291,WEEE_2RM_mechRec2Smelter_other,,,otherOrUndefinedMaterials,,WEEE_mechRec1_mechRec2,,cables,otherOrUndefinedMaterials,,0.27
292,WEEE_2RM_mechRec2Smelter_other,,,AlAndAlAlloys,,WEEE_mechRec1_mechRec2,,cablewire,AlAndAlAlloys,,0.52
293,WEEE_2RM_mechRec2Smelter_other,,,CuAndCuAlloys,,WEEE_mechRec1_mechRec2,,cablewire,CuAndCuAlloys,,0.51
294,WEEE_2RM_mechRec2Smelter_other,,,ferrousMetals,,WEEE_mechRec1_mechRec2,,cablewire,ferrousMetals,,0.56
295,WEEE_2RM_mechRec2Smelter_other,,,plastics,,WEEE_mechRec1_mechRec2,,cablewire,plastics,,0.17
296,WEEE_2RM_mechRec2Smelter_other,,,CuAndCuAlloys,,WEEE_mechRec1_mechRec2,,capElectrolytic,CuAndCuAlloys,,0.46
297,WEEE_2RM_mechRec2Smelter_other,,,undefinedAndMixedMaterials,,WEEE_mechRec1_mechRec2,,capElectrolytic,undefinedAndMixedMaterials,,0.08
298,WEEE_2RM_mechRec2Smelter_other,,,AlAndAlAlloys,,WEEE_mechRec1_mechRec2,,casingPlasticBased,AlAndAlAlloys,,0.25
299,WEEE_2RM_mechRec2Smelter_other,,,CuAndCuAlloys,,WEEE_mechRec1_mechRec2,,casingPlasticBased,CuAndCuAlloys,,0.35
300,WEEE_2RM_mechRec2Smelter_other,,,ferrousMetals,,WEEE_mechRec1_mechRec2,,casingPlasticBased,ferrousMetals,,0.13
301,WEEE_2RM_mechRec2Smelter_other,,,otherOrganics,,WEEE_mechRec1_mechRec2,,casingPlasticBased,otherOrganics,,0.13
302,WEEE_2RM_mechRec2Smelter_other,,,plastics,,WEEE_mechRec1_mechRec2,,casingPlasticBased,plastics,,0.44
303,WEEE_2RM_mechRec2Smelter_other,,,polymerPA6GF30,,WEEE_mechRec1_mechRec2,,casingPlasticBased,polymerPA6GF30,,0.56
304,WEEE_2RM_mechRec2Smelter_other,,,polymerPPGF30,,WEEE_mechRec1_mechRec2,,casingPlasticBased,polymerPPGF30,,0.26
305,WEEE_2RM_mechRec2Smelter_other,,,polymerPPTF30,,WEEE_mechRec1_mechRec2,,casingPlasticBased,polymerPPTF30,,0.08
306,WEEE_2RM_mechRec2Smelter_other,,,undefinedAndMixedMaterials,,WEEE_mechRec1_mechRec2,,casingPlasticBased,undefinedAndMixedMaterials,,0.36
307,WEEE_2RM_mechRec2Smelter_other,,,ferrousMetals,,WEEE_mechRec1_mechRec2,,casingSteelBased,ferrousMetals,,0.08
308,WEEE_2RM_mechRec2Smelter_other,,,AlAndAlAlloys,,WEEE_mechRec1_mechRec2,,casingUnspecified,AlAndAlAlloys,,0.29
309,WEEE_2RM_mechRec2Smelter_other,,,CuAndCuAlloys,,WEEE_mechRec1_mechRec2,,casingUnspecified,CuAndCuAlloys,,0.54
310,WEEE_2RM_mechRec2Smelter_other,,,ferrousMetals,,WEEE_mechRec1_mechRec2,,casingUnspecified,ferrousMetals,,0.12
311,WEEE_2RM_mechRec2Smelter_other,,,glass,,WEEE_mechRec1_mechRec2,,casingUnspecified,glass,,0.14
312,WEEE_2RM_mechRec2Smelter_other,,,otherMetalsAndMetalAlloys,,WEEE_mechRec1_mechRec2,,casingUnspecified,otherMetalsAndMetalAlloys,,0.31
313,WEEE_2RM_mechRec2Smelter_other,,,plastics,,WEEE_mechRec1_mechRec2,,casingUnspecified,plastics,,0.47
314,WEEE_2RM_mechRec2Smelter_other,,,undefinedAndMixedMaterials,,WEEE_mechRec1_mechRec2,,casingUnspecified,undefinedAndMixedMaterials,,0.2
315,WEEE_2RM_mechRec2Smelter_other,,,CuAndCuAlloys,,WEEE_mechRec1_mechRec2,,compressor,CuAndCuAlloys,,0.29
316,WEEE_2RM_mechRec2Smelter_other,,,glass,,WEEE_mechRec1_mechRec2,,compressor,glass,,0.07
317,WEEE_2RM_mechRec2Smelter_other,,,otherFerrousAlloys,,WEEE_mechRec1_mechRec2,,compressor,otherFerrousAlloys,,0.23
318,WEEE_2RM_mechRec2Smelter_other,,,otherOrUndefinedMaterials,,WEEE_mechRec1_mechRec2,,compressor,otherOrUndefinedMaterials,,0.07
319,WEEE_2RM_mechRec2Smelter_other,,,plastics,,WEEE_mechRec1_mechRec2,,compressor,plastics,,0.31
320,WEEE_2RM_mechRec2Smelter_other,,,steelAndSteelAlloys,,WEEE_mechRec1_mechRec2,,compressor,steelAndSteelAlloys,,0.42
321,WEEE_2RM_mechRec2Smelter_other,,,AlAndAlAlloys,,WEEE_mechRec1_mechRec2,,displayCRT,AlAndAlAlloys,,0.28
322,WEEE_2RM_mechRec2Smelter_other,,,glass,,WEEE_mechRec1_mechRec2,,displayCRT,glass,,0.23
323,WEEE_2RM_mechRec2Smelter_other,,,AlAndAlAlloys,,WEEE_mechRec1_mechRec2,,displayLCD,AlAndAlAlloys,,0.12
324,WEEE_2RM_mechRec2Smelter_other,,,CuAndCuAlloys,,WEEE_mechRec1_mechRec2,,displayLCD,CuAndCuAlloys,,0.38
325,WEEE_2RM_mechRec2Smelter_other,,,ferrousMetals,,WEEE_mechRec1_mechRec2,,displayLCD,ferrousMetals,,0.35
326,WEEE_2RM_mechRec2Smelter_other,,,glass,,WEEE_mechRec1_mechRec2,,displayLCD,glass,,0.39
327,WEEE_2RM_mechRec2Smelter_other,,,plastics,,WEEE_mechRec1_mechRec2,,displayLCD,plastics,,0.22
328,WEEE_2RM_mechRec2Smelter_other,,,undefinedAndMixedMaterials,,WEEE_mechRec1_mechRec2,,displayLCD,undefinedAndMixedMaterials,,0.4
329,WEEE_2RM_mechRec2Smelter_other,,,AlAndAlAlloys,,WEEE_mechRec1_mechRec2,,displayOther,AlAndAlAlloys,,0.09
330,WEEE_2RM_mechRec2Smelter_other,,,CuAndCuAlloys,,WEEE_mechRec1_mechRec2,,displayOther,CuAndCuAlloys,,0.43
331,WEEE_2RM_mechRec2Smelter_other,,,ferrousMetals,,WEEE_mechRec1_mechRec2,,displayOther,ferrousMetals,,0.15
332,WEEE_2RM_mechRec2Smelter_other,,,glass,,WEEE_mechRec1_mechRec2,,displayOther,glass,,0.57
333,WEEE_2RM_mechRec2Smelter_other,,,otherMetalsAndMetalAlloys,,WEEE_mechRec1_mechRec2,,displayOther,otherMetalsAndMetalAlloys,,0.3
334,WEEE_2RM_mechRec2Smelter_other,,,plastics,,WEEE_mechRec1_mechRec2,,displayOther,plastics,,0.58
335,WEEE_2RM_mechRec2Smelter_other,,,undefinedAndMixedMaterials,,WEEE_mechRec1_mechRec2,,displayOther,undefinedAndMixedMaterials,,0.24
336,WEEE_2RM_mechRec2Smelter_other,,,AlAndAlAlloys,,WEEE_mechRec1_mechRec2,,driveCDDInt,AlAndAlAlloys,,0.26
337,WEEE_2RM_mechRec2Smelter_other,,,CuAndCuAlloys,,WEEE_mechRec1_mechRec2,,driveCDDInt,CuAndCuAlloys,,0.25
338,WEEE_2RM_mechRec2Smelter_other,,,ferrousMetals,,WEEE_mechRec1_mechRec2,,driveCDDInt,ferrousMetals,,0.5
339,WEEE_2RM_mechRec2Smelter_other,,,otherMetalsAndMetalAlloys,,WEEE_mechRec1_mechRec2,,driveCDDInt,otherMetalsAndMetalAlloys,,0.54
340,WEEE_2RM_mechRec2Smelter_other,,,plastics,,WEEE_mechRec1_mechRec2,,driveCDDInt,plastics,,0.06
341,WEEE_2RM_mechRec2Smelter_other,,,undefinedAndMixedMaterials,,WEEE_mechRec1_mechRec2,,driveCDDInt,undefinedAndMixedMaterials,,0.32
342,WEEE_2RM_mechRec2Smelter_other,,,AlAndAlAlloys,,WEEE_mechRec1_mechRec2,,driveFDD,AlAndAlAlloys,,0.37
343,WEEE_2RM_mechRec2Smelter_other,,,ferrousMetals,,WEEE_mechRec1_mechRec2,,driveFDD,ferrousMetals,,0.47
344,WEEE_2RM_mechRec2Smelter_other,,,AlAndAlAlloys,,WEEE_mechRec1_mechRec2,,driveHDD,AlAndAlAlloys,,0.34
345,WEEE_2RM_mechRec2Smelter_other,,,CuAndCuAlloys,,WEEE_mechRec1_mechRec2,,driveHDD,CuAndCuAlloys,,0.53
346,WEEE_2RM_mechRec2Smelter_other,,,ferrousMetals,,WEEE_mechRec1_mechRec2,,driveHDD,ferrousMetals,,0.44
347,WEEE_2RM_mechRec2Smelter_other,,,otherMetalsAndMetalAlloys,,WEEE_mechRec1_mechRec2,,driveHDD,otherMetalsAndMetalAlloys,,0.17
348,WEEE_2RM_mechRec2Smelter_other,,,plastics,,WEEE_mechRec1_mechRec2,,driveHDD,plastics,,0.15
349,WEEE_2RM_mechRec2Smelter_other,,,undefinedAndMixedMaterials,,WEEE_mechRec1_mechRec2,,driveHDD,undefinedAndMixedMaterials,,0.05
350,WEEE_2RM_mechRec2Smelter_other,,,CuAndCuAlloys,,WEEE_mechRec1_mechRec2,,driveUnspecified,CuAndCuAlloys,,0.2
351,WEEE_2RM_mechRec2Smelter_other,,,ferrousMetals,,WEEE_mechRec1_mechRec2,,driveUnspecified,ferrousMetals,,0.34
352,WEEE_2RM_mechRec2Smelter_other,,,plastics,,WEEE_mechRec1_mechRec2,,driveUnspecified,plastics,,0.07
353,WEEE_2RM_mechRec2Smelter_other,,,undefinedAndMixedMaterials,,WEEE_mechRec1_mechRec2,,driveUnspecified,undefinedAndMixedMaterials,,0.37
354,WEEE_2RM_mechRec2Smelter_other,,,AlAndAlAlloys,,WEEE_mechRec1_mechRec2,,electricEngine,AlAndAlAlloys,,0.16
355,WEEE_2RM_mechRec2Smelter_other,,,CuAndCuAlloys,,WEEE_mechRec1_mechRec2,,electricEngine,CuAndCuAlloys,,0.54
356,WEEE_2RM_mechRec2Smelter_other,,,carbon,,WEEE_mechRec1_mechRec2,,electricEngine,carbon,,0.47
357,WEEE_2RM_mechRec2Smelter_other,,,ferrousMetals,,WEEE_mechRec1_mechRec2,,electricEngine,ferrousMetals,,0.19
358,WEEE_2RM_mechRec2Smelter_other,,,otherOrganics,,WEEE_mechRec1_mechRec2,,electricEngine,otherOrganics,,0.59
359,WEEE_2RM_mechRec2Smelter_other,,,plastics,,WEEE_mechRec1_mechRec2,,electricEngine,plastics,,0.48
360,WEEE_2RM_mechRec2Smelter_other,,,plastics,,WEEE_mechRec1_mechRec2,,filterFoamBased,plastics,,0.59
361,WEEE_2RM_mechRec2Smelter_other,,,plastics,,WEEE_mechRec1_mechRec2,,gear,plastics,,0.49
362,WEEE_2RM_mechRec2Smelter_other,,,CuAndCuAlloys,,WEEE_mechRec1_mechRec2,,heatingCoolingEEEairCondenser,CuAndCuAlloys,,0.09
363,WEEE_2RM_mechRec2Smelter_other,,,otherOrUndefinedMaterials,,WEEE_mechRec1_mechRec2,,heatingCoolingEEEairCondenser,otherOrUndefinedMaterials,,0.27
364,WEEE_2RM_mechRec2Smelter_other,,,plastics,,WEEE_mechRec1_mechRec2,,heatingCoolingEEEairCondenser,plastics,,0.49
365,WEEE_2RM_mechRec2Smelter_other,,,steelAndSteelAlloys,,WEEE_mechRec1_mechRec2,,heatingCoolingEEEairCondenser,steelAndSteelAlloys,,0.11
366,WEEE_2RM_mechRec2Smelter_other,,,AlAndAlAlloys,,WEEE_mechRec1_mechRec2,,heatingCoolingEEEfan,AlAndAlAlloys,,0.37
367,WEEE_2RM_mechRec2Smelter_other,,,CuAndCuAlloys,,WEEE_mechRec1_mechRec2,,heatingCoolingEEEfan,CuAndCuAlloys,,0.4
368,WEEE_2RM_mechRec2Smelter_other,,,ferrousMetals,,WEEE_mechRec1_mechRec2,,heatingCoolingEEEfan,ferrousMetals,,0.11
369,WEEE_2RM_mechRec2Smelter_other,,,otherMetalsAndMetalAlloys,,WEEE_mechRec1_mechRec2,,heatingCoolingEEEfan,otherMetalsAndMetalAlloys,,0.36
370,WEEE_2RM_mechRec2Smelter_other,,,plastics,,WEEE_mechRec1_mechRec2,,heatingCoolingEEEfan,plastics,,0.19
371,WEEE_2RM_mechRec2Smelter_other,,,steelAndSteelAlloys,,WEEE_mechRec1_mechRec2,,heatingCoolingEEEfan,steelAndSteelAlloys,,0.59
372,WEEE_2RM_mechRec2Smelter_other,,,undefinedAndMixedMaterials,,WEEE_mechRec1_mechRec2,,heatingCoolingEEEfan,undefinedAndMixedMaterials,,0.34
373,WEEE_2RM_mechRec2Smelter_other,,,AlAndAlAlloys,,WEEE_mechRec1_mechRec2,,heatingCoolingEEEheatSink,AlAndAlAlloys,,0.51
374,WEEE_2RM_mechRec2Smelter_other,,,CuAndCuAlloys,,WEEE_mechRec1_mechRec2,,heatingCoolingEEEheatSink,CuAndCuAlloys,,0.17
375,WEEE_2RM_mechRec2Smelter_other,,,ferrousMetals,,WEEE_mechRec1_mechRec2,,heatingCoolingEEEheatSink,ferrousMetals,,0.52
376,WEEE_2RM_mechRec2Smelter_other,,,otherMetalsAndMetalAlloys,,WEEE_mechRec1_mechRec2,,heatingCoolingEEEheatSink,otherMetalsAndMetalAlloys,,0.28
377,WEEE_2RM_mechRec2Smelter_other,,,plastics,,WEEE_mechRec1_mechRec2,,heatingCoolingEEEheatSink,plastics,,0.25
378,WEEE_2RM_mechRec2Smelter_other,,,undefinedAndMixedMaterials,,WEEE_mechRec1_mechRec2,,heatingCoolingEEEheatSink,undefinedAndMixedMaterials,,0.38
379,WEEE_2RM_mechRec2Smelter_other,,,CuAndCuAlloys,,WEEE_mechRec1_mechRec2,,inductor,CuAndCuAlloys,,0.53
380,WEEE_2RM_mechRec2Smelter_other,,,ferrousMetals,,WEEE_mechRec1_mechRec2,,inductor,ferrousMetals,,0.2
381,WEEE_2RM_mechRec2Smelter_other,,,plastics,,WEEE_mechRec1_mechRec2,,inductor,plastics,,0.28
382,WEEE_2RM_mechRec2Smelter_other,,,AlAndAlAlloys,,WEEE_mechRec1_mechRec2,,keyboard,AlAndAlAlloys,,0.07
383,WEEE_2RM_mechRec2Smelter_other,,,CuAndCuAlloys,,WEEE_mechRec1_mechRec2,,keyboard,CuAndCuAlloys,,0.07
384,WEEE_2RM_mechRec2Smelter_other,,,ferrousMetals,,WEEE_mechRec1_mechRec2,,keyboard,ferrousMetals,,0.18
385,WEEE_2RM_mechRec2Smelter_other,,,otherMetalsAndMetalAlloys,,WEEE_mechRec1_mechRec2,,keyboard,otherMetalsAndMetalAlloys,,0.5
386,WEEE_2RM_mechRec2Smelter_other,,,plastics,,WEEE_mechRec1_mechRec2,,keyboard,plastics,,0.11
387,WEEE_2RM_mechRec2Smelter_other,,,undefinedAndMixedMaterials,,WEEE_mechRec1_mechRec2,,keyboard,undefinedAndMixedMaterials,,0.18
388,WEEE_2RM_mechRec2Smelter_other,,,AlAndAlAlloys,,WEEE_mechRec1_mechRec2,,knob,AlAndAlAlloys,,0.29
389,WEEE_2RM_mechRec2Smelter_other,,,ferrousMetals,,WEEE_mechRec1_mechRec2,,knob,ferrousMetals,,0.53
390,WEEE_2RM_mechRec2Smelter_other,,,plastics,,WEEE_mechRec1_mechRec2,,knob,plastics,,0.55
391,WEEE_2RM_mechRec2Smelter_other,,,AlAndAlAlloys,,WEEE_mechRec1_mechRec2,,lenseAssembly,AlAndAlAlloys,,0.17
392,WEEE_2RM_mechRec2Smelter_other,,,CuAndCuAlloys,,WEEE_mechRec1_mechRec2,,lenseAssembly,CuAndCuAlloys,,0.28
393,WEEE_2RM_mechRec2Smelter_other,,,ferrousMetals,,WEEE_mechRec1_mechRec2,,lenseAssembly,ferrousMetals,,0.52
394,WEEE_2RM_mechRec2Smelter_other,,,glass,,WEEE_mechRec1_mechRec2,,lenseAssembly,glass,,0.21
395,WEEE_2RM_mechRec2Smelter_other,,,plastics,,WEEE_mechRec1_mechRec2,,lenseAssembly,plastics,,0.05
396,WEEE_2RM_mechRec2Smelter_other,,,undefinedAndMixedMaterials,,WEEE_mechRec1_mechRec2,,lenseAssembly,undefinedAndMixedMaterials,,0.19
397,WEEE_2RM_mechRec2Smelter_other,,,AlAndAlAlloys,,WEEE_mechRec1_mechRec2,,lightingFlash,AlAndAlAlloys,,0.52
398,WEEE_2RM_mechRec2Smelter_other,,,CuAndCuAlloys,,WEEE_mechRec1_mechRec2,,lightingFlash,CuAndCuAlloys,,0.44
399,WEEE_2RM_mechRec2Smelter_other,,,ferrousMetals,,WEEE_mechRec1_mechRec2,,lightingFlash,ferrousMetals,,0.18
400,WEEE_2RM_mechRec2Smelter_other,,,glass,,WEEE_mechRec1_mechRec2,,lightingFlash,glass,,0.48
401,WEEE_2RM_mechRec2Smelter_other,,,plastics,,WEEE_mechRec1_mechRec2,,lightingFlash,plastics,,0.15
402,WEEE_2RM_mechRec2Smelter_other,,,undefinedAndMixedMaterials,,WEEE_mechRec1_mechRec2,,lightingFlash,undefinedAndMixedMaterials,,0.14
403,WEEE_2RM_mechRec2Smelter_other,,,otherOrUndefinedMaterials,,WEEE_mechRec1_mechRec2,,magnetPermanent,otherOrUndefinedMaterials,,0.16
404,WEEE_2RM_mechRec2Smelter_other,,,AlAndAlAlloys,,WEEE_mechRec1_mechRec2,,mainboardInclCPUgpu,AlAndAlAlloys,,0.21
405,WEEE_2RM_mechRec2Smelter_other,,,CuAndCuAlloys,,WEEE_mechRec1_mechRec2,,mainboardInclCPUgpu,CuAndCuAlloys,,0.1
406,WEEE_2RM_mechRec2Smelter_other,,,ferrousMetals,,WEEE_mechRec1_mechRec2,,mainboardInclCPUgpu,ferrousMetals,,0.15
407,WEEE_2RM_mechRec2Smelter_other,,,otherMetalsAndMetalAlloys,,WEEE_mechRec1_mechRec2,,mainboardInclCPUgpu,otherMetalsAndMetalAlloys,,0.56
408,WEEE_2RM_mechRec2Smelter_other,,,plastics,,WEEE_mechRec1_mechRec2,,mainboardInclCPUgpu,plastics,,0.2
409,WEEE_2RM_mechRec2Smelter_other,,,undefinedAndMixedMaterials,,WEEE_mechRec1_mechRec2,,mainboardInclCPUgpu,undefinedAndMixedMaterials,,0.41
410,WEEE_2RM_mechRec2Smelter_other,,,AlAndAlAlloys,,WEEE_mechRec1_mechRec2,,non-electricCoil,AlAndAlAlloys,,0.4
411,WEEE_2RM_mechRec2Smelter_other,,,ferrousMetals,,WEEE_mechRec1_mechRec2,,non-electricCoil,ferrousMetals,,0.5
412,WEEE_2RM_mechRec2Smelter_other,,,plastics,,WEEE_mechRec1_mechRec2,,non-electricCoil,plastics,,0.42
413,WEEE_2RM_mechRec2Smelter_other,,,CuAndCuAlloys,,WEEE_mechRec1_mechRec2,,onOffSwitch,CuAndCuAlloys,,0.37
414,WEEE_2RM_mechRec2Smelter_other,,,plastics,,WEEE_mechRec1_mechRec2,,onOffSwitch,plastics,,0.51
415,WEEE_2RM_mechRec2Smelter_other,,,AlAndAlAlloys,,WEEE_mechRec1_mechRec2,,otherElectricCompUnspecified,AlAndAlAlloys,,0.5
416,WEEE_2RM_mechRec2Smelter_other,,,CuAndCuAlloys,,WEEE_mechRec1_mechRec2,,otherElectricCompUnspecified,CuAndCuAlloys,,0.44
417,WEEE_2RM_mechRec2Smelter_other,,,ferrousMetals,,WEEE_mechRec1_mechRec2,,otherElectricCompUnspecified,ferrousMetals,,0.49
418,WEEE_2RM_mechRec2Smelter_other,,,glass,,WEEE_mechRec1_mechRec2,,otherElectricCompUnspecified,glass,,0.53
419,WEEE_2RM_mechRec2Smelter_other,,,otherMetalsAndMetalAlloys,,WEEE_mechRec1_mechRec2,,otherElectricCompUnspecified,otherMetalsAndMetalAlloys,,0.2
420,WEEE_2RM_mechRec2Smelter_other,,,otherOrUndefinedMaterials,,WEEE_mechRec1_mechRec2,,otherElectricCompUnspecified,otherOrUndefinedMaterials,,0.16
421,WEEE_2RM_mechRec2Smelter_other,,,plastics,,WEEE_mechRec1_mechRec2,,otherElectricCompUnspecified,plastics,,0.27
422,WEEE_2RM_mechRec2Smelter_other,,,undefinedAndMixedMaterials,,WEEE_mechRec1_mechRec2,,otherElectricCompUnspecified,undefinedAndMixedMaterials,,0.38
423,WEEE_2RM_mechRec2Smelter_other,,,AlAndAlAlloys,,WEEE_mechRec1_mechRec2,,otherNonElectricCompUnspecified,AlAndAlAlloys,,0.25
424,WEEE_2RM_mechRec2Smelter_other,,,CuAndCuAlloys,,WEEE_mechRec1_mechRec2,,otherNonElectricCompUnspecified,CuAndCuAlloys,,0.49
425,WEEE_2RM_mechRec2Smelter_other,,,ferrousMetals,,WEEE_mechRec1_mechRec2,,otherNonElectricCompUnspecified,ferrousMetals,,0.17
426,WEEE_2RM_mechRec2Smelter_other,,,plastics,,WEEE_mechRec1_mechRec2,,otherNonElectricCompUnspecified,plastics,,0.36
427,WEEE_2RM_mechRec2Smelter_other,,,steelAndSteelAlloys,,WEEE_mechRec1_mechRec2,,otherNonElectricCompUnspecified,steelAndSteelAlloys,,0.33
428,WEEE_2RM_mechRec2Smelter_other,,,undefinedAndMixedMaterials,,WEEE_mechRec1_mechRec2,,otherNonElectricCompUnspecified,undefinedAndMixedMaterials,,0.33
429,WEEE_2RM_mechRec2Smelter_other,,,CuAndCuAlloys,,WEEE_mechRec1_mechRec2,,passiveJunctionBox,CuAndCuAlloys,,0.42
430,WEEE_2RM_mechRec2Smelter_other,,,otherOrUndefinedMaterials,,WEEE_mechRec1_mechRec2,,passiveJunctionBox,otherOrUndefinedMaterials,,0.43
431,WEEE_2RM_mechRec2Smelter_other,,,plastics,,WEEE_mechRec1_mechRec2,,passiveJunctionBox,plastics,,0.14
432,WEEE_2RM_mechRec2Smelter_other,,,plastics,,WEEE_mechRec1_mechRec2,,pcbWEEECat,plastics,,0.57
433,WEEE_2RM_mechRec2Smelter_other,,,AlAndAlAlloys,,WEEE_mechRec1_mechRec2,,powerSupply,AlAndAlAlloys,,0.53
434,WEEE_2RM_mechRec2Smelter_other,,,CuAndCuAlloys,,WEEE_mechRec1_mechRec2,,powerSupply,CuAndCuAlloys,,0.31
435,WEEE_2RM_mechRec2Smelter_other,,,ferrousMetals,,WEEE_mechRec1_mechRec2,,powerSupply,ferrousMetals,,0.59
436,WEEE_2RM_mechRec2Smelter_other,,,otherMetalsAndMetalAlloys,,WEEE_mechRec1_mechRec2,,powerSupply,otherMetalsAndMetalAlloys,,0.16
437,WEEE_2RM_mechRec2Smelter_other,,,plastics,,WEEE_mechRec1_mechRec2,,powerSupply,plastics,,0.48
438,WEEE_2RM_mechRec2Smelter_other,,,undefinedAndMixedMaterials,,WEEE_mechRec1_mechRec2,,powerSupply,undefinedAndMixedMaterials,,0.1
439,WEEE_2RM_mechRec2Smelter_other,,,ironWroughtAndCast,,WEEE_mechRec1_mechRec2,,pump,ironWroughtAndCast,,0.11
440,WEEE_2RM_mechRec2Smelter_other,,,steelAndSteelAlloys,,WEEE_mechRec1_mechRec2,,pump,steelAndSteelAlloys,,0.5
441,WEEE_2RM_mechRec2Smelter_other,,,otherOrUndefinedMaterials,,WEEE_mechRec1_mechRec2,,refrigerant,otherOrUndefinedMaterials,,0.38
442,WEEE_2RM_mechRec2Smelter_other,,,AlAndAlAlloys,,WEEE_mechRec1_mechRec2,,remoteControl,AlAndAlAlloys,,0.42
443,WEEE_2RM_mechRec2Smelter_other,,,CuAndCuAlloys,,WEEE_mechRec1_mechRec2,,remoteControl,CuAndCuAlloys,,0.16
444,WEEE_2RM_mechRec2Smelter_other,,,ferrousMetals,,WEEE_mechRec1_mechRec2,,remoteControl,ferrousMetals,,0.5
445,WEEE_2RM_mechRec2Smelter_other,,,otherOrUndefinedMaterials,,WEEE_mechRec1_mechRec2,,remoteControl,otherOrUndefinedMaterials,,0.37
446,WEEE_2RM_mechRec2Smelter_other,,,plastics,,WEEE_mechRec1_mechRec2,,remoteControl,plastics,,0.53
447,WEEE_2RM_mechRec2Smelter_other,,,undefinedAndMixedMaterials,,WEEE_mechRec1_mechRec2,,remoteControl,undefinedAndMixedMaterials,,0.14
448,WEEE_2RM_mechRec2Smelter_other,,,ferrousMetals,,WEEE_mechRec1_mechRec2,,rotor,ferrousMetals,,0.12
449,WEEE_2RM_mechRec2Smelter_other,,,plastics,,WEEE_mechRec1_mechRec2,,rotor,plastics,,0.36
450,WEEE_2RM_mechRec2Smelter_other,,,CuAndCuAlloys,,WEEE_mechRec1_mechRec2,,screw,CuAndCuAlloys,,0.25
451,WEEE_2RM_mechRec2Smelter_other,,,ferrousMetals,,WEEE_mechRec1_mechRec2,,screw,ferrousMetals,,0.24
452,WEEE_2RM_mechRec2Smelter_other,,,ferrousMetals,,WEEE_mechRec1_mechRec2,,sensorUnspecified,ferrousMetals,,0.23
453,WEEE_2RM_mechRec2Smelter_other,,,plastics,,WEEE_mechRec1_mechRec2,,sensorUnspecified,plastics,,0.27
454,WEEE_2RM_mechRec2Smelter_other,,,CuAndCuAlloys,,WEEE_mechRec1_mechRec2,,shadowComponentWEEE,CuAndCuAlloys,,0.5
455,WEEE_2RM_mechRec2Smelter_other,,,bitumen,,WEEE_mechRec1_mechRec2,,shadowComponentWEEE,bitumen,,0.16
456,WEEE_2RM_mechRec2Smelter_other,,,ceramicComposites,,WEEE_mechRec1_mechRec2,,shadowComponentWEEE,ceramicComposites,,0.35
457,WEEE_2RM_mechRec2Smelter_other,,,concrete,,WEEE_mechRec1_mechRec2,,shadowComponentWEEE,concrete,,0.13
458,WEEE_2RM_mechRec2Smelter_other,,,glass,,WEEE_mechRec1_mechRec2,,shadowComponentWEEE,glass,,0.27
459,WEEE_2RM_mechRec2Smelter_other,,,ironWroughtAndCast,,WEEE_mechRec1_mechRec2,,shadowComponentWEEE,ironWroughtAndCast,,0.23
460,WEEE_2RM_mechRec2Smelter_other,,,oil4,,WEEE_mechRec1_mechRec2,,shadowComponentWEEE,oil4,,0.15
461,WEEE_2RM_mechRec2Smelter_other,,,otherMetalsAndMetalAlloys,,WEEE_mechRec1_mechRec2,,shadowComponentWEEE,otherMetalsAndMetalAlloys,,0.58
462,WEEE_2RM_mechRec2Smelter_other,,,otherOrUndefinedMaterials,,WEEE_mechRec1_mechRec2,,shadowComponentWEEE,otherOrUndefinedMaterials,,0.27
463,WEEE_2RM_mechRec2Smelter_other,,,otherOrganics,,WEEE_mechRec1_mechRec2,,shadowComponentWEEE,otherOrganics,,0.56
464,WEEE_2RM_mechRec2Smelter_other,,,plasticComposites,,WEEE_mechRec1_mechRec2,,shadowComponentWEEE,plasticComposites,,0.15
465,WEEE_2RM_mechRec2Smelter_other,,,plastics,,WEEE_mechRec1_mechRec2,,shadowComponentWEEE,plastics,,0.18
466,WEEE_2RM_mechRec2Smelter_other,,,reinforcedPlastics,,WEEE_mechRec1_mechRec2,,shadowComponentWEEE,reinforcedPlastics,,0.33
467,WEEE_2RM_mechRec2Smelter_other,,,sand,,WEEE_mechRec1_mechRec2,,shadowComponentWEEE,sand,,0.1
468,WEEE_2RM_mechRec2Smelter_other,,,steelAndSteelAlloys,,WEEE_mechRec1_mechRec2,,shadowComponentWEEE,steelAndSteelAlloys,,0.12
469,WEEE_2RM_mechRec2Smelter_other,,,AlAndAlAlloys,,WEEE_mechRec1_mechRec2,,speakerEEE2,AlAndAlAlloys,,0.38
470,WEEE_2RM_mechRec2Smelter_other,,,CuAndCuAlloys,,WEEE_mechRec1_mechRec2,,speakerEEE2,CuAndCuAlloys,,0.4
471,WEEE_2RM_mechRec2Smelter_other,,,ferrousMetals,,WEEE_mechRec1_mechRec2,,speakerEEE2,ferrousMetals,,0.57
472,WEEE_2RM_mechRec2Smelter_other,,,otherMetalsAndMetalAlloys,,WEEE_mechRec1_mechRec2,,speakerEEE2,otherMetalsAndMetalAlloys,,0.36
473,WEEE_2RM_mechRec2Smelter_other,,,plastics,,WEEE_mechRec1_mechRec2,,speakerEEE2,plastics,,0.24
474,WEEE_2RM_mechRec2Smelter_other,,,undefinedAndMixedMaterials,,WEEE_mechRec1_mechRec2,,speakerEEE2,undefinedAndMixedMaterials,,0.39
475,WEEE_2RM_mechRec2Smelter_other,,,CuAndCuAlloys,,WEEE_mechRec1_mechRec2,,transformator,CuAndCuAlloys,,0.5
476,WEEE_2RM_mechRec2Smelter_other,,,ferrousMetals,,WEEE_mechRec1_mechRec2,,transformator,ferrousMetals,,0.47
477,WEEE_2RM_mechRec2Smelter_other,,,AlAndAlAlloys,,WEEE_mechRec1_mechRec2,,transmission,AlAndAlAlloys,,0.26
478,WEEE_2RM_mechRec2Smelter_other,,,ferrousMetals,,WEEE_mechRec1_mechRec2,,transmission,ferrousMetals,,0.45
479,WEEE_2RM_mechRec2Smelter_other,,,plastics,,WEEE_mechRec1_mechRec2,,transmission,plastics,,0.53
480,WEEE_2RM_mechRec2Smelter_other,,,CuAndCuAlloys,,WEEE_mechRec1_mechRec2,,transmitter,CuAndCuAlloys,,0.49
481,WEEE_2RM_mechRec2Smelter_other,,,ferrousMetals,,WEEE_mechRec1_mechRec2,,transmitter,ferrousMetals,,0.46
482,WEEE_2RM_mechRec2Smelter_other,,,plastics,,WEEE_mechRec1_mechRec2,,transmitter,plastics,,0.18
483,WEEE_2RM_mechRec2Smelter_other,,,ferrousMetals,,WEEE_mechRec1_mechRec2,,wheel,ferrousMetals,,0.24
484,WEEE_2RM_mechRec2Smelter_other,,,plastics,,WEEE_mechRec1_mechRec2,,wheel,plastics,,0.18
485,WEEE_2RM_mechRec2Smelter_other,,,polymerPA6GF30,,WEEE_mechRec1_mechRec2,,wheel,polymerPA6GF30,,0.34
486,WEEE_2RM_mechRec2Smelter_other,,,polymerPPTF20,,WEEE_mechRec1_mechRec2,,wheel,polymerPPTF20,,0.35
487,WEEE_2RM_mechRec2Smelter_other,,,polymerPPTF30,,WEEE_mechRec1_mechRec2,,wheel,polymerPPTF30,,0.22
488,WEEE_mechRec2_thermal,,,AlAndAlAlloys,,WEEE_mechRec1_mechRec2,,powerSupply,AlAndAlAlloys,,0.52
489,WEEE_mechRec2_thermal,,,CuAndCuAlloys,,WEEE_mechRec1_mechRec2,,powerSupply,CuAndCuAlloys,,0.23
490,WEEE_mechRec2_thermal,,,ferrousMetals,,WEEE_mechRec1_mechRec2,,powerSupply,ferrousMetals,,0.16
491,WEEE_mechRec2_thermal,,,otherMetalsAndMetalAlloys,,WEEE_mechRec1_mechRec2,,powerSupply,otherMetalsAndMetalAlloys,,0.32
492,WEEE_mechRec2_chem,,,AlAndAlAlloys,,WEEE_mechRec1_mechRec2,,powerSupply,AlAndAlAlloys,,0.23
493,WEEE_mechRec2_chem,,,CuAndCuAlloys,,WEEE_mechRec1_mechRec2,,powerSupply,CuAndCuAlloys,,0.06
494,WEEE_mechRec2_chem,,,ferrousMetals,,WEEE_mechRec1_mechRec2,,powerSupply,ferrousMetals,,0.43
495,WEEE_mechRec2_chem,,,otherMetalsAndMetalAlloys,,WEEE_mechRec1_mechRec2,,powerSupply,otherMetalsAndMetalAlloys,,0.43
496,WEEE_2RM_thermal2Smelter_other,,,,Ag,WEEE_mechRec2_thermal,,,ferrousMetals,Ag,0.18
497,WEEE_2RM_thermal2Smelter_other,,,,Ca,WEEE_mechRec2_thermal,,,ferrousMetals,Ca,0.53
498,WEEE_2RM_thermal2Smelter_other,,,,Cu,WEEE_mechRec2_thermal,,,ferrousMetals,Cu,0.29
499,WEEE_2RM_thermal2Smelter_other,,,,Ag,WEEE_mechRec2_thermal,,,otherMetalsAndMetalAlloys,Ag,0.46
500,WEEE_2RM_thermal2Smelter_other,,,,Al,WEEE_mechRec2_thermal,,,otherMetalsAndMetalAlloys,Al,0.37
501,WEEE_2RM_thermal2Smelter_other,,,,Dy,WEEE_mechRec2_thermal,,,otherMetalsAndMetalAlloys,Dy,0.11
502,WEEE_2RM_thermal2Smelter_other,,,,Al,WEEE_mechRec2_thermal,,,AlAndAlAlloys,Al,0.07
503,WEEE_2RM_thermal2Smelter_other,,,,Cu,WEEE_mechRec2_thermal,,,CuAndCuAlloys,Cu,0.55
504,WEEE_2RM_chem2Smelter_other,,,,Ag,WEEE_mechRec2_chem,,,ferrousMetals,Ag,0.46
505,WEEE_2RM_chem2Smelter_other,,,,Ca,WEEE_mechRec2_chem,,,ferrousMetals,Ca,0.48
506,WEEE_2RM_chem2Smelter_other,,,,Cu,WEEE_mechRec2_chem,,,ferrousMetals,Cu,0.43
507,WEEE_2RM_chem2Smelter_other,,,,Ag,WEEE_mechRec2_chem,,,otherMetalsAndMetalAlloys,Ag,0.09
508,WEEE_2RM_chem2Smelter_other,,,,Al,WEEE_mechRec2_chem,,,otherMetalsAndMetalAlloys,Al,0.34
509,WEEE_2RM_chem2Smelter_other,,,,Dy,WEEE_mechRec2_chem,,,otherMetalsAndMetalAlloys,Dy,0.58
510,WEEE_2RM_chem2Smelter_other,,,,Al,WEEE_mechRec2_chem,,,AlAndAlAlloys,Al,0.43
511,WEEE_2RM_chem2Smelter_other,,,,Cu,WEEE_mechRec2_chem,,,CuAndCuAlloys,Cu,0.1
512,WEEE_thermal_chem,,,,Ag,WEEE_mechRec2_thermal,,,ferrousMetals,Ag,0.16
513,WEEE_thermal_chem,,,,Ca,WEEE_mechRec2_thermal,,,ferrousMetals,Ca,0.5
514,WEEE_thermal_chem,,,,Cu,WEEE_mechRec2_thermal,,,ferrousMetals,Cu,0.25
515,WEEE_thermal_chem,,,,Ag,WEEE_mechRec2_thermal,,,otherMetalsAndMetalAlloys,Ag,0.47
516,WEEE_thermal_chem,,,,Al,WEEE_mechRec2_thermal,,,otherMetalsAndMetalAlloys,Al,0.4
517,WEEE_thermal_chem,,,,Dy,WEEE_mechRec2_thermal,,,otherMetalsAndMetalAlloys,Dy,0.39
518,WEEE_thermal_chem,,,,Al,WEEE_mechRec2_thermal,,,AlAndAlAlloys,Al,0.41
519,WEEE_thermal_chem,,,,Cu,WEEE_mechRec2_thermal,,,CuAndCuAlloys,Cu,0.5
520,WEEE_mechRec2_thermal,,,,Ag,WEEE_mechRec2_chem,,,ferrousMetals,Ag,0.25
521,WEEE_mechRec2_thermal,,,,Ca,WEEE_mechRec2_chem,,,ferrousMetals,Ca,0.54
522,WEEE_mechRec2_thermal,,,,Cu,WEEE_mechRec2_chem,,,ferrousMetals,Cu,0.32
523,WEEE_mechRec2_thermal,,,,Ag,WEEE_mechRec2_chem,,,otherMetalsAndMetalAlloys,Ag,0.15
524,WEEE_mechRec2_thermal,,,,Al,WEEE_mechRec2_chem,,,otherMetalsAndMetalAlloys,Al,0.15
525,WEEE_mechRec2_thermal,,,,Dy,WEEE_mechRec2_chem,,,otherMetalsAndMetalAlloys,Dy,0.23
526,WEEE_mechRec2_thermal,,,,Al,WEEE_mechRec2_chem,,,AlAndAlAlloys,Al,0.06
527,WEEE_mechRec2_thermal,,,,Cu,WEEE_mechRec2_chem,,,CuAndCuAlloys,Cu,0.11
528,WEEE_2RM_chem2Smelter_other,,,,Ag,WEEE_thermal_chem,,,,Ag,0.3
529,WEEE_2RM_chem2Smelter_other,,,,Ca,WEEE_thermal_chem,,,,Ca,0.59
530,WEEE_2RM_chem2Smelter_other,,,,Cu,WEEE_thermal_chem,,,,Cu,0.32
531,WEEE_2RM_chem2Smelter_other,,,,Ag,WEEE_thermal_chem,,,,Ag,0.4
532,WEEE_2RM_chem2Smelter_other,,,,Al,WEEE_thermal_chem,,,,Al,0.43
533,WEEE_2RM_chem2Smelter_other,,,,Dy,WEEE_thermal_chem,,,,Dy,0.32
534,WEEE_2RM_chem2Smelter_other,,,,Al,WEEE_thermal_chem,,,,Al,0.51
535,WEEE_2RM_chem2Smelter_other,,,,Cu,WEEE_thermal_chem,,,,Cu,0.31
536,WEEE_2RM_thermal2Smelter_other,,,,Ag,WEEE_chem_thermal,,,,Ag,0.18
537,WEEE_2RM_thermal2Smelter_other,,,,Ca,WEEE_chem_thermal,,,,Ca,0.32
538,WEEE_2RM_thermal2Smelter_other,,,,Cu,WEEE_chem_thermal,,,,Cu,0.4
539,WEEE_2RM_thermal2Smelter_other,,,,Ag,WEEE_chem_thermal,,,,Ag,0.59
540,WEEE_2RM_thermal2Smelter_other,,,,Al,WEEE_chem_thermal,,,,Al,0.53
541,WEEE_2RM_thermal2Smelter_other,,,,Dy,WEEE_chem_thermal,,,,Dy,0.23
542,WEEE_2RM_thermal2Smelter_other,,,,Al,WEEE_chem_thermal,,,,Al,0.06
543,WEEE_2RM_thermal2Smelter_other,,,,Cu,WEEE_chem_thermal,,,,Cu,0.18
544,WEEE_generatedComplementaryMetalScrap,,ComponentShadowWEEE,,,WEEE_generatedDedicated,WEEE_Cat1,ComponentShadowWEEE,,,0.21
