input_flow,input_layer,input_layer_key,input_sub_layer,input_sub_layer_key,output_flow,output_layer,output_target_key,process,technology,value
WEEE_generatedDedicated,product,WEEE_Cat1,,,WEEE_generatedComplementaryMetalScrap,product,WEEE_Cat1,WEEE_generated,,0.136333333
WEEE_generatedDedicated,product,WEEE_Cat2,,,WEEE_generatedComplementaryMetalScrap,product,WEEE_Cat2,WEEE_generated,,0.115666667
WEEE_generatedDedicated,product,WEEE_Cat3,,,WEEE_generatedComplementaryMetalScrap,product,WEEE_Cat3,WEEE_generated,,0.158
WEEE_generatedDedicated,product,WEEE_Cat4a,,,WEEE_generatedComplementaryMetalScrap,product,WEEE_Cat4a,WEEE_generated,,0.128
WEEE_generatedDedicated,product,WEEE_Cat4b,,,WEEE_generatedComplementaryMetalScrap,product,WEEE_Cat4b,WEEE_generated,,0.273666667
WEEE_generatedDedicated,product,WEEE_Cat5,,,WEEE_generatedComplementaryMetalScrap,product,WEEE_Cat5,WEEE_generated,,0.15
WEEE_generatedDedicated,product,WEEE_Cat6,,,WEEE_generatedComplementaryMetalScrap,product,WEEE_Cat6,WEEE_generated,Tech1,0.013333333
WEEE_generatedDedicated,product,WEEE_Cat1,,,WEEE_generatedComplementaryExported,product,WEEE_Cat1,WEEE_generated,,0.136333333
WEEE_generatedDedicated,product,WEEE_Cat2,,,WEEE_generatedComplementaryExported,product,WEEE_Cat2,WEEE_generated,,0.115666667
WEEE_generatedDedicated,product,WEEE_Cat3,,,WEEE_generatedComplementaryExported,product,WEEE_Cat3,WEEE_generated,,0.158
WEEE_generatedDedicated,product,WEEE_Cat4a,,,WEEE_generatedComplementaryExported,product,WEEE_Cat4a,WEEE_generated,,0.128
WEEE_generatedDedicated,product,WEEE_Cat4b,,,WEEE_generatedComplementaryExported,product,WEEE_Cat4b,WEEE_generated,,0.273666667
WEEE_generatedDedicated,product,WEEE_Cat5,,,WEEE_generatedComplementaryExported,product,WEEE_Cat5,WEEE_generated,,0.15
WEEE_generatedDedicated,product,WEEE_Cat6,,,WEEE_generatedComplementaryExported,product,WEEE_Cat6,WEEE_generated,Tech1,0.013333333
WEEE_generatedDedicated,product,WEEE_Cat1,,,WEEE_generatedComplementaryUndocumented,product,WEEE_Cat1,WEEE_generated,,0.136333333
WEEE_generatedDedicated,product,WEEE_Cat2,,,WEEE_generatedComplementaryUndocumented,product,WEEE_Cat2,WEEE_generated,,0.115666667
WEEE_generatedDedicated,product,WEEE_Cat3,,,WEEE_generatedComplementaryUndocumented,product,WEEE_Cat3,WEEE_generated,,0.158
WEEE_generatedDedicated,product,WEEE_Cat4a,,,WEEE_generatedComplementaryUndocumented,product,WEEE_Cat4a,WEEE_generated,,0.128
WEEE_generatedDedicated,product,WEEE_Cat4b,,,WEEE_generatedComplementaryUndocumented,product,WEEE_Cat4b,WEEE_generated,,0.273666667
WEEE_generatedDedicated,product,WEEE_Cat5,,,WEEE_generatedComplementaryUndocumented,product,WEEE_Cat5,WEEE_generated,,0.15
WEEE_generatedDedicated,product,WEEE_Cat6,,,WEEE_generatedComplementaryUndocumented,product,WEEE_Cat6,WEEE_generated,Tech1,0.013333333
WEEE_generatedDedicated,product,WEEE_Cat2,,,WEEE_generatedComplementaryMSW,product,WEEE_Cat2,WEEE_generated,,0.028
WEEE_generatedDedicated,product,WEEE_Cat1,,,WEEE_generatedComplementaryMSW,product,WEEE_Cat1,WEEE_generated,,0.002
WEEE_generatedDedicated,product,WEEE_Cat3,,,WEEE_generatedComplementaryMSW,product,WEEE_Cat3,WEEE_generated,,0.134
WEEE_generatedDedicated,product,WEEE_Cat4a,,,WEEE_generatedComplementaryMSW,product,WEEE_Cat4a,WEEE_generated,,0.004
WEEE_generatedDedicated,product,WEEE_Cat4b,,,WEEE_generatedComplementaryMSW,product,WEEE_Cat4b,WEEE_generated,,0
WEEE_generatedDedicated,product,WEEE_Cat5,,,WEEE_generatedComplementaryMSW,product,WEEE_Cat5,WEEE_generated,,0.179
WEEE_generatedDedicated,product,WEEE_Cat6,,,WEEE_generatedComplementaryMSW,product,WEEE_Cat6,WEEE_generated,Tech1,0.27
WEEE_generatedDedicated,product,WEEE_Cat1,,,WEEE_collected,product,WEEE_Cat1,WEEE_generated,,0.589
WEEE_generatedDedicated,product,WEEE_Cat2,,,WEEE_collected,product,WEEE_Cat2,WEEE_generated,,0.625
WEEE_generatedDedicated,product,WEEE_Cat3,,,WEEE_collected,product,WEEE_Cat3,WEEE_generated,,0.391
WEEE_generatedDedicated,product,WEEE_Cat4a,,,WEEE_collected,product,WEEE_Cat4a,WEEE_generated,,0.612
WEEE_generatedDedicated,product,WEEE_Cat4b,,,WEEE_collected,product,WEEE_Cat4b,WEEE_generated,,0.179
WEEE_generatedDedicated,product,WEEE_Cat5,,,WEEE_collected,product,WEEE_Cat5,WEEE_generated,,0.371
WEEE_generatedDedicated,product,WEEE_Cat6,,,WEEE_collected,product,WEEE_Cat6,WEEE_generated,Tech1,0.12
WEEE_generatedComplementaryMSW,product,WEEE_Cat1,,,WEEE_wasteBinLandfill,product,WEEE_Cat1,WEEE_complementary_collection(MSW),,0.99
WEEE_generatedComplementaryMSW,product,WEEE_Cat2,,,WEEE_wasteBinLandfill,product,WEEE_Cat2,WEEE_complementary_collection(MSW),,0.99
WEEE_generatedComplementaryMSW,product,WEEE_Cat3,,,WEEE_wasteBinLandfill,product,WEEE_Cat3,WEEE_complementary_collection(MSW),,0.8
WEEE_generatedComplementaryMSW,product,WEEE_Cat4a,,,WEEE_wasteBinLandfill,product,WEEE_Cat4a,WEEE_complementary_collection(MSW),,1
WEEE_generatedComplementaryMSW,product,WEEE_Cat4b,,,WEEE_wasteBinLandfill,product,WEEE_Cat4b,WEEE_complementary_collection(MSW),,1
WEEE_generatedComplementaryMSW,product,WEEE_Cat5,,,WEEE_wasteBinLandfill,product,WEEE_Cat5,WEEE_complementary_collection(MSW),,0.8
WEEE_generatedComplementaryMSW,product,WEEE_Cat6,,,WEEE_wasteBinLandfill,product,WEEE_Cat6,WEEE_complementary_collection(MSW),,0.9
WEEE_generatedComplementaryMSW,product,WEEE_Cat1,,,WEEE_wasteBinIncineration,product,WEEE_Cat1,WEEE_complementary_collection(MSW),,0.01
WEEE_generatedComplementaryMSW,product,WEEE_Cat2,,,WEEE_wasteBinIncineration,product,WEEE_Cat2,WEEE_complementary_collection(MSW),,0.01
WEEE_generatedComplementaryMSW,product,WEEE_Cat3,,,WEEE_wasteBinIncineration,product,WEEE_Cat3,WEEE_complementary_collection(MSW),,0.2
WEEE_generatedComplementaryMSW,product,WEEE_Cat4a,,,WEEE_wasteBinIncineration,product,WEEE_Cat4a,WEEE_complementary_collection(MSW),,0
WEEE_generatedComplementaryMSW,product,WEEE_Cat4b,,,WEEE_wasteBinIncineration,product,WEEE_Cat4b,WEEE_complementary_collection(MSW),,0
WEEE_generatedComplementaryMSW,product,WEEE_Cat5,,,WEEE_wasteBinIncineration,product,WEEE_Cat5,WEEE_complementary_collection(MSW),,0.2
WEEE_generatedComplementaryMSW,product,WEEE_Cat6,,,WEEE_wasteBinIncineration,product,WEEE_Cat6,WEEE_complementary_collection(MSW),,0.1
WEEE_collected,product,WEEE_Cat1,,,WEEE_categ_mechRec1,product,WEEE_Cat1,categorizing,,
WEEE_collected,product,WEEE_Cat6,,,WEEE_categ_mechRec1,product,WEEE_Cat6,categorizing,,
WEEE_collected,product,WEEE_Cat2,,,WEEE_categ_mechRec1,product,WEEE_Cat2,categorizing,,
WEEE_collected,product,WEEE_Cat4a,,,WEEE_categ_mechRec1,product,WEEE_Cat4a,categorizing,,
WEEE_collected,product,WEEE_Cat5,,,WEEE_categ_mechRec1,product,WEEE_Cat5,categorizing,,
WEEE_collected,product,WEEE_Cat4b,,,WEEE_categ_mechRec1,product,WEEE_Cat4b,categorizing,,
WEEE_collected,product,WEEE_Cat3,,,WEEE_categ_mechRec1,product,WEEE_Cat3,categorizing,,
WEEE_collected,product,WEEE_Cat1,,,WEEE_categ_mechRec2,product,WEEE_Cat1,categorizing,,
WEEE_collected,product,WEEE_Cat6,,,WEEE_categ_mechRec2,product,WEEE_Cat6,categorizing,,
WEEE_collected,product,WEEE_Cat2,,,WEEE_categ_mechRec2,product,WEEE_Cat2,categorizing,,
WEEE_collected,product,WEEE_Cat4a,,,WEEE_categ_mechRec2,product,WEEE_Cat4a,categorizing,,
WEEE_collected,product,WEEE_Cat5,,,WEEE_categ_mechRec2,product,WEEE_Cat5,categorizing,,
WEEE_collected,product,WEEE_Cat4b,,,WEEE_categ_mechRec2,product,WEEE_Cat4b,categorizing,,
WEEE_collected,product,WEEE_Cat3,,,WEEE_categ_mechRec2,product,WEEE_Cat3,categorizing,,
WEEE_categ_mechRec1,product,WEEE_Cat1,,,WEEE_mechRec1_mechRec2,component,ComponentShadowWEEE,dismantling,,0.1
WEEE_categ_mechRec1,product,WEEE_Cat6,,,WEEE_mechRec1_mechRec2,component,ConductivitySensor,dismantling,,0.2
WEEE_categ_mechRec1,product,WEEE_Cat2,,,WEEE_mechRec1_mechRec2,component,LED,dismantling,,0.1
WEEE_categ_mechRec1,product,WEEE_Cat4a,,,WEEE_mechRec1_mechRec2,component,LidarSensor (&lt;15cm),dismantling,,0.5
WEEE_categ_mechRec1,product,WEEE_Cat5,,,WEEE_mechRec1_mechRec2,component,MagnetSensor,dismantling,,0.1
WEEE_categ_mechRec1,product,WEEE_Cat4b,,,WEEE_mechRec1_mechRec2,component,PCBWEEECat,dismantling,,0.5
WEEE_categ_mechRec1,product,WEEE_Cat3,,,WEEE_mechRec1_mechRec2,component,PCBunspecified,dismantling,,0.3
WEEE_categ_mechRec1,product,WEEE_Cat1,,,WEEE_mechRec1_mechRec2,component,PVBacksheet,dismantling,,0.1
WEEE_categ_mechRec1,product,WEEE_Cat6,,,WEEE_mechRec1_mechRec2,component,PVEncapsulationEVA,dismantling,,0.2
WEEE_categ_mechRec1,product,WEEE_Cat2,,,WEEE_mechRec1_mechRec2,component,PVFrameAl,dismantling,,0.1
WEEE_categ_mechRec1,product,WEEE_Cat4a,,,WEEE_mechRec1_mechRec2,component,PVSolarGlass,dismantling,,0.5
WEEE_categ_mechRec1,product,WEEE_Cat5,,,WEEE_mechRec1_mechRec2,component,PVcellSi,dismantling,,0.1
WEEE_categ_mechRec1,product,WEEE_Cat4b,,,WEEE_mechRec1_mechRec2,component,WEEEEvaporator,dismantling,,0.5
WEEE_categ_mechRec1,product,WEEE_Cat3,,,WEEE_mechRec1_mechRec2,component,brush,dismantling,,0.3
WEEE_categ_mechRec1,product,WEEE_Cat1,,,WEEE_mechRec1_mechRec2,component,cableUnspecified,dismantling,,0.1
WEEE_categ_mechRec1,product,WEEE_Cat6,,,WEEE_mechRec1_mechRec2,component,cableWOPlug,dismantling,,0.2
WEEE_categ_mechRec1,product,WEEE_Cat2,,,WEEE_mechRec1_mechRec2,component,cableWPlug,dismantling,,0.1
WEEE_categ_mechRec1,product,WEEE_Cat4a,,,WEEE_mechRec1_mechRec2,component,cableWithConnector,dismantling,,0.5
WEEE_categ_mechRec1,product,WEEE_Cat5,,,WEEE_mechRec1_mechRec2,component,cables,dismantling,,0.1
WEEE_categ_mechRec1,product,WEEE_Cat4b,,,WEEE_mechRec1_mechRec2,component,cablewire,dismantling,,0.5
WEEE_categ_mechRec1,product,WEEE_Cat3,,,WEEE_mechRec1_mechRec2,component,capElectrolytic,dismantling,,0.3
WEEE_categ_mechRec1,product,WEEE_Cat1,,,WEEE_mechRec1_mechRec2,component,casingPlasticBased,dismantling,,0.1
WEEE_categ_mechRec1,product,WEEE_Cat6,,,WEEE_mechRec1_mechRec2,component,casingSteelBased,dismantling,,0.2
WEEE_categ_mechRec1,product,WEEE_Cat2,,,WEEE_mechRec1_mechRec2,component,casingUnspecified,dismantling,,0.1
WEEE_categ_mechRec1,product,WEEE_Cat4a,,,WEEE_mechRec1_mechRec2,component,coldCathodeLamp,dismantling,,0.5
WEEE_categ_mechRec1,product,WEEE_Cat5,,,WEEE_mechRec1_mechRec2,component,compContainHazardSubst,dismantling,,0.1
WEEE_categ_mechRec1,product,WEEE_Cat4b,,,WEEE_mechRec1_mechRec2,component,compressor,dismantling,,0.5
WEEE_categ_mechRec1,product,WEEE_Cat3,,,WEEE_mechRec1_mechRec2,component,condensator,dismantling,,0.3
WEEE_categ_mechRec1,product,WEEE_Cat1,,,WEEE_mechRec1_mechRec2,component,contactor,dismantling,,
WEEE_categ_mechRec1,product,WEEE_Cat6,,,WEEE_mechRec1_mechRec2,component,displayCRT,dismantling,,
WEEE_categ_mechRec1,product,WEEE_Cat2,,,WEEE_mechRec1_mechRec2,component,displayLCD,dismantling,,
WEEE_categ_mechRec1,product,WEEE_Cat4a,,,WEEE_mechRec1_mechRec2,component,displayLCDunder100cm2,dismantling,,
WEEE_categ_mechRec1,product,WEEE_Cat5,,,WEEE_mechRec1_mechRec2,component,displayOther,dismantling,,
WEEE_categ_mechRec1,product,WEEE_Cat4b,,,WEEE_mechRec1_mechRec2,component,displayPlasma,dismantling,,
WEEE_categ_mechRec1,product,WEEE_Cat3,,,WEEE_mechRec1_mechRec2,component,driveCDDExt,dismantling,,
WEEE_categ_mechRec1,product,WEEE_Cat1,,,WEEE_mechRec1_mechRec2,component,driveCDDInt,dismantling,,0.95
WEEE_categ_mechRec1,product,WEEE_Cat6,,,WEEE_mechRec1_mechRec2,component,driveFDD,dismantling,,1
WEEE_categ_mechRec1,product,WEEE_Cat2,,,WEEE_mechRec1_mechRec2,component,driveHDD,dismantling,,1
WEEE_categ_mechRec1,product,WEEE_Cat4a,,,WEEE_mechRec1_mechRec2,component,driveUnspecified,dismantling,,1
WEEE_categ_mechRec1,product,WEEE_Cat5,,,WEEE_mechRec1_mechRec2,component,electricEngine,dismantling,,1
WEEE_categ_mechRec1,product,WEEE_Cat4b,,,WEEE_mechRec1_mechRec2,component,filterFoamBased,dismantling,,1
WEEE_categ_mechRec1,product,WEEE_Cat3,,,WEEE_mechRec1_mechRec2,component,fuse,dismantling,,1
WEEE_categ_mechRec1,product,WEEE_Cat1,,,WEEE_mechRec1_mechRec2,component,gear,dismantling,,0.05
WEEE_categ_mechRec1,product,WEEE_Cat6,,,WEEE_mechRec1_mechRec2,component,heatingCoolingEEEairCondenser,dismantling,,0.05
WEEE_categ_mechRec1,product,WEEE_Cat2,,,WEEE_mechRec1_mechRec2,component,heatingCoolingEEEfan,dismantling,,0.05
WEEE_categ_mechRec1,product,WEEE_Cat4a,,,WEEE_mechRec1_mechRec2,component,heatingCoolingEEEheatSink,dismantling,,0.05
WEEE_categ_mechRec1,product,WEEE_Cat5,,,WEEE_mechRec1_mechRec2,component,inductor,dismantling,,0.05
WEEE_categ_mechRec1,product,WEEE_Cat4b,,,WEEE_mechRec1_mechRec2,component,insulation,dismantling,,0.05
WEEE_categ_mechRec1,product,WEEE_Cat3,,,WEEE_mechRec1_mechRec2,component,keyboard,dismantling,,0.05
WEEE_categ_mechRec1,product,WEEE_Cat1,,,WEEE_mechRec1_mechRec2,component,knob,dismantling,,0.05
WEEE_categ_mechRec1,product,WEEE_Cat6,,,WEEE_mechRec1_mechRec2,component,lenseAssembly,dismantling,,0.05
WEEE_categ_mechRec1,product,WEEE_Cat2,,,WEEE_mechRec1_mechRec2,component,lighting,dismantling,,0.05
WEEE_categ_mechRec1,product,WEEE_Cat4a,,,WEEE_mechRec1_mechRec2,component,lightingFlash,dismantling,,0.05
WEEE_categ_mechRec1,product,WEEE_Cat5,,,WEEE_mechRec1_mechRec2,component,magnetPermanent,dismantling,,0.05
WEEE_categ_mechRec1,product,WEEE_Cat4b,,,WEEE_mechRec1_mechRec2,component,magnetron,dismantling,,0.95
WEEE_categ_mechRec1,product,WEEE_Cat3,,,WEEE_mechRec1_mechRec2,component,mainboardInclCPUgpu,dismantling,,0.95
WEEE_categ_mechRec1,product,WEEE_Cat1,,,WEEE_mechRec1_mechRec2,component,non-electricCoil,dismantling,,0.95
WEEE_categ_mechRec1,product,WEEE_Cat6,,,WEEE_mechRec1_mechRec2,component,nonElectricCoil,dismantling,,0.95
WEEE_categ_mechRec1,product,WEEE_Cat2,,,WEEE_mechRec1_mechRec2,component,onOffSwitch,dismantling,,0.95
WEEE_categ_mechRec1,product,WEEE_Cat4a,,,WEEE_mechRec1_mechRec2,component,otherElectricCompUnspecified,dismantling,,0.95
WEEE_categ_mechRec1,product,WEEE_Cat5,,,WEEE_mechRec1_mechRec2,component,otherNonElectricCompUnspecified,dismantling,,0.95
WEEE_categ_mechRec1,product,WEEE_Cat4b,,,WEEE_mechRec1_mechRec2,component,passiveJunctionBox,dismantling,,0.95
WEEE_categ_mechRec1,product,WEEE_Cat3,,,WEEE_mechRec1_mechRec2,component,plug,dismantling,,0.95
WEEE_categ_mechRec1,product,WEEE_Cat1,,,WEEE_mechRec1_mechRec2,component,powerSupply,dismantling,,0.95
WEEE_categ_mechRec1,product,WEEE_Cat6,,,WEEE_mechRec1_mechRec2,component,printedCircuitBoard,dismantling,,0.95
WEEE_categ_mechRec1,product,WEEE_Cat2,,,WEEE_mechRec1_mechRec2,component,pump,dismantling,,0.95
WEEE_categ_mechRec1,product,WEEE_Cat4a,,,WEEE_mechRec1_mechRec2,component,refrigerant,dismantling,,0.95
WEEE_categ_mechRec1,product,WEEE_Cat5,,,WEEE_mechRec1_mechRec2,component,remoteControl,dismantling,,0.5
WEEE_categ_mechRec1,product,WEEE_Cat4b,,,WEEE_mechRec1_mechRec2,component,resistor,dismantling,,0.05
WEEE_categ_mechRec1,product,WEEE_Cat3,,,WEEE_mechRec1_mechRec2,component,rotor,dismantling,,0.8
WEEE_categ_mechRec1,product,WEEE_Cat1,,,WEEE_mechRec1_mechRec2,component,screw,dismantling,,0.85
WEEE_categ_mechRec1,product,WEEE_Cat6,,,WEEE_mechRec1_mechRec2,component,sensorUnspecified,dismantling,,0.95
WEEE_categ_mechRec1,product,WEEE_Cat2,,,WEEE_mechRec1_mechRec2,component,shadowComponentWEEE,dismantling,,0.9
WEEE_categ_mechRec1,product,WEEE_Cat4a,,,WEEE_mechRec1_mechRec2,component,solenoidValve,dismantling,,0.01
WEEE_categ_mechRec1,product,WEEE_Cat5,,,WEEE_mechRec1_mechRec2,component,speakerEEE2,dismantling,,0.5
WEEE_categ_mechRec1,product,WEEE_Cat4b,,,WEEE_mechRec1_mechRec2,component,switch,dismantling,,0.95
WEEE_categ_mechRec1,product,WEEE_Cat3,,,WEEE_mechRec1_mechRec2,component,tonerCartridge,dismantling,,0.2
WEEE_categ_mechRec1,product,WEEE_Cat4a,,,WEEE_mechRec1_mechRec2,component,transformator,dismantling,,0.15
WEEE_categ_mechRec1,product,WEEE_Cat5,,,WEEE_mechRec1_mechRec2,component,transmission,dismantling,,0.05
WEEE_categ_mechRec1,product,WEEE_Cat4b,,,WEEE_mechRec1_mechRec2,component,transmitter,dismantling,,0.1
WEEE_categ_mechRec1,product,WEEE_Cat3,,,WEEE_mechRec1_mechRec2,component,wheel,dismantling,,0.99
WEEE_categ_mechRec1,product,WEEE_Cat1,,,WEEE_2RM_mechRec1Smelter_other,component,ComponentShadowWEEE,dismantling,,
WEEE_categ_mechRec1,product,WEEE_Cat6,,,WEEE_2RM_mechRec1Smelter_other,component,ConductivitySensor,dismantling,,
WEEE_categ_mechRec1,product,WEEE_Cat2,,,WEEE_2RM_mechRec1Smelter_other,component,LED,dismantling,,
WEEE_categ_mechRec1,product,WEEE_Cat4a,,,WEEE_2RM_mechRec1Smelter_other,component,LidarSensor (&lt;15cm),dismantling,,
WEEE_categ_mechRec1,product,WEEE_Cat5,,,WEEE_2RM_mechRec1Smelter_other,component,MagnetSensor,dismantling,,
WEEE_categ_mechRec1,product,WEEE_Cat4b,,,WEEE_2RM_mechRec1Smelter_other,component,PCBWEEECat,dismantling,,
WEEE_categ_mechRec1,product,WEEE_Cat3,,,WEEE_2RM_mechRec1Smelter_other,component,PCBunspecified,dismantling,,
WEEE_categ_mechRec1,product,WEEE_Cat1,,,WEEE_2RM_mechRec1Smelter_other,component,PVBacksheet,dismantling,,
WEEE_categ_mechRec1,product,WEEE_Cat6,,,WEEE_2RM_mechRec1Smelter_other,component,PVEncapsulationEVA,dismantling,,
WEEE_categ_mechRec1,product,WEEE_Cat2,,,WEEE_2RM_mechRec1Smelter_other,component,PVFrameAl,dismantling,,
WEEE_categ_mechRec1,product,WEEE_Cat4a,,,WEEE_2RM_mechRec1Smelter_other,component,PVSolarGlass,dismantling,,
WEEE_categ_mechRec1,product,WEEE_Cat5,,,WEEE_2RM_mechRec1Smelter_other,component,PVcellSi,dismantling,,
WEEE_categ_mechRec1,product,WEEE_Cat4b,,,WEEE_2RM_mechRec1Smelter_other,component,WEEEEvaporator,dismantling,,
WEEE_categ_mechRec1,product,WEEE_Cat3,,,WEEE_2RM_mechRec1Smelter_other,component,brush,dismantling,,
WEEE_categ_mechRec1,product,WEEE_Cat1,,,WEEE_2RM_mechRec1Smelter_other,component,cableUnspecified,dismantling,,
WEEE_categ_mechRec1,product,WEEE_Cat6,,,WEEE_2RM_mechRec1Smelter_other,component,cableWOPlug,dismantling,,
WEEE_categ_mechRec1,product,WEEE_Cat2,,,WEEE_2RM_mechRec1Smelter_other,component,cableWPlug,dismantling,,
WEEE_categ_mechRec1,product,WEEE_Cat4a,,,WEEE_2RM_mechRec1Smelter_other,component,cableWithConnector,dismantling,,
WEEE_categ_mechRec1,product,WEEE_Cat5,,,WEEE_2RM_mechRec1Smelter_other,component,cables,dismantling,,
WEEE_categ_mechRec1,product,WEEE_Cat4b,,,WEEE_2RM_mechRec1Smelter_other,component,cablewire,dismantling,,
WEEE_categ_mechRec1,product,WEEE_Cat3,,,WEEE_2RM_mechRec1Smelter_other,component,capElectrolytic,dismantling,,
WEEE_categ_mechRec1,product,WEEE_Cat1,,,WEEE_2RM_mechRec1Smelter_other,component,casingPlasticBased,dismantling,,
WEEE_categ_mechRec1,product,WEEE_Cat6,,,WEEE_2RM_mechRec1Smelter_other,component,casingSteelBased,dismantling,,
WEEE_categ_mechRec1,product,WEEE_Cat2,,,WEEE_2RM_mechRec1Smelter_other,component,casingUnspecified,dismantling,,
WEEE_categ_mechRec1,product,WEEE_Cat4a,,,WEEE_2RM_mechRec1Smelter_other,component,coldCathodeLamp,dismantling,,
WEEE_categ_mechRec1,product,WEEE_Cat5,,,WEEE_2RM_mechRec1Smelter_other,component,compContainHazardSubst,dismantling,,
WEEE_categ_mechRec1,product,WEEE_Cat4b,,,WEEE_2RM_mechRec1Smelter_other,component,compressor,dismantling,,
WEEE_categ_mechRec1,product,WEEE_Cat3,,,WEEE_2RM_mechRec1Smelter_other,component,condensator,dismantling,,
WEEE_categ_mechRec1,product,WEEE_Cat1,,,WEEE_2RM_mechRec1Smelter_other,component,contactor,dismantling,,
WEEE_categ_mechRec1,product,WEEE_Cat6,,,WEEE_2RM_mechRec1Smelter_other,component,displayCRT,dismantling,,
WEEE_categ_mechRec1,product,WEEE_Cat2,,,WEEE_2RM_mechRec1Smelter_other,component,displayLCD,dismantling,,
WEEE_categ_mechRec1,product,WEEE_Cat4a,,,WEEE_2RM_mechRec1Smelter_other,component,displayLCDunder100cm2,dismantling,,
WEEE_categ_mechRec1,product,WEEE_Cat5,,,WEEE_2RM_mechRec1Smelter_other,component,displayOther,dismantling,,
WEEE_categ_mechRec1,product,WEEE_Cat4b,,,WEEE_2RM_mechRec1Smelter_other,component,displayPlasma,dismantling,,
WEEE_categ_mechRec1,product,WEEE_Cat3,,,WEEE_2RM_mechRec1Smelter_other,component,driveCDDExt,dismantling,,
WEEE_categ_mechRec1,product,WEEE_Cat1,,,WEEE_2RM_mechRec1Smelter_other,component,driveCDDInt,dismantling,,
WEEE_categ_mechRec1,product,WEEE_Cat6,,,WEEE_2RM_mechRec1Smelter_other,component,driveFDD,dismantling,,
WEEE_categ_mechRec1,product,WEEE_Cat2,,,WEEE_2RM_mechRec1Smelter_other,component,driveHDD,dismantling,,
WEEE_categ_mechRec1,product,WEEE_Cat4a,,,WEEE_2RM_mechRec1Smelter_other,component,driveUnspecified,dismantling,,
WEEE_categ_mechRec1,product,WEEE_Cat5,,,WEEE_2RM_mechRec1Smelter_other,component,electricEngine,dismantling,,
WEEE_categ_mechRec1,product,WEEE_Cat4b,,,WEEE_2RM_mechRec1Smelter_other,component,filterFoamBased,dismantling,,
WEEE_categ_mechRec1,product,WEEE_Cat3,,,WEEE_2RM_mechRec1Smelter_other,component,fuse,dismantling,,
WEEE_categ_mechRec1,product,WEEE_Cat1,,,WEEE_2RM_mechRec1Smelter_other,component,gear,dismantling,,
WEEE_categ_mechRec1,product,WEEE_Cat6,,,WEEE_2RM_mechRec1Smelter_other,component,heatingCoolingEEEairCondenser,dismantling,,
WEEE_categ_mechRec1,product,WEEE_Cat2,,,WEEE_2RM_mechRec1Smelter_other,component,heatingCoolingEEEfan,dismantling,,
WEEE_categ_mechRec1,product,WEEE_Cat4a,,,WEEE_2RM_mechRec1Smelter_other,component,heatingCoolingEEEheatSink,dismantling,,
WEEE_categ_mechRec1,product,WEEE_Cat5,,,WEEE_2RM_mechRec1Smelter_other,component,inductor,dismantling,,
WEEE_categ_mechRec1,product,WEEE_Cat4b,,,WEEE_2RM_mechRec1Smelter_other,component,insulation,dismantling,,
WEEE_categ_mechRec1,product,WEEE_Cat3,,,WEEE_2RM_mechRec1Smelter_other,component,keyboard,dismantling,,
WEEE_categ_mechRec1,product,WEEE_Cat1,,,WEEE_2RM_mechRec1Smelter_other,component,knob,dismantling,,
WEEE_categ_mechRec1,product,WEEE_Cat6,,,WEEE_2RM_mechRec1Smelter_other,component,lenseAssembly,dismantling,,
WEEE_categ_mechRec1,product,WEEE_Cat2,,,WEEE_2RM_mechRec1Smelter_other,component,lighting,dismantling,,
WEEE_categ_mechRec1,product,WEEE_Cat4a,,,WEEE_2RM_mechRec1Smelter_other,component,lightingFlash,dismantling,,
WEEE_categ_mechRec1,product,WEEE_Cat5,,,WEEE_2RM_mechRec1Smelter_other,component,magnetPermanent,dismantling,,
WEEE_categ_mechRec1,product,WEEE_Cat4b,,,WEEE_2RM_mechRec1Smelter_other,component,magnetron,dismantling,,
WEEE_categ_mechRec1,product,WEEE_Cat3,,,WEEE_2RM_mechRec1Smelter_other,component,mainboardInclCPUgpu,dismantling,,
WEEE_categ_mechRec1,product,WEEE_Cat1,,,WEEE_2RM_mechRec1Smelter_other,component,non-electricCoil,dismantling,,
WEEE_categ_mechRec1,product,WEEE_Cat6,,,WEEE_2RM_mechRec1Smelter_other,component,nonElectricCoil,dismantling,,
WEEE_categ_mechRec1,product,WEEE_Cat2,,,WEEE_2RM_mechRec1Smelter_other,component,onOffSwitch,dismantling,,
WEEE_categ_mechRec1,product,WEEE_Cat4a,,,WEEE_2RM_mechRec1Smelter_other,component,otherElectricCompUnspecified,dismantling,,
WEEE_categ_mechRec1,product,WEEE_Cat5,,,WEEE_2RM_mechRec1Smelter_other,component,otherNonElectricCompUnspecified,dismantling,,
WEEE_categ_mechRec1,product,WEEE_Cat4b,,,WEEE_2RM_mechRec1Smelter_other,component,passiveJunctionBox,dismantling,,
WEEE_categ_mechRec1,product,WEEE_Cat3,,,WEEE_2RM_mechRec1Smelter_other,component,plug,dismantling,,
WEEE_categ_mechRec1,product,WEEE_Cat1,,,WEEE_2RM_mechRec1Smelter_other,component,powerSupply,dismantling,,
WEEE_categ_mechRec1,product,WEEE_Cat6,,,WEEE_2RM_mechRec1Smelter_other,component,printedCircuitBoard,dismantling,,
WEEE_categ_mechRec1,product,WEEE_Cat2,,,WEEE_2RM_mechRec1Smelter_other,component,pump,dismantling,,
WEEE_categ_mechRec1,product,WEEE_Cat4a,,,WEEE_2RM_mechRec1Smelter_other,component,refrigerant,dismantling,,
WEEE_categ_mechRec1,product,WEEE_Cat5,,,WEEE_2RM_mechRec1Smelter_other,component,remoteControl,dismantling,,
WEEE_categ_mechRec1,product,WEEE_Cat4b,,,WEEE_2RM_mechRec1Smelter_other,component,resistor,dismantling,,
WEEE_categ_mechRec1,product,WEEE_Cat3,,,WEEE_2RM_mechRec1Smelter_other,component,rotor,dismantling,,
WEEE_categ_mechRec1,product,WEEE_Cat1,,,WEEE_2RM_mechRec1Smelter_other,component,screw,dismantling,,
WEEE_categ_mechRec1,product,WEEE_Cat6,,,WEEE_2RM_mechRec1Smelter_other,component,sensorUnspecified,dismantling,,
WEEE_categ_mechRec1,product,WEEE_Cat2,,,WEEE_2RM_mechRec1Smelter_other,component,shadowComponentWEEE,dismantling,,
WEEE_categ_mechRec1,product,WEEE_Cat4a,,,WEEE_2RM_mechRec1Smelter_other,component,solenoidValve,dismantling,,
WEEE_categ_mechRec1,product,WEEE_Cat5,,,WEEE_2RM_mechRec1Smelter_other,component,speakerEEE2,dismantling,,
WEEE_categ_mechRec1,product,WEEE_Cat4b,,,WEEE_2RM_mechRec1Smelter_other,component,switch,dismantling,,
WEEE_categ_mechRec1,product,WEEE_Cat3,,,WEEE_2RM_mechRec1Smelter_other,component,tonerCartridge,dismantling,,
WEEE_categ_mechRec1,product,WEEE_Cat4a,,,WEEE_2RM_mechRec1Smelter_other,component,transformator,dismantling,,
WEEE_categ_mechRec1,product,WEEE_Cat5,,,WEEE_2RM_mechRec1Smelter_other,component,transmission,dismantling,,
WEEE_categ_mechRec1,product,WEEE_Cat4b,,,WEEE_2RM_mechRec1Smelter_other,component,transmitter,dismantling,,
WEEE_categ_mechRec1,product,WEEE_Cat3,,,WEEE_2RM_mechRec1Smelter_other,component,wheel,dismantling,,
WEEE_categ_mechRec2,product,WEEE_Cat1,,,WEEE_2RM_mechRec2Smelter_other,material,AlAndAlAlloys,shredding,,
WEEE_categ_mechRec2,product,WEEE_Cat6,,,WEEE_2RM_mechRec2Smelter_other,material,CuAndCuAlloys,shredding,,
WEEE_categ_mechRec2,product,WEEE_Cat2,,,WEEE_2RM_mechRec2Smelter_other,material,MaterialShadowWEEE,shredding,,
WEEE_categ_mechRec2,product,WEEE_Cat4a,,,WEEE_2RM_mechRec2Smelter_other,material,aggregateBinderMixedMaterials,shredding,,
WEEE_categ_mechRec2,product,WEEE_Cat5,,,WEEE_2RM_mechRec2Smelter_other,material,ferrousMetals,shredding,,
WEEE_categ_mechRec2,product,WEEE_Cat4b,,,WEEE_2RM_mechRec2Smelter_other,material,glass,shredding,,
WEEE_categ_mechRec2,product,WEEE_Cat3,,,WEEE_2RM_mechRec2Smelter_other,material,glassAndCeramics,shredding,,
WEEE_categ_mechRec2,product,WEEE_Cat1,,,WEEE_2RM_mechRec2Smelter_other,material,non-ferrousMetals,shredding,,
WEEE_categ_mechRec2,product,WEEE_Cat6,,,WEEE_2RM_mechRec2Smelter_other,material,otherMetalsAndMetalAlloys,shredding,,
WEEE_categ_mechRec2,product,WEEE_Cat2,,,WEEE_2RM_mechRec2Smelter_other,material,otherMinerals,shredding,,
WEEE_categ_mechRec2,product,WEEE_Cat4a,,,WEEE_2RM_mechRec2Smelter_other,material,otherOrUndefinedMaterials,shredding,,
WEEE_categ_mechRec2,product,WEEE_Cat5,,,WEEE_2RM_mechRec2Smelter_other,material,otherOrganics,shredding,,
WEEE_categ_mechRec2,product,WEEE_Cat4b,,,WEEE_2RM_mechRec2Smelter_other,material,plastics,shredding,,
WEEE_categ_mechRec2,product,WEEE_Cat3,,,WEEE_2RM_mechRec2Smelter_other,material,undefinedAndMixedMaterials,shredding,,
WEEE_categ_mechRec2,product,WEEE_Cat1,,,WEEE_2RM_mechRec2Smelter_other,material,wood,shredding,,
WEEE_categ_mechRec2,product,WEEE_Cat6,,,WEEE_2RM_mechRec2Smelter_other,material,plasticComposites,shredding,,
WEEE_categ_mechRec2,product,WEEE_Cat2,,,WEEE_2RM_mechRec2Smelter_other,material,steelAndSteelAlloys,shredding,,
WEEE_categ_mechRec2,product,WEEE_Cat4a,,,WEEE_2RM_mechRec2Smelter_other,material,polymerPA6GF30,shredding,,
WEEE_categ_mechRec2,product,WEEE_Cat5,,,WEEE_2RM_mechRec2Smelter_other,material,polymerPPGF30,shredding,,
WEEE_categ_mechRec2,product,WEEE_Cat4b,,,WEEE_2RM_mechRec2Smelter_other,material,polymerPPTF30,shredding,,
WEEE_mechRec1_mechRec2,component,ComponentShadowWEEE,,,WEEE_2RM_mechRec2Smelter_other,material,AlAndAlAlloys,shredding,,
WEEE_mechRec1_mechRec2,component,ComponentShadowWEEE,,,WEEE_2RM_mechRec2Smelter_other,material,CuAndCuAlloys,shredding,,
WEEE_mechRec1_mechRec2,component,ComponentShadowWEEE,,,WEEE_2RM_mechRec2Smelter_other,material,MaterialShadowWEEE,shredding,,
WEEE_mechRec1_mechRec2,component,ComponentShadowWEEE,,,WEEE_2RM_mechRec2Smelter_other,material,aggregateBinderMixedMaterials,shredding,,
WEEE_mechRec1_mechRec2,component,ComponentShadowWEEE,,,WEEE_2RM_mechRec2Smelter_other,material,ferrousMetals,shredding,,
WEEE_mechRec1_mechRec2,component,ComponentShadowWEEE,,,WEEE_2RM_mechRec2Smelter_other,material,glass,shredding,,
WEEE_mechRec1_mechRec2,component,ComponentShadowWEEE,,,WEEE_2RM_mechRec2Smelter_other,material,glassAndCeramics,shredding,,
WEEE_mechRec1_mechRec2,component,ComponentShadowWEEE,,,WEEE_2RM_mechRec2Smelter_other,material,non-ferrousMetals,shredding,,
WEEE_mechRec1_mechRec2,component,ComponentShadowWEEE,,,WEEE_2RM_mechRec2Smelter_other,material,otherMetalsAndMetalAlloys,shredding,,
WEEE_mechRec1_mechRec2,component,ComponentShadowWEEE,,,WEEE_2RM_mechRec2Smelter_other,material,otherMinerals,shredding,,
WEEE_mechRec1_mechRec2,component,ComponentShadowWEEE,,,WEEE_2RM_mechRec2Smelter_other,material,otherOrUndefinedMaterials,shredding,,
WEEE_mechRec1_mechRec2,component,ComponentShadowWEEE,,,WEEE_2RM_mechRec2Smelter_other,material,otherOrganics,shredding,,
WEEE_mechRec1_mechRec2,component,ComponentShadowWEEE,,,WEEE_2RM_mechRec2Smelter_other,material,plastics,shredding,,
WEEE_mechRec1_mechRec2,component,ComponentShadowWEEE,,,WEEE_2RM_mechRec2Smelter_other,material,undefinedAndMixedMaterials,shredding,,
WEEE_mechRec1_mechRec2,component,ComponentShadowWEEE,,,WEEE_2RM_mechRec2Smelter_other,material,wood,shredding,,
WEEE_mechRec1_mechRec2,component,ConductivitySensor,,,WEEE_2RM_mechRec2Smelter_other,material,CuAndCuAlloys,shredding,,
WEEE_mechRec1_mechRec2,component,ConductivitySensor,,,WEEE_2RM_mechRec2Smelter_other,material,ferrousMetals,shredding,,
WEEE_mechRec1_mechRec2,component,LidarSensor (&lt;15cm),,,WEEE_2RM_mechRec2Smelter_other,material,AlAndAlAlloys,shredding,,
WEEE_mechRec1_mechRec2,component,LidarSensor (&lt;15cm),,,WEEE_2RM_mechRec2Smelter_other,material,CuAndCuAlloys,shredding,,
WEEE_mechRec1_mechRec2,component,LidarSensor (&lt;15cm),,,WEEE_2RM_mechRec2Smelter_other,material,ferrousMetals,shredding,,
WEEE_mechRec1_mechRec2,component,LidarSensor (&lt;15cm),,,WEEE_2RM_mechRec2Smelter_other,material,glass,shredding,,
WEEE_mechRec1_mechRec2,component,LidarSensor (&lt;15cm),,,WEEE_2RM_mechRec2Smelter_other,material,plastics,shredding,,
WEEE_mechRec1_mechRec2,component,MagnetSensor,,,WEEE_2RM_mechRec2Smelter_other,material,CuAndCuAlloys,shredding,,
WEEE_mechRec1_mechRec2,component,MagnetSensor,,,WEEE_2RM_mechRec2Smelter_other,material,ferrousMetals,shredding,,
WEEE_mechRec1_mechRec2,component,MagnetSensor,,,WEEE_2RM_mechRec2Smelter_other,material,plastics,shredding,,
WEEE_mechRec1_mechRec2,component,PCBWEEECat,,,WEEE_2RM_mechRec2Smelter_other,material,otherOrUndefinedMaterials,shredding,,
WEEE_mechRec1_mechRec2,component,PCBunspecified,,,WEEE_2RM_mechRec2Smelter_other,material,ferrousMetals,shredding,,
WEEE_mechRec1_mechRec2,component,PVBacksheet,,,WEEE_2RM_mechRec2Smelter_other,material,plasticComposites,shredding,,
WEEE_mechRec1_mechRec2,component,PVBacksheet,,,WEEE_2RM_mechRec2Smelter_other,material,plastics,shredding,,
WEEE_mechRec1_mechRec2,component,PVEncapsulationEVA,,,WEEE_2RM_mechRec2Smelter_other,material,plastics,shredding,,
WEEE_mechRec1_mechRec2,component,PVFrameAl,,,WEEE_2RM_mechRec2Smelter_other,material,CuAndCuAlloys,shredding,,
WEEE_mechRec1_mechRec2,component,PVSolarGlass,,,WEEE_2RM_mechRec2Smelter_other,material,glass,shredding,,
WEEE_mechRec1_mechRec2,component,PVcellSi,,,WEEE_2RM_mechRec2Smelter_other,material,otherOrUndefinedMaterials,shredding,,
WEEE_mechRec1_mechRec2,component,WEEEEvaporator,,,WEEE_2RM_mechRec2Smelter_other,material,CuAndCuAlloys,shredding,,
WEEE_mechRec1_mechRec2,component,WEEEEvaporator,,,WEEE_2RM_mechRec2Smelter_other,material,steelAndSteelAlloys,shredding,,
WEEE_mechRec1_mechRec2,component,brush,,,WEEE_2RM_mechRec2Smelter_other,material,AlAndAlAlloys,shredding,,
WEEE_mechRec1_mechRec2,component,brush,,,WEEE_2RM_mechRec2Smelter_other,material,ferrousMetals,shredding,,
WEEE_mechRec1_mechRec2,component,brush,,,WEEE_2RM_mechRec2Smelter_other,material,plastics,shredding,,
WEEE_mechRec1_mechRec2,component,cableUnspecified,,,WEEE_2RM_mechRec2Smelter_other,material,AlAndAlAlloys,shredding,,
WEEE_mechRec1_mechRec2,component,cableUnspecified,,,WEEE_2RM_mechRec2Smelter_other,material,CuAndCuAlloys,shredding,,
WEEE_mechRec1_mechRec2,component,cableUnspecified,,,WEEE_2RM_mechRec2Smelter_other,material,ferrousMetals,shredding,,
WEEE_mechRec1_mechRec2,component,cableUnspecified,,,WEEE_2RM_mechRec2Smelter_other,material,plastics,shredding,,
WEEE_mechRec1_mechRec2,component,cableWPlug,,,WEEE_2RM_mechRec2Smelter_other,material,AlAndAlAlloys,shredding,,
WEEE_mechRec1_mechRec2,component,cableWPlug,,,WEEE_2RM_mechRec2Smelter_other,material,ferrousMetals,shredding,,
WEEE_mechRec1_mechRec2,component,cableWPlug,,,WEEE_2RM_mechRec2Smelter_other,material,plastics,shredding,,
WEEE_mechRec1_mechRec2,component,cableWithConnector,,,WEEE_2RM_mechRec2Smelter_other,material,CuAndCuAlloys,shredding,,
WEEE_mechRec1_mechRec2,component,cables,,,WEEE_2RM_mechRec2Smelter_other,material,otherOrUndefinedMaterials,shredding,,
WEEE_mechRec1_mechRec2,component,cablewire,,,WEEE_2RM_mechRec2Smelter_other,material,AlAndAlAlloys,shredding,,
WEEE_mechRec1_mechRec2,component,cablewire,,,WEEE_2RM_mechRec2Smelter_other,material,CuAndCuAlloys,shredding,,
WEEE_mechRec1_mechRec2,component,cablewire,,,WEEE_2RM_mechRec2Smelter_other,material,ferrousMetals,shredding,,
WEEE_mechRec1_mechRec2,component,cablewire,,,WEEE_2RM_mechRec2Smelter_other,material,plastics,shredding,,
WEEE_mechRec1_mechRec2,component,capElectrolytic,,,WEEE_2RM_mechRec2Smelter_other,material,CuAndCuAlloys,shredding,,
WEEE_mechRec1_mechRec2,component,capElectrolytic,,,WEEE_2RM_mechRec2Smelter_other,material,undefinedAndMixedMaterials,shredding,,
WEEE_mechRec1_mechRec2,component,casingPlasticBased,,,WEEE_2RM_mechRec2Smelter_other,material,AlAndAlAlloys,shredding,,
WEEE_mechRec1_mechRec2,component,casingPlasticBased,,,WEEE_2RM_mechRec2Smelter_other,material,CuAndCuAlloys,shredding,,
WEEE_mechRec1_mechRec2,component,casingPlasticBased,,,WEEE_2RM_mechRec2Smelter_other,material,ferrousMetals,shredding,,
WEEE_mechRec1_mechRec2,component,casingPlasticBased,,,WEEE_2RM_mechRec2Smelter_other,material,otherOrganics,shredding,,
WEEE_mechRec1_mechRec2,component,casingPlasticBased,,,WEEE_2RM_mechRec2Smelter_other,material,plastics,shredding,,
WEEE_mechRec1_mechRec2,component,casingPlasticBased,,,WEEE_2RM_mechRec2Smelter_other,material,polymerPA6GF30,shredding,,
WEEE_mechRec1_mechRec2,component,casingPlasticBased,,,WEEE_2RM_mechRec2Smelter_other,material,polymerPPGF30,shredding,,
WEEE_mechRec1_mechRec2,component,casingPlasticBased,,,WEEE_2RM_mechRec2Smelter_other,material,polymerPPTF30,shredding,,
WEEE_mechRec1_mechRec2,component,casingPlasticBased,,,WEEE_2RM_mechRec2Smelter_other,material,undefinedAndMixedMaterials,shredding,,
WEEE_mechRec1_mechRec2,component,casingSteelBased,,,WEEE_2RM_mechRec2Smelter_other,material,ferrousMetals,shredding,,
WEEE_mechRec1_mechRec2,component,casingUnspecified,,,WEEE_2RM_mechRec2Smelter_other,material,AlAndAlAlloys,shredding,,
WEEE_mechRec1_mechRec2,component,casingUnspecified,,,WEEE_2RM_mechRec2Smelter_other,material,CuAndCuAlloys,shredding,,
WEEE_mechRec1_mechRec2,component,casingUnspecified,,,WEEE_2RM_mechRec2Smelter_other,material,ferrousMetals,shredding,,
WEEE_mechRec1_mechRec2,component,casingUnspecified,,,WEEE_2RM_mechRec2Smelter_other,material,glass,shredding,,
WEEE_mechRec1_mechRec2,component,casingUnspecified,,,WEEE_2RM_mechRec2Smelter_other,material,otherMetalsAndMetalAlloys,shredding,,
WEEE_mechRec1_mechRec2,component,casingUnspecified,,,WEEE_2RM_mechRec2Smelter_other,material,plastics,shredding,,
WEEE_mechRec1_mechRec2,component,casingUnspecified,,,WEEE_2RM_mechRec2Smelter_other,material,undefinedAndMixedMaterials,shredding,,
WEEE_mechRec1_mechRec2,component,compressor,,,WEEE_2RM_mechRec2Smelter_other,material,CuAndCuAlloys,shredding,,
WEEE_mechRec1_mechRec2,component,compressor,,,WEEE_2RM_mechRec2Smelter_other,material,glass,shredding,,
WEEE_mechRec1_mechRec2,component,compressor,,,WEEE_2RM_mechRec2Smelter_other,material,otherFerrousAlloys,shredding,,
WEEE_mechRec1_mechRec2,component,compressor,,,WEEE_2RM_mechRec2Smelter_other,material,otherOrUndefinedMaterials,shredding,,
WEEE_mechRec1_mechRec2,component,compressor,,,WEEE_2RM_mechRec2Smelter_other,material,plastics,shredding,,
WEEE_mechRec1_mechRec2,component,compressor,,,WEEE_2RM_mechRec2Smelter_other,material,steelAndSteelAlloys,shredding,,
WEEE_mechRec1_mechRec2,component,displayCRT,,,WEEE_2RM_mechRec2Smelter_other,material,AlAndAlAlloys,shredding,,
WEEE_mechRec1_mechRec2,component,displayCRT,,,WEEE_2RM_mechRec2Smelter_other,material,glass,shredding,,
WEEE_mechRec1_mechRec2,component,displayLCD,,,WEEE_2RM_mechRec2Smelter_other,material,AlAndAlAlloys,shredding,,
WEEE_mechRec1_mechRec2,component,displayLCD,,,WEEE_2RM_mechRec2Smelter_other,material,CuAndCuAlloys,shredding,,
WEEE_mechRec1_mechRec2,component,displayLCD,,,WEEE_2RM_mechRec2Smelter_other,material,ferrousMetals,shredding,,
WEEE_mechRec1_mechRec2,component,displayLCD,,,WEEE_2RM_mechRec2Smelter_other,material,glass,shredding,,
WEEE_mechRec1_mechRec2,component,displayLCD,,,WEEE_2RM_mechRec2Smelter_other,material,plastics,shredding,,
WEEE_mechRec1_mechRec2,component,displayLCD,,,WEEE_2RM_mechRec2Smelter_other,material,undefinedAndMixedMaterials,shredding,,
WEEE_mechRec1_mechRec2,component,displayOther,,,WEEE_2RM_mechRec2Smelter_other,material,AlAndAlAlloys,shredding,,
WEEE_mechRec1_mechRec2,component,displayOther,,,WEEE_2RM_mechRec2Smelter_other,material,CuAndCuAlloys,shredding,,
WEEE_mechRec1_mechRec2,component,displayOther,,,WEEE_2RM_mechRec2Smelter_other,material,ferrousMetals,shredding,,
WEEE_mechRec1_mechRec2,component,displayOther,,,WEEE_2RM_mechRec2Smelter_other,material,glass,shredding,,
WEEE_mechRec1_mechRec2,component,displayOther,,,WEEE_2RM_mechRec2Smelter_other,material,otherMetalsAndMetalAlloys,shredding,,
WEEE_mechRec1_mechRec2,component,displayOther,,,WEEE_2RM_mechRec2Smelter_other,material,plastics,shredding,,
WEEE_mechRec1_mechRec2,component,displayOther,,,WEEE_2RM_mechRec2Smelter_other,material,undefinedAndMixedMaterials,shredding,,
WEEE_mechRec1_mechRec2,component,driveCDDInt,,,WEEE_2RM_mechRec2Smelter_other,material,AlAndAlAlloys,shredding,,
WEEE_mechRec1_mechRec2,component,driveCDDInt,,,WEEE_2RM_mechRec2Smelter_other,material,CuAndCuAlloys,shredding,,
WEEE_mechRec1_mechRec2,component,driveCDDInt,,,WEEE_2RM_mechRec2Smelter_other,material,ferrousMetals,shredding,,
WEEE_mechRec1_mechRec2,component,driveCDDInt,,,WEEE_2RM_mechRec2Smelter_other,material,otherMetalsAndMetalAlloys,shredding,,
WEEE_mechRec1_mechRec2,component,driveCDDInt,,,WEEE_2RM_mechRec2Smelter_other,material,plastics,shredding,,
WEEE_mechRec1_mechRec2,component,driveCDDInt,,,WEEE_2RM_mechRec2Smelter_other,material,undefinedAndMixedMaterials,shredding,,
WEEE_mechRec1_mechRec2,component,driveFDD,,,WEEE_2RM_mechRec2Smelter_other,material,AlAndAlAlloys,shredding,,
WEEE_mechRec1_mechRec2,component,driveFDD,,,WEEE_2RM_mechRec2Smelter_other,material,ferrousMetals,shredding,,
WEEE_mechRec1_mechRec2,component,driveHDD,,,WEEE_2RM_mechRec2Smelter_other,material,AlAndAlAlloys,shredding,,
WEEE_mechRec1_mechRec2,component,driveHDD,,,WEEE_2RM_mechRec2Smelter_other,material,CuAndCuAlloys,shredding,,
WEEE_mechRec1_mechRec2,component,driveHDD,,,WEEE_2RM_mechRec2Smelter_other,material,ferrousMetals,shredding,,
WEEE_mechRec1_mechRec2,component,driveHDD,,,WEEE_2RM_mechRec2Smelter_other,material,otherMetalsAndMetalAlloys,shredding,,
WEEE_mechRec1_mechRec2,component,driveHDD,,,WEEE_2RM_mechRec2Smelter_other,material,plastics,shredding,,
WEEE_mechRec1_mechRec2,component,driveHDD,,,WEEE_2RM_mechRec2Smelter_other,material,undefinedAndMixedMaterials,shredding,,
WEEE_mechRec1_mechRec2,component,driveUnspecified,,,WEEE_2RM_mechRec2Smelter_other,material,CuAndCuAlloys,shredding,,
WEEE_mechRec1_mechRec2,component,driveUnspecified,,,WEEE_2RM_mechRec2Smelter_other,material,ferrousMetals,shredding,,
WEEE_mechRec1_mechRec2,component,driveUnspecified,,,WEEE_2RM_mechRec2Smelter_other,material,plastics,shredding,,
WEEE_mechRec1_mechRec2,component,driveUnspecified,,,WEEE_2RM_mechRec2Smelter_other,material,undefinedAndMixedMaterials,shredding,,
WEEE_mechRec1_mechRec2,component,electricEngine,,,WEEE_2RM_mechRec2Smelter_other,material,AlAndAlAlloys,shredding,,
WEEE_mechRec1_mechRec2,component,electricEngine,,,WEEE_2RM_mechRec2Smelter_other,material,CuAndCuAlloys,shredding,,
WEEE_mechRec1_mechRec2,component,electricEngine,,,WEEE_2RM_mechRec2Smelter_other,material,carbon,shredding,,
WEEE_mechRec1_mechRec2,component,electricEngine,,,WEEE_2RM_mechRec2Smelter_other,material,ferrousMetals,shredding,,
WEEE_mechRec1_mechRec2,component,electricEngine,,,WEEE_2RM_mechRec2Smelter_other,material,otherOrganics,shredding,,
WEEE_mechRec1_mechRec2,component,electricEngine,,,WEEE_2RM_mechRec2Smelter_other,material,plastics,shredding,,
WEEE_mechRec1_mechRec2,component,filterFoamBased,,,WEEE_2RM_mechRec2Smelter_other,material,plastics,shredding,,
WEEE_mechRec1_mechRec2,component,gear,,,WEEE_2RM_mechRec2Smelter_other,material,plastics,shredding,,
WEEE_mechRec1_mechRec2,component,heatingCoolingEEEairCondenser,,,WEEE_2RM_mechRec2Smelter_other,material,CuAndCuAlloys,shredding,,
WEEE_mechRec1_mechRec2,component,heatingCoolingEEEairCondenser,,,WEEE_2RM_mechRec2Smelter_other,material,otherOrUndefinedMaterials,shredding,,
WEEE_mechRec1_mechRec2,component,heatingCoolingEEEairCondenser,,,WEEE_2RM_mechRec2Smelter_other,material,plastics,shredding,,
WEEE_mechRec1_mechRec2,component,heatingCoolingEEEairCondenser,,,WEEE_2RM_mechRec2Smelter_other,material,steelAndSteelAlloys,shredding,,
WEEE_mechRec1_mechRec2,component,heatingCoolingEEEfan,,,WEEE_2RM_mechRec2Smelter_other,material,AlAndAlAlloys,shredding,,
WEEE_mechRec1_mechRec2,component,heatingCoolingEEEfan,,,WEEE_2RM_mechRec2Smelter_other,material,CuAndCuAlloys,shredding,,
WEEE_mechRec1_mechRec2,component,heatingCoolingEEEfan,,,WEEE_2RM_mechRec2Smelter_other,material,ferrousMetals,shredding,,
WEEE_mechRec1_mechRec2,component,heatingCoolingEEEfan,,,WEEE_2RM_mechRec2Smelter_other,material,otherMetalsAndMetalAlloys,shredding,,
WEEE_mechRec1_mechRec2,component,heatingCoolingEEEfan,,,WEEE_2RM_mechRec2Smelter_other,material,plastics,shredding,,
WEEE_mechRec1_mechRec2,component,heatingCoolingEEEfan,,,WEEE_2RM_mechRec2Smelter_other,material,steelAndSteelAlloys,shredding,,
WEEE_mechRec1_mechRec2,component,heatingCoolingEEEfan,,,WEEE_2RM_mechRec2Smelter_other,material,undefinedAndMixedMaterials,shredding,,
WEEE_mechRec1_mechRec2,component,heatingCoolingEEEheatSink,,,WEEE_2RM_mechRec2Smelter_other,material,AlAndAlAlloys,shredding,,
WEEE_mechRec1_mechRec2,component,heatingCoolingEEEheatSink,,,WEEE_2RM_mechRec2Smelter_other,material,CuAndCuAlloys,shredding,,
WEEE_mechRec1_mechRec2,component,heatingCoolingEEEheatSink,,,WEEE_2RM_mechRec2Smelter_other,material,ferrousMetals,shredding,,
WEEE_mechRec1_mechRec2,component,heatingCoolingEEEheatSink,,,WEEE_2RM_mechRec2Smelter_other,material,otherMetalsAndMetalAlloys,shredding,,
WEEE_mechRec1_mechRec2,component,heatingCoolingEEEheatSink,,,WEEE_2RM_mechRec2Smelter_other,material,plastics,shredding,,
WEEE_mechRec1_mechRec2,component,heatingCoolingEEEheatSink,,,WEEE_2RM_mechRec2Smelter_other,material,undefinedAndMixedMaterials,shredding,,
WEEE_mechRec1_mechRec2,component,inductor,,,WEEE_2RM_mechRec2Smelter_other,material,CuAndCuAlloys,shredding,,
WEEE_mechRec1_mechRec2,component,inductor,,,WEEE_2RM_mechRec2Smelter_other,material,ferrousMetals,shredding,,
WEEE_mechRec1_mechRec2,component,inductor,,,WEEE_2RM_mechRec2Smelter_other,material,plastics,shredding,,
WEEE_mechRec1_mechRec2,component,keyboard,,,WEEE_2RM_mechRec2Smelter_other,material,AlAndAlAlloys,shredding,,
WEEE_mechRec1_mechRec2,component,keyboard,,,WEEE_2RM_mechRec2Smelter_other,material,CuAndCuAlloys,shredding,,
WEEE_mechRec1_mechRec2,component,keyboard,,,WEEE_2RM_mechRec2Smelter_other,material,ferrousMetals,shredding,,
WEEE_mechRec1_mechRec2,component,keyboard,,,WEEE_2RM_mechRec2Smelter_other,material,otherMetalsAndMetalAlloys,shredding,,
WEEE_mechRec1_mechRec2,component,keyboard,,,WEEE_2RM_mechRec2Smelter_other,material,plastics,shredding,,
WEEE_mechRec1_mechRec2,component,keyboard,,,WEEE_2RM_mechRec2Smelter_other,material,undefinedAndMixedMaterials,shredding,,
WEEE_mechRec1_mechRec2,component,knob,,,WEEE_2RM_mechRec2Smelter_other,material,AlAndAlAlloys,shredding,,
WEEE_mechRec1_mechRec2,component,knob,,,WEEE_2RM_mechRec2Smelter_other,material,ferrousMetals,shredding,,
WEEE_mechRec1_mechRec2,component,knob,,,WEEE_2RM_mechRec2Smelter_other,material,plastics,shredding,,
WEEE_mechRec1_mechRec2,component,lenseAssembly,,,WEEE_2RM_mechRec2Smelter_other,material,AlAndAlAlloys,shredding,,
WEEE_mechRec1_mechRec2,component,lenseAssembly,,,WEEE_2RM_mechRec2Smelter_other,material,CuAndCuAlloys,shredding,,
WEEE_mechRec1_mechRec2,component,lenseAssembly,,,WEEE_2RM_mechRec2Smelter_other,material,ferrousMetals,shredding,,
WEEE_mechRec1_mechRec2,component,lenseAssembly,,,WEEE_2RM_mechRec2Smelter_other,material,glass,shredding,,
WEEE_mechRec1_mechRec2,component,lenseAssembly,,,WEEE_2RM_mechRec2Smelter_other,material,plastics,shredding,,
WEEE_mechRec1_mechRec2,component,lenseAssembly,,,WEEE_2RM_mechRec2Smelter_other,material,undefinedAndMixedMaterials,shredding,,
WEEE_mechRec1_mechRec2,component,lightingFlash,,,WEEE_2RM_mechRec2Smelter_other,material,AlAndAlAlloys,shredding,,
WEEE_mechRec1_mechRec2,component,lightingFlash,,,WEEE_2RM_mechRec2Smelter_other,material,CuAndCuAlloys,shredding,,
WEEE_mechRec1_mechRec2,component,lightingFlash,,,WEEE_2RM_mechRec2Smelter_other,material,ferrousMetals,shredding,,
WEEE_mechRec1_mechRec2,component,lightingFlash,,,WEEE_2RM_mechRec2Smelter_other,material,glass,shredding,,
WEEE_mechRec1_mechRec2,component,lightingFlash,,,WEEE_2RM_mechRec2Smelter_other,material,plastics,shredding,,
WEEE_mechRec1_mechRec2,component,lightingFlash,,,WEEE_2RM_mechRec2Smelter_other,material,undefinedAndMixedMaterials,shredding,,
WEEE_mechRec1_mechRec2,component,magnetPermanent,,,WEEE_2RM_mechRec2Smelter_other,material,otherOrUndefinedMaterials,shredding,,
WEEE_mechRec1_mechRec2,component,mainboardInclCPUgpu,,,WEEE_2RM_mechRec2Smelter_other,material,AlAndAlAlloys,shredding,,
WEEE_mechRec1_mechRec2,component,mainboardInclCPUgpu,,,WEEE_2RM_mechRec2Smelter_other,material,CuAndCuAlloys,shredding,,
WEEE_mechRec1_mechRec2,component,mainboardInclCPUgpu,,,WEEE_2RM_mechRec2Smelter_other,material,ferrousMetals,shredding,,
WEEE_mechRec1_mechRec2,component,mainboardInclCPUgpu,,,WEEE_2RM_mechRec2Smelter_other,material,otherMetalsAndMetalAlloys,shredding,,
WEEE_mechRec1_mechRec2,component,mainboardInclCPUgpu,,,WEEE_2RM_mechRec2Smelter_other,material,plastics,shredding,,
WEEE_mechRec1_mechRec2,component,mainboardInclCPUgpu,,,WEEE_2RM_mechRec2Smelter_other,material,undefinedAndMixedMaterials,shredding,,
WEEE_mechRec1_mechRec2,component,non-electricCoil,,,WEEE_2RM_mechRec2Smelter_other,material,AlAndAlAlloys,shredding,,
WEEE_mechRec1_mechRec2,component,non-electricCoil,,,WEEE_2RM_mechRec2Smelter_other,material,ferrousMetals,shredding,,
WEEE_mechRec1_mechRec2,component,non-electricCoil,,,WEEE_2RM_mechRec2Smelter_other,material,plastics,shredding,,
WEEE_mechRec1_mechRec2,component,onOffSwitch,,,WEEE_2RM_mechRec2Smelter_other,material,CuAndCuAlloys,shredding,,
WEEE_mechRec1_mechRec2,component,onOffSwitch,,,WEEE_2RM_mechRec2Smelter_other,material,plastics,shredding,,
WEEE_mechRec1_mechRec2,component,otherElectricCompUnspecified,,,WEEE_2RM_mechRec2Smelter_other,material,AlAndAlAlloys,shredding,,
WEEE_mechRec1_mechRec2,component,otherElectricCompUnspecified,,,WEEE_2RM_mechRec2Smelter_other,material,CuAndCuAlloys,shredding,,
WEEE_mechRec1_mechRec2,component,otherElectricCompUnspecified,,,WEEE_2RM_mechRec2Smelter_other,material,ferrousMetals,shredding,,
WEEE_mechRec1_mechRec2,component,otherElectricCompUnspecified,,,WEEE_2RM_mechRec2Smelter_other,material,glass,shredding,,
WEEE_mechRec1_mechRec2,component,otherElectricCompUnspecified,,,WEEE_2RM_mechRec2Smelter_other,material,otherMetalsAndMetalAlloys,shredding,,
WEEE_mechRec1_mechRec2,component,otherElectricCompUnspecified,,,WEEE_2RM_mechRec2Smelter_other,material,otherOrUndefinedMaterials,shredding,,
WEEE_mechRec1_mechRec2,component,otherElectricCompUnspecified,,,WEEE_2RM_mechRec2Smelter_other,material,plastics,shredding,,
WEEE_mechRec1_mechRec2,component,otherElectricCompUnspecified,,,WEEE_2RM_mechRec2Smelter_other,material,undefinedAndMixedMaterials,shredding,,
WEEE_mechRec1_mechRec2,component,otherNonElectricCompUnspecified,,,WEEE_2RM_mechRec2Smelter_other,material,AlAndAlAlloys,shredding,,
WEEE_mechRec1_mechRec2,component,otherNonElectricCompUnspecified,,,WEEE_2RM_mechRec2Smelter_other,material,CuAndCuAlloys,shredding,,
WEEE_mechRec1_mechRec2,component,otherNonElectricCompUnspecified,,,WEEE_2RM_mechRec2Smelter_other,material,ferrousMetals,shredding,,
WEEE_mechRec1_mechRec2,component,otherNonElectricCompUnspecified,,,WEEE_2RM_mechRec2Smelter_other,material,plastics,shredding,,
WEEE_mechRec1_mechRec2,component,otherNonElectricCompUnspecified,,,WEEE_2RM_mechRec2Smelter_other,material,steelAndSteelAlloys,shredding,,
WEEE_mechRec1_mechRec2,component,otherNonElectricCompUnspecified,,,WEEE_2RM_mechRec2Smelter_other,material,undefinedAndMixedMaterials,shredding,,
WEEE_mechRec1_mechRec2,component,passiveJunctionBox,,,WEEE_2RM_mechRec2Smelter_other,material,CuAndCuAlloys,shredding,,
WEEE_mechRec1_mechRec2,component,passiveJunctionBox,,,WEEE_2RM_mechRec2Smelter_other,material,otherOrUndefinedMaterials,shredding,,
WEEE_mechRec1_mechRec2,component,passiveJunctionBox,,,WEEE_2RM_mechRec2Smelter_other,material,plastics,shredding,,
WEEE_mechRec1_mechRec2,component,pcbWEEECat,,,WEEE_2RM_mechRec2Smelter_other,material,plastics,shredding,,
WEEE_mechRec1_mechRec2,component,powerSupply,,,WEEE_2RM_mechRec2Smelter_other,material,AlAndAlAlloys,shredding,,
WEEE_mechRec1_mechRec2,component,powerSupply,,,WEEE_2RM_mechRec2Smelter_other,material,CuAndCuAlloys,shredding,,
WEEE_mechRec1_mechRec2,component,powerSupply,,,WEEE_2RM_mechRec2Smelter_other,material,ferrousMetals,shredding,,
WEEE_mechRec1_mechRec2,component,powerSupply,,,WEEE_2RM_mechRec2Smelter_other,material,otherMetalsAndMetalAlloys,shredding,,
WEEE_mechRec1_mechRec2,component,powerSupply,,,WEEE_2RM_mechRec2Smelter_other,material,plastics,shredding,,
WEEE_mechRec1_mechRec2,component,powerSupply,,,WEEE_2RM_mechRec2Smelter_other,material,undefinedAndMixedMaterials,shredding,,
WEEE_mechRec1_mechRec2,component,pump,,,WEEE_2RM_mechRec2Smelter_other,material,ironWroughtAndCast,shredding,,
WEEE_mechRec1_mechRec2,component,pump,,,WEEE_2RM_mechRec2Smelter_other,material,steelAndSteelAlloys,shredding,,
WEEE_mechRec1_mechRec2,component,refrigerant,,,WEEE_2RM_mechRec2Smelter_other,material,otherOrUndefinedMaterials,shredding,,
WEEE_mechRec1_mechRec2,component,remoteControl,,,WEEE_2RM_mechRec2Smelter_other,material,AlAndAlAlloys,shredding,,
WEEE_mechRec1_mechRec2,component,remoteControl,,,WEEE_2RM_mechRec2Smelter_other,material,CuAndCuAlloys,shredding,,
WEEE_mechRec1_mechRec2,component,remoteControl,,,WEEE_2RM_mechRec2Smelter_other,material,ferrousMetals,shredding,,
WEEE_mechRec1_mechRec2,component,remoteControl,,,WEEE_2RM_mechRec2Smelter_other,material,otherOrUndefinedMaterials,shredding,,
WEEE_mechRec1_mechRec2,component,remoteControl,,,WEEE_2RM_mechRec2Smelter_other,material,plastics,shredding,,
WEEE_mechRec1_mechRec2,component,remoteControl,,,WEEE_2RM_mechRec2Smelter_other,material,undefinedAndMixedMaterials,shredding,,
WEEE_mechRec1_mechRec2,component,rotor,,,WEEE_2RM_mechRec2Smelter_other,material,ferrousMetals,shredding,,
WEEE_mechRec1_mechRec2,component,rotor,,,WEEE_2RM_mechRec2Smelter_other,material,plastics,shredding,,
WEEE_mechRec1_mechRec2,component,screw,,,WEEE_2RM_mechRec2Smelter_other,material,CuAndCuAlloys,shredding,,
WEEE_mechRec1_mechRec2,component,screw,,,WEEE_2RM_mechRec2Smelter_other,material,ferrousMetals,shredding,,
WEEE_mechRec1_mechRec2,component,sensorUnspecified,,,WEEE_2RM_mechRec2Smelter_other,material,ferrousMetals,shredding,,
WEEE_mechRec1_mechRec2,component,sensorUnspecified,,,WEEE_2RM_mechRec2Smelter_other,material,plastics,shredding,,
WEEE_mechRec1_mechRec2,component,shadowComponentWEEE,,,WEEE_2RM_mechRec2Smelter_other,material,CuAndCuAlloys,shredding,,
WEEE_mechRec1_mechRec2,component,shadowComponentWEEE,,,WEEE_2RM_mechRec2Smelter_other,material,bitumen,shredding,,
WEEE_mechRec1_mechRec2,component,shadowComponentWEEE,,,WEEE_2RM_mechRec2Smelter_other,material,ceramicComposites,shredding,,
WEEE_mechRec1_mechRec2,component,shadowComponentWEEE,,,WEEE_2RM_mechRec2Smelter_other,material,concrete,shredding,,
WEEE_mechRec1_mechRec2,component,shadowComponentWEEE,,,WEEE_2RM_mechRec2Smelter_other,material,glass,shredding,,
WEEE_mechRec1_mechRec2,component,shadowComponentWEEE,,,WEEE_2RM_mechRec2Smelter_other,material,ironWroughtAndCast,shredding,,
WEEE_mechRec1_mechRec2,component,shadowComponentWEEE,,,WEEE_2RM_mechRec2Smelter_other,material,oil4,shredding,,
WEEE_mechRec1_mechRec2,component,shadowComponentWEEE,,,WEEE_2RM_mechRec2Smelter_other,material,otherMetalsAndMetalAlloys,shredding,,
WEEE_mechRec1_mechRec2,component,shadowComponentWEEE,,,WEEE_2RM_mechRec2Smelter_other,material,otherOrUndefinedMaterials,shredding,,
WEEE_mechRec1_mechRec2,component,shadowComponentWEEE,,,WEEE_2RM_mechRec2Smelter_other,material,otherOrganics,shredding,,
WEEE_mechRec1_mechRec2,component,shadowComponentWEEE,,,WEEE_2RM_mechRec2Smelter_other,material,plasticComposites,shredding,,
WEEE_mechRec1_mechRec2,component,shadowComponentWEEE,,,WEEE_2RM_mechRec2Smelter_other,material,plastics,shredding,,
WEEE_mechRec1_mechRec2,component,shadowComponentWEEE,,,WEEE_2RM_mechRec2Smelter_other,material,reinforcedPlastics,shredding,,
WEEE_mechRec1_mechRec2,component,shadowComponentWEEE,,,WEEE_2RM_mechRec2Smelter_other,material,sand,shredding,,
WEEE_mechRec1_mechRec2,component,shadowComponentWEEE,,,WEEE_2RM_mechRec2Smelter_other,material,steelAndSteelAlloys,shredding,,
WEEE_mechRec1_mechRec2,component,speakerEEE2,,,WEEE_2RM_mechRec2Smelter_other,material,AlAndAlAlloys,shredding,,
WEEE_mechRec1_mechRec2,component,speakerEEE2,,,WEEE_2RM_mechRec2Smelter_other,material,CuAndCuAlloys,shredding,,
WEEE_mechRec1_mechRec2,component,speakerEEE2,,,WEEE_2RM_mechRec2Smelter_other,material,ferrousMetals,shredding,,
WEEE_mechRec1_mechRec2,component,speakerEEE2,,,WEEE_2RM_mechRec2Smelter_other,material,otherMetalsAndMetalAlloys,shredding,,
WEEE_mechRec1_mechRec2,component,speakerEEE2,,,WEEE_2RM_mechRec2Smelter_other,material,plastics,shredding,,
WEEE_mechRec1_mechRec2,component,speakerEEE2,,,WEEE_2RM_mechRec2Smelter_other,material,undefinedAndMixedMaterials,shredding,,
WEEE_mechRec1_mechRec2,component,transformator,,,WEEE_2RM_mechRec2Smelter_other,material,CuAndCuAlloys,shredding,,
WEEE_mechRec1_mechRec2,component,transformator,,,WEEE_2RM_mechRec2Smelter_other,material,ferrousMetals,shredding,,
WEEE_mechRec1_mechRec2,component,transmission,,,WEEE_2RM_mechRec2Smelter_other,material,AlAndAlAlloys,shredding,,
WEEE_mechRec1_mechRec2,component,transmission,,,WEEE_2RM_mechRec2Smelter_other,material,ferrousMetals,shredding,,
WEEE_mechRec1_mechRec2,component,transmission,,,WEEE_2RM_mechRec2Smelter_other,material,plastics,shredding,,
WEEE_mechRec1_mechRec2,component,transmitter,,,WEEE_2RM_mechRec2Smelter_other,material,CuAndCuAlloys,shredding,,
WEEE_mechRec1_mechRec2,component,transmitter,,,WEEE_2RM_mechRec2Smelter_other,material,ferrousMetals,shredding,,
WEEE_mechRec1_mechRec2,component,transmitter,,,WEEE_2RM_mechRec2Smelter_other,material,plastics,shredding,,
WEEE_mechRec1_mechRec2,component,wheel,,,WEEE_2RM_mechRec2Smelter_other,material,ferrousMetals,shredding,,
WEEE_mechRec1_mechRec2,component,wheel,,,WEEE_2RM_mechRec2Smelter_other,material,plastics,shredding,,
WEEE_mechRec1_mechRec2,component,wheel,,,WEEE_2RM_mechRec2Smelter_other,material,polymerPA6GF30,shredding,,
WEEE_mechRec1_mechRec2,component,wheel,,,WEEE_2RM_mechRec2Smelter_other,material,polymerPPTF20,shredding,,
WEEE_mechRec1_mechRec2,component,wheel,,,WEEE_2RM_mechRec2Smelter_other,material,polymerPPTF30,shredding,,
WEEE_mechRec1_mechRec2,component,powerSupply,,,WEEE_mechRec2_thermal,material,AlAndAlAlloys,shredding,,
WEEE_mechRec1_mechRec2,component,powerSupply,,,WEEE_mechRec2_thermal,material,CuAndCuAlloys,shredding,,
WEEE_mechRec1_mechRec2,component,powerSupply,,,WEEE_mechRec2_thermal,material,ferrousMetals,shredding,,
WEEE_mechRec1_mechRec2,component,powerSupply,,,WEEE_mechRec2_thermal,material,otherMetalsAndMetalAlloys,shredding,,
WEEE_mechRec1_mechRec2,component,powerSupply,,,WEEE_mechRec2_chem,material,AlAndAlAlloys,shredding,,
WEEE_mechRec1_mechRec2,component,powerSupply,,,WEEE_mechRec2_chem,material,CuAndCuAlloys,shredding,,
WEEE_mechRec1_mechRec2,component,powerSupply,,,WEEE_mechRec2_chem,material,ferrousMetals,shredding,,
WEEE_mechRec1_mechRec2,component,powerSupply,,,WEEE_mechRec2_chem,material,otherMetalsAndMetalAlloys,shredding,,
WEEE_mechRec2_thermal,material,ferrousMetals,,,WEEE_2RM_thermal2Smelter_other,element,Ag,thermal process,,
WEEE_mechRec2_thermal,material,ferrousMetals,,,WEEE_2RM_thermal2Smelter_other,element,Ca,thermal process,,
WEEE_mechRec2_thermal,material,ferrousMetals,,,WEEE_2RM_thermal2Smelter_other,element,Cu,thermal process,,
WEEE_mechRec2_thermal,material,otherMetalsAndMetalAlloys,,,WEEE_2RM_thermal2Smelter_other,element,Ag,thermal process,,
WEEE_mechRec2_thermal,material,otherMetalsAndMetalAlloys,,,WEEE_2RM_thermal2Smelter_other,element,Al,thermal process,,
WEEE_mechRec2_thermal,material,otherMetalsAndMetalAlloys,,,WEEE_2RM_thermal2Smelter_other,element,Dy,thermal process,,
WEEE_mechRec2_thermal,material,AlAndAlAlloys,,,WEEE_2RM_thermal2Smelter_other,element,Al,thermal process,,
WEEE_mechRec2_thermal,material,CuAndCuAlloys,,,WEEE_2RM_thermal2Smelter_other,element,Cu,thermal process,,
WEEE_mechRec2_chem,material,ferrousMetals,,,WEEE_2RM_chem2Smelter_other,element,Ag,chemical process,,
WEEE_mechRec2_chem,material,ferrousMetals,,,WEEE_2RM_chem2Smelter_other,element,Ca,chemical process,,
WEEE_mechRec2_chem,material,ferrousMetals,,,WEEE_2RM_chem2Smelter_other,element,Cu,chemical process,,
WEEE_mechRec2_chem,material,otherMetalsAndMetalAlloys,,,WEEE_2RM_chem2Smelter_other,element,Ag,chemical process,,
WEEE_mechRec2_chem,material,otherMetalsAndMetalAlloys,,,WEEE_2RM_chem2Smelter_other,element,Al,chemical process,,
WEEE_mechRec2_chem,material,otherMetalsAndMetalAlloys,,,WEEE_2RM_chem2Smelter_other,element,Dy,chemical process,,
WEEE_mechRec2_chem,material,AlAndAlAlloys,,,WEEE_2RM_chem2Smelter_other,element,Al,chemical process,,
WEEE_mechRec2_chem,material,CuAndCuAlloys,,,WEEE_2RM_chem2Smelter_other,element,Cu,chemical process,,
WEEE_mechRec2_thermal,material,ferrousMetals,,,WEEE_thermal_chem,element,Ag,thermal process,,
WEEE_mechRec2_thermal,material,ferrousMetals,,,WEEE_thermal_chem,element,Ca,thermal process,,
WEEE_mechRec2_thermal,material,ferrousMetals,,,WEEE_thermal_chem,element,Cu,thermal process,,
WEEE_mechRec2_thermal,material,otherMetalsAndMetalAlloys,,,WEEE_thermal_chem,element,Ag,thermal process,,
WEEE_mechRec2_thermal,material,otherMetalsAndMetalAlloys,,,WEEE_thermal_chem,element,Al,thermal process,,
WEEE_mechRec2_thermal,material,otherMetalsAndMetalAlloys,,,WEEE_thermal_chem,element,Dy,thermal process,,
WEEE_mechRec2_thermal,material,AlAndAlAlloys,,,WEEE_thermal_chem,element,Al,thermal process,,
WEEE_mechRec2_thermal,material,CuAndCuAlloys,,,WEEE_thermal_chem,element,Cu,thermal process,,
WEEE_mechRec2_chem,material,ferrousMetals,,,WEEE_mechRec2_thermal,element,Ag,chemical process,,
WEEE_mechRec2_chem,material,ferrousMetals,,,WEEE_mechRec2_thermal,element,Ca,chemical process,,
WEEE_mechRec2_chem,material,ferrousMetals,,,WEEE_mechRec2_thermal,element,Cu,chemical process,,
WEEE_mechRec2_chem,material,otherMetalsAndMetalAlloys,,,WEEE_mechRec2_thermal,element,Ag,chemical process,,
WEEE_mechRec2_chem,material,otherMetalsAndMetalAlloys,,,WEEE_mechRec2_thermal,element,Al,chemical process,,
WEEE_mechRec2_chem,material,otherMetalsAndMetalAlloys,,,WEEE_mechRec2_thermal,element,Dy,chemical process,,
WEEE_mechRec2_chem,material,AlAndAlAlloys,,,WEEE_mechRec2_thermal,element,Al,chemical process,,
WEEE_mechRec2_chem,material,CuAndCuAlloys,,,WEEE_mechRec2_thermal,element,Cu,chemical process,,
WEEE_thermal_chem,element,Ag,,,WEEE_2RM_chem2Smelter_other,element,Ag,chemical process,,
WEEE_thermal_chem,element,Ca,,,WEEE_2RM_chem2Smelter_other,element,Ca,chemical process,,
WEEE_thermal_chem,element,Cu,,,WEEE_2RM_chem2Smelter_other,element,Cu,chemical process,,
WEEE_thermal_chem,element,Ag,,,WEEE_2RM_chem2Smelter_other,element,Ag,chemical process,,
WEEE_thermal_chem,element,Al,,,WEEE_2RM_chem2Smelter_other,element,Al,chemical process,,
WEEE_thermal_chem,element,Dy,,,WEEE_2RM_chem2Smelter_other,element,Dy,chemical process,,
WEEE_thermal_chem,element,Al,,,WEEE_2RM_chem2Smelter_other,element,Al,chemical process,,
WEEE_thermal_chem,element,Cu,,,WEEE_2RM_chem2Smelter_other,element,Cu,chemical process,,
WEEE_chem_thermal,element,Ag,,,WEEE_2RM_thermal2Smelter_other,element,Ag,thermal process,,
WEEE_chem_thermal,element,Ca,,,WEEE_2RM_thermal2Smelter_other,element,Ca,thermal process,,
WEEE_chem_thermal,element,Cu,,,WEEE_2RM_thermal2Smelter_other,element,Cu,thermal process,,
WEEE_chem_thermal,element,Ag,,,WEEE_2RM_thermal2Smelter_other,element,Ag,thermal process,,
WEEE_chem_thermal,element,Al,,,WEEE_2RM_thermal2Smelter_other,element,Al,thermal process,,
WEEE_chem_thermal,element,Dy,,,WEEE_2RM_thermal2Smelter_other,element,Dy,thermal process,,
WEEE_chem_thermal,element,Al,,,WEEE_2RM_thermal2Smelter_other,element,Al,thermal process,,
WEEE_chem_thermal,element,Cu,,,WEEE_2RM_thermal2Smelter_other,element,Cu,thermal process,,
