flow,product,component,AlAndAlAlloys,CuAndCuAlloys,MaterialShadowWEEE,aggregateBinderMixedMaterials,bitumen,carbon,ceramicComposites,concrete,ferrousMetals,glass,glassAndCeramics,ironWroughtAndCast,non-ferrousMetals,oil4,otherFerrousAlloys,otherMetalsAndMetalAlloys,otherMinerals,otherOrUndefinedMaterials,otherOrganics,plasticComposites,plastics,polymerPA6GF30,polymerPPGF30,polymerPPTF20,polymerPPTF30,reinforcedPlastics,sand,steelAndSteelAlloys,undefinedAndMixedMaterials,wood,total
WEEE_generatedDedicated,WEEE_Cat1,ComponentShadowWEEE,0.0438657966892819,0.349448246399929,0.281243955345285,0.542958625135893,,,,,0.442257035501343,0.474182902133578,0.457870816234268,,0.16238462187665,,,0.220734820564774,0.0324838855841125,0.56415390594709,0.161207087160364,,0.392426218101596,,,,,,,,0.504994251081316,0.464527080337465,5.094739248092946
WEEE_generatedDedicated,WEEE_Cat1,ConductivitySensor,,0.0037618713409419,,,,,,,0.0376099856997399,,,,,,,,,,,,,,,,,,,,,,0.0413718570406818
WEEE_generatedDedicated,WEEE_Cat1,LidarSensor (&lt;15cm),0.0046812994315418,0.256541018131684,,,,,,,0.544573042249717,0.324902170936749,,,,,,,,,,,0.45306796669302,,,,,,,,,,1.5837654974427118
WEEE_generatedDedicated,WEEE_Cat1,MagnetSensor,,0.0918921806266575,,,,,,,0.42224391277967,,,,,,,,,,,,0.0645980756936556,,,,,,,,,,0.5787341690999831
WEEE_generatedDedicated,WEEE_Cat1,PCBWEEECat,,,,,,,,,,,,,,,,,,0.400286668659697,,,,,,,,,,,,,0.400286668659697
WEEE_generatedDedicated,WEEE_Cat1,PCBunspecified,,,,,,,,,0.566647373814281,,,,,,,,,,,,,,,,,,,,,,0.566647373814281
WEEE_generatedDedicated,WEEE_Cat1,PVBacksheet,,,,,,,,,,,,,,,,,,,,0.254259202102037,0.284013154148522,,,,,,,,,,0.538272356250559
WEEE_generatedDedicated,WEEE_Cat1,PVEncapsulationEVA,,,,,,,,,,,,,,,,,,,,,0.521562515651996,,,,,,,,,,0.521562515651996
WEEE_generatedDedicated,WEEE_Cat1,PVFrameAl,,0.381843575827289,,,,,,,,,,,,,,,,,,,,,,,,,,,,,0.381843575827289
WEEE_generatedDedicated,WEEE_Cat1,PVSolarGlass,,,,,,,,,,3.85264093590187e-05,,,,,,,,,,,,,,,,,,,,,3.85264093590187e-05
WEEE_generatedDedicated,WEEE_Cat1,PVcellSi,,,,,,,,,,,,,,,,,,0.257142803515507,,,,,,,,,,,,,0.257142803515507
WEEE_generatedDedicated,WEEE_Cat1,WEEEEvaporator,,0.101879879583636,,,,,,,,,,,,,,,,,,,,,,,,,,0.275271806063787,,,0.37715168564742296
WEEE_generatedDedicated,WEEE_Cat1,brush,0.12327980063243,,,,,,,,0.574978538232046,,,,,,,,,,,,0.034149456611572,,,,,,,,,,0.7324077954760481
WEEE_generatedDedicated,WEEE_Cat1,cableUnspecified,0.192924717514085,0.389219134925067,,,,,,,0.306007256091094,,,,,,,,,,,,0.217573625187782,,,,,,,,,,1.105724733718028
WEEE_generatedDedicated,WEEE_Cat1,cableWPlug,0.111872408552651,,,,,,,,0.247579971080273,,,,,,,,,,,,0.11397113626951,,,,,,,,,,0.473423515902434
WEEE_generatedDedicated,WEEE_Cat1,cableWithConnector,,0.546174045406054,,,,,,,,,,,,,,,,,,,,,,,,,,,,,0.546174045406054
WEEE_generatedDedicated,WEEE_Cat1,cables,,,,,,,,,,,,,,,,,,0.451095417400158,,,,,,,,,,,,,0.451095417400158
WEEE_generatedDedicated,WEEE_Cat1,cablewire,0.555560255076229,0.500302409904954,,,,,,,0.221145786590604,,,,,,,,,,,,0.0493936531703541,,,,,,,,,,1.326402104742141
WEEE_generatedDedicated,WEEE_Cat1,capElectrolytic,,0.198708770982118,,,,,,,,,,,,,,,,,,,,,,,,,,,0.450225873857893,,0.648934644840011
WEEE_generatedDedicated,WEEE_Cat1,casingPlasticBased,0.0225051017597241,0.10123182717031,,,,,,,0.376632247442537,,,,,,,,,,0.0785708561614465,,0.416323279505958,0.355733079441909,0.0290335569733269,,0.12454737642847,,,,0.101484105526321,,1.6060614304100025
WEEE_generatedDedicated,WEEE_Cat1,casingSteelBased,,,,,,,,,0.234802952239686,,,,,,,,,,,,,,,,,,,,,,0.234802952239686
WEEE_generatedDedicated,WEEE_Cat1,casingUnspecified,0.179450180264839,0.16632210186857,,,,,,,0.098713228504112,0.321201244451321,,,,,,0.237890463382299,,,,,0.439310941048209,,,,,,,,0.246883704788406,,1.6897718643077562
WEEE_generatedDedicated,WEEE_Cat1,compressor,,0.222946556178097,,,,,,,,0.423154934131603,,,,,0.280310606142773,,,0.568809397291302,,,0.236925484583361,,,,,,,0.0115643026564574,,,1.7437112809835933
WEEE_generatedDedicated,WEEE_Cat1,displayCRT,0.0094724750218036,,,,,,,,,0.336532635688503,,,,,,,,,,,,,,,,,,,,,0.3460051107103066
WEEE_generatedDedicated,WEEE_Cat1,displayLCD,0.0073382627024766,0.385253448579878,,,,,,,0.438586306938321,0.216838101913374,,,,,,,,,,,0.137540406471399,,,,,,,,0.129217931224477,,1.3147744578299256
WEEE_generatedDedicated,WEEE_Cat1,displayOther,0.476958207212237,0.193359045497507,,,,,,,0.566338313052047,0.180016198671166,,,,,,0.317645205979708,,,,,0.489242869016281,,,,,,,,0.26638664765589,,2.489946487084836
WEEE_generatedDedicated,WEEE_Cat1,driveCDDInt,0.433364350611835,0.152759627698434,,,,,,,0.543159678565695,,,,,,,0.261788770328037,,,,,0.166975430108487,,,,,,,,0.587850653213876,,2.1458985105263637
WEEE_generatedDedicated,WEEE_Cat1,driveFDD,0.0235170797938145,,,,,,,,0.543914187109703,,,,,,,,,,,,,,,,,,,,,,0.5674312669035174
WEEE_generatedDedicated,WEEE_Cat1,driveHDD,0.544601062983634,0.203033263441411,,,,,,,0.0870313404590201,,,,,,,0.0343844855178774,,,,,0.276499183023671,,,,,,,,0.144830992480802,,1.2903803279064154
WEEE_generatedDedicated,WEEE_Cat1,driveUnspecified,,0.460785068151941,,,,,,,0.27751789824646,,,,,,,,,,,,0.375421401590993,,,,,,,,0.567738397115373,,1.6814627651047669
WEEE_generatedDedicated,WEEE_Cat1,electricEngine,0.40672631658962,0.163232553973051,,,,0.128837995371857,,,0.524786019139036,,,,,,,,,,0.341280956440815,,0.198297827536369,,,,,,,,,,1.763161669050748
WEEE_generatedDedicated,WEEE_Cat1,filterFoamBased,,,,,,,,,,,,,,,,,,,,,0.507172521918604,,,,,,,,,,0.507172521918604
WEEE_generatedDedicated,WEEE_Cat1,gear,,,,,,,,,,,,,,,,,,,,,0.105458054178769,,,,,,,,,,0.105458054178769
WEEE_generatedDedicated,WEEE_Cat1,heatingCoolingEEEairCondenser,,0.312755251917728,,,,,,,,,,,,,,,,0.147165060196979,,,0.394607985705206,,,,,,,0.50172572430044,,,1.356254022120353
WEEE_generatedDedicated,WEEE_Cat1,heatingCoolingEEEfan,0.554109443994355,0.178040895746203,,,,,,,0.157150021935279,,,,,,,0.511901978447208,,,,,0.242704487634628,,,,,,,0.146118122242436,0.244304364267008,,2.034329314267117
WEEE_generatedDedicated,WEEE_Cat1,heatingCoolingEEEheatSink,0.431440610230142,0.291554185752015,,,,,,,0.16152988716905,,,,,,,0.0043685025488064,,,,,0.375810019074444,,,,,,,,0.0874815428112745,,1.3521847475857318
WEEE_generatedDedicated,WEEE_Cat1,inductor,,0.238380493328674,,,,,,,0.535689591804963,,,,,,,,,,,,0.58972053057557,,,,,,,,,,1.363790615709207
WEEE_generatedDedicated,WEEE_Cat1,keyboard,0.494486316657803,0.0019989424865928,,,,,,,0.474667510009872,,,,,,,0.159438917820019,,,,,0.312125882515849,,,,,,,,0.302693374641143,,1.745410944131279
WEEE_generatedDedicated,WEEE_Cat1,knob,0.504358560727214,,,,,,,,0.404832624050855,,,,,,,,,,,,0.0214513285898761,,,,,,,,,,0.930642513367945
WEEE_generatedDedicated,WEEE_Cat1,lenseAssembly,0.115982035806195,0.346708704606861,,,,,,,0.0648372236971729,0.213912467664848,,,,,,,,,,,0.104682597181269,,,,,,,,0.465582644773251,,1.311705673729597
WEEE_generatedDedicated,WEEE_Cat1,lightingFlash,0.264861213157415,0.541482009566494,,,,,,,0.498815062949334,0.196880098895923,,,,,,,,,,,0.578715839765081,,,,,,,,0.40541079855393,,2.486165022888177
WEEE_generatedDedicated,WEEE_Cat1,magnetPermanent,,,,,,,,,,,,,,,,,,0.141233408819057,,,,,,,,,,,,,0.141233408819057
WEEE_generatedDedicated,WEEE_Cat1,mainboardInclCPUgpu,0.508738694528879,0.37602869891843,,,,,,,0.14239415440488,,,,,,,0.0930650793887151,,,,,0.125682952455727,,,,,,,,0.460707438328207,,1.7066170180248381
WEEE_generatedDedicated,WEEE_Cat1,non-electricCoil,0.470678844213066,,,,,,,,0.266624910696931,,,,,,,,,,,,0.438370143652404,,,,,,,,,,1.1756738985624011
WEEE_generatedDedicated,WEEE_Cat1,onOffSwitch,,0.507481954707078,,,,,,,,,,,,,,,,,,,0.436933224115014,,,,,,,,,,0.944415178822092
WEEE_generatedDedicated,WEEE_Cat1,otherElectricCompUnspecified,0.444745525384212,0.311593846658273,,,,,,,0.480606153363067,0.407062776350518,,,,,,0.269988500169759,,0.278057900482531,,,0.344680842516935,,,,,,,,0.442818161403282,,2.979553706328577
WEEE_generatedDedicated,WEEE_Cat1,otherNonElectricCompUnspecified,0.265380922263654,0.0151704206046068,,,,,,,0.313482517433275,,,,,,,,,,,,0.344454430736234,,,,,,,0.0252383180847587,0.147841013713652,,1.1115676228361806
WEEE_generatedDedicated,WEEE_Cat1,passiveJunctionBox,,0.310248433099373,,,,,,,,,,,,,,,,0.098234736010276,,,0.040465519953017,,,,,,,,,,0.448948689062666
WEEE_generatedDedicated,WEEE_Cat1,pcbWEEECat,,,,,,,,,,,,,,,,,,,,,0.157120132893633,,,,,,,,,,0.157120132893633
WEEE_generatedDedicated,WEEE_Cat1,powerSupply,0.073529015496559,0.112461455592206,,,,,,,0.0084021805825039,,,,,,,0.310112600348086,,,,,0.350739639245437,,,,,,,,0.51477900121842,,1.370023892483212
WEEE_generatedDedicated,WEEE_Cat1,pump,,,,,,,,,,,,0.267180823601844,,,,,,,,,,,,,,,,0.44579684439712,,,0.7129776679989639
WEEE_generatedDedicated,WEEE_Cat1,refrigerant,,,,,,,,,,,,,,,,,,0.52051062212229,,,,,,,,,,,,,0.52051062212229
WEEE_generatedDedicated,WEEE_Cat1,remoteControl,0.270671796459676,0.49589677114213,,,,,,,0.0093197634025475,,,,,,,,,0.114965611856909,,,0.364678071523644,,,,,,,,0.425108642241517,,1.6806406566264234
WEEE_generatedDedicated,WEEE_Cat1,rotor,,,,,,,,,0.528706862728311,,,,,,,,,,,,0.126357327843456,,,,,,,,,,0.655064190571767
WEEE_generatedDedicated,WEEE_Cat1,screw,,0.505895976439408,,,,,,,0.158505798219996,,,,,,,,,,,,,,,,,,,,,,0.664401774659404
WEEE_generatedDedicated,WEEE_Cat1,sensorUnspecified,,,,,,,,,0.549998288424699,,,,,,,,,,,,0.533117500453651,,,,,,,,,,1.08311578887835
WEEE_generatedDedicated,WEEE_Cat1,shadowComponentWEEE,,0.409685904653276,,,0.170906109348873,,0.044258041732255,0.430798018282269,,0.335112674662781,,0.592563595598625,,0.558184455379847,,0.543245761574736,,0.454073742561651,0.215302031017177,0.220669162447786,0.0659681035737365,,,,,0.211537305882716,0.548695048057384,0.449741136078022,,,5.250741090851135
WEEE_generatedDedicated,WEEE_Cat1,speakerEEE2,0.0657834221649198,0.43210687991117,,,,,,,0.0706605502186669,,,,,,,0.130850546881119,,,,,0.0641667328087324,,,,,,,,0.205031978563506,,0.968600110548114
WEEE_generatedDedicated,WEEE_Cat1,transformator,,0.170684164764288,,,,,,,0.466116823934295,,,,,,,,,,,,,,,,,,,,,,0.636800988698583
WEEE_generatedDedicated,WEEE_Cat1,transmission,0.00627438824771,,,,,,,,0.344782718725626,,,,,,,,,,,,0.343968897831584,,,,,,,,,,0.6950260048049199
WEEE_generatedDedicated,WEEE_Cat1,transmitter,,0.381585129322156,,,,,,,0.109056009150873,,,,,,,,,,,,0.0825512648571943,,,,,,,,,,0.5731924033302233
WEEE_generatedDedicated,WEEE_Cat1,wheel,,,,,,,,,0.484364501973958,,,,,,,,,,,,0.334271999649158,0.550285267914653,,0.0555677224024441,0.0550808975470036,,,,,,1.4795703894872168
WEEE_generatedDedicated,WEEE_Cat2,ComponentShadowWEEE,0.49266208468019,0.593246847565543,0.0723565224979113,0.0759131343305318,,,,,0.335410395152144,0.542193369977618,0.220058102213907,,0.122690810627533,,,0.0975481969150934,0.0335145396192743,0.0242796462836071,0.139020026600573,,0.479280707880776,,,,,,,,0.482550566552988,0.0464524432991479,3.7571773941968374
WEEE_generatedDedicated,WEEE_Cat2,ConductivitySensor,,0.121266725087314,,,,,,,0.177292207943871,,,,,,,,,,,,,,,,,,,,,,0.29855893303118497
WEEE_generatedDedicated,WEEE_Cat2,LidarSensor (&lt;15cm),0.177416059103111,0.180611653070709,,,,,,,0.061254619544673,0.554935234574108,,,,,,,,,,,0.0884548469985483,,,,,,,,,,1.0626724132911494
WEEE_generatedDedicated,WEEE_Cat2,MagnetSensor,,0.427154746859848,,,,,,,0.062322093390315,,,,,,,,,,,,0.0629113070550937,,,,,,,,,,0.5523881473052568
WEEE_generatedDedicated,WEEE_Cat2,PCBWEEECat,,,,,,,,,,,,,,,,,,0.0735229326373096,,,,,,,,,,,,,0.0735229326373096
WEEE_generatedDedicated,WEEE_Cat2,PCBunspecified,,,,,,,,,0.397852146178971,,,,,,,,,,,,,,,,,,,,,,0.397852146178971
WEEE_generatedDedicated,WEEE_Cat2,PVBacksheet,,,,,,,,,,,,,,,,,,,,0.189869453249868,0.0625668484523798,,,,,,,,,,0.2524363017022478
WEEE_generatedDedicated,WEEE_Cat2,PVEncapsulationEVA,,,,,,,,,,,,,,,,,,,,,0.121000459934092,,,,,,,,,,0.121000459934092
WEEE_generatedDedicated,WEEE_Cat2,PVFrameAl,,0.065626973020656,,,,,,,,,,,,,,,,,,,,,,,,,,,,,0.065626973020656
WEEE_generatedDedicated,WEEE_Cat2,PVSolarGlass,,,,,,,,,,0.432852452909101,,,,,,,,,,,,,,,,,,,,,0.432852452909101
WEEE_generatedDedicated,WEEE_Cat2,PVcellSi,,,,,,,,,,,,,,,,,,0.289121540889553,,,,,,,,,,,,,0.289121540889553
WEEE_generatedDedicated,WEEE_Cat2,WEEEEvaporator,,0.481785579630091,,,,,,,,,,,,,,,,,,,,,,,,,,0.292686650306825,,,0.774472229936916
WEEE_generatedDedicated,WEEE_Cat2,brush,0.172639562392836,,,,,,,,0.0029836975669199,,,,,,,,,,,,0.126686050873207,,,,,,,,,,0.3023093108329629
WEEE_generatedDedicated,WEEE_Cat2,cableUnspecified,0.0222440189791436,0.311511375750649,,,,,,,0.417890031051782,,,,,,,,,,,,0.581029166528625,,,,,,,,,,1.3326745923101995
WEEE_generatedDedicated,WEEE_Cat2,cableWPlug,0.499191028585239,,,,,,,,0.10263610467036,,,,,,,,,,,,0.118866307577399,,,,,,,,,,0.720693440832998
WEEE_generatedDedicated,WEEE_Cat2,cableWithConnector,,0.541527943057494,,,,,,,,,,,,,,,,,,,,,,,,,,,,,0.541527943057494
WEEE_generatedDedicated,WEEE_Cat2,cables,,,,,,,,,,,,,,,,,,0.522894820528757,,,,,,,,,,,,,0.522894820528757
WEEE_generatedDedicated,WEEE_Cat2,cablewire,0.407794497247371,0.295675047942997,,,,,,,0.575474589470304,,,,,,,,,,,,0.346297339850658,,,,,,,,,,1.6252414745113302
WEEE_generatedDedicated,WEEE_Cat2,capElectrolytic,,0.349927321733285,,,,,,,,,,,,,,,,,,,,,,,,,,,0.18801811808215,,0.537945439815435
WEEE_generatedDedicated,WEEE_Cat2,casingPlasticBased,0.0461892281192054,0.100036273370736,,,,,,,0.265314255413685,,,,,,,,,,0.146471586187104,,0.147677277006431,0.489859466726156,0.205013743307005,,0.575141762428502,,,,0.416637569675112,,2.3923411622339366
WEEE_generatedDedicated,WEEE_Cat2,casingSteelBased,,,,,,,,,0.0797961035744631,,,,,,,,,,,,,,,,,,,,,,0.0797961035744631
WEEE_generatedDedicated,WEEE_Cat2,casingUnspecified,0.488365716813927,0.133077413713178,,,,,,,0.41025825313858,0.0274554940683963,,,,,,0.564194570958443,,,,,0.463673372870647,,,,,,,,0.222250619985376,,2.3092754415485475
WEEE_generatedDedicated,WEEE_Cat2,compressor,,0.0343350463334036,,,,,,,,0.485670523502434,,,,,0.529980743830417,,,0.244433523370551,,,0.553634263308968,,,,,,,0.0280701492656154,,,1.8761242496113892
WEEE_generatedDedicated,WEEE_Cat2,displayCRT,0.589646512287287,,,,,,,,,0.546827291630958,,,,,,,,,,,,,,,,,,,,,1.136473803918245
WEEE_generatedDedicated,WEEE_Cat2,displayLCD,0.0587789238897795,0.469870224567984,,,,,,,0.312137825968609,0.417051921800957,,,,,,,,,,,0.444600988707332,,,,,,,,0.0785550488270692,,1.7809949337617308
WEEE_generatedDedicated,WEEE_Cat2,displayOther,0.365520448334219,0.398992848723271,,,,,,,0.184902395447331,0.293910907406538,,,,,,0.401457268183553,,,,,0.341523436117414,,,,,,,,0.547268221368085,,2.533575525580411
WEEE_generatedDedicated,WEEE_Cat2,driveCDDInt,0.184290660686097,0.337636572063409,,,,,,,0.595957478472829,,,,,,,0.475234083607219,,,,,0.492888927871001,,,,,,,,0.0669907415123232,,2.152998464212878
WEEE_generatedDedicated,WEEE_Cat2,driveFDD,0.0411810828480603,,,,,,,,0.223961838629412,,,,,,,,,,,,,,,,,,,,,,0.2651429214774723
WEEE_generatedDedicated,WEEE_Cat2,driveHDD,0.180369711851129,0.435955496951472,,,,,,,0.316978192786693,,,,,,,0.317907018180867,,,,,0.328739641392048,,,,,,,,0.168513603368802,,1.748463664531011
WEEE_generatedDedicated,WEEE_Cat2,driveUnspecified,,0.461071391569749,,,,,,,0.316027748153431,,,,,,,,,,,,0.168574413152903,,,,,,,,0.525147385969182,,1.4708209388452649
WEEE_generatedDedicated,WEEE_Cat2,electricEngine,0.117512841115281,0.489058581315869,,,,0.37468990920909,,,0.25207644805237,,,,,,,,,,0.356335647265146,,0.213300123139178,,,,,,,,,,1.802973550096934
WEEE_generatedDedicated,WEEE_Cat2,filterFoamBased,,,,,,,,,,,,,,,,,,,,,0.5361947637865,,,,,,,,,,0.5361947637865
WEEE_generatedDedicated,WEEE_Cat2,gear,,,,,,,,,,,,,,,,,,,,,0.110103852690663,,,,,,,,,,0.110103852690663
WEEE_generatedDedicated,WEEE_Cat2,heatingCoolingEEEairCondenser,,0.462659642453636,,,,,,,,,,,,,,,,0.291298869425414,,,0.58875502326287,,,,,,,0.0138764227881439,,,1.3565899579300638
WEEE_generatedDedicated,WEEE_Cat2,heatingCoolingEEEfan,0.216526433028985,0.0460722949194188,,,,,,,0.0831845390218238,,,,,,,0.260919684026295,,,,,0.43185096251758,,,,,,,0.459372379162797,0.0945612579959355,,1.5924875506728349
WEEE_generatedDedicated,WEEE_Cat2,heatingCoolingEEEheatSink,0.381832548501839,0.0586684768136641,,,,,,,0.24065547567818,,,,,,,0.291375160919395,,,,,0.116067087302305,,,,,,,,0.0022720728462798,,1.090870822061663
WEEE_generatedDedicated,WEEE_Cat2,inductor,,0.229914394592171,,,,,,,0.152973883941618,,,,,,,,,,,,0.578640457556488,,,,,,,,,,0.961528736090277
WEEE_generatedDedicated,WEEE_Cat2,keyboard,0.407809703893012,0.0336226921510684,,,,,,,0.286637522450409,,,,,,,0.115266904114693,,,,,0.185409093273758,,,,,,,,0.0732585692743076,,1.102004485157248
WEEE_generatedDedicated,WEEE_Cat2,knob,0.444315054443648,,,,,,,,0.294719427561609,,,,,,,,,,,,0.570518652638034,,,,,,,,,,1.309553134643291
WEEE_generatedDedicated,WEEE_Cat2,lenseAssembly,0.0796260948707899,0.474392100767741,,,,,,,0.116710270101259,0.365761647403155,,,,,,,,,,,0.203987139319399,,,,,,,,0.593343274708553,,1.833820527170897
WEEE_generatedDedicated,WEEE_Cat2,lightingFlash,0.339358566125334,0.177064043677699,,,,,,,0.308483246934004,0.123620627586716,,,,,,,,,,,0.246533665325579,,,,,,,,0.15916857460397,,1.354228724253302
WEEE_generatedDedicated,WEEE_Cat2,magnetPermanent,,,,,,,,,,,,,,,,,,0.260959250973903,,,,,,,,,,,,,0.260959250973903
WEEE_generatedDedicated,WEEE_Cat2,mainboardInclCPUgpu,0.539601216626777,0.493955623925958,,,,,,,0.284935566342187,,,,,,,0.0667961882314478,,,,,0.506867675196294,,,,,,,,0.408811546929414,,2.3009678172520776
WEEE_generatedDedicated,WEEE_Cat2,non-electricCoil,0.0708288943057186,,,,,,,,0.0808620496294198,,,,,,,,,,,,0.375214646743758,,,,,,,,,,0.5269055906788964
WEEE_generatedDedicated,WEEE_Cat2,onOffSwitch,,0.418452521026864,,,,,,,,,,,,,,,,,,,0.31064562651796,,,,,,,,,,0.7290981475448239
WEEE_generatedDedicated,WEEE_Cat2,otherElectricCompUnspecified,0.582299311583459,0.147537825907933,,,,,,,0.520601762783613,0.0735124663809688,,,,,,0.369102112386231,,0.0852224484871496,,,0.122029203102325,,,,,,,,0.34018051471382,,2.2404856453454998
WEEE_generatedDedicated,WEEE_Cat2,otherNonElectricCompUnspecified,0.481641262323518,0.118208614761822,,,,,,,0.429106790345204,,,,,,,,,,,,0.0098835275503702,,,,,,,0.0164641077998162,0.590265225551864,,1.6455695283325942
WEEE_generatedDedicated,WEEE_Cat2,passiveJunctionBox,,0.313332831384656,,,,,,,,,,,,,,,,0.34857144649276,,,0.537889441271336,,,,,,,,,,1.199793719148752
WEEE_generatedDedicated,WEEE_Cat2,pcbWEEECat,,,,,,,,,,,,,,,,,,,,,0.102015129811594,,,,,,,,,,0.102015129811594
WEEE_generatedDedicated,WEEE_Cat2,powerSupply,0.508570912460685,0.207629699501702,,,,,,,0.254650471825291,,,,,,,0.134755973969811,,,,,0.0313340707980756,,,,,,,,0.232842928027706,,1.3697840565832706
WEEE_generatedDedicated,WEEE_Cat2,pump,,,,,,,,,,,,0.145660669451989,,,,,,,,,,,,,,,,0.394218753601924,,,0.539879423053913
WEEE_generatedDedicated,WEEE_Cat2,refrigerant,,,,,,,,,,,,,,,,,,0.138846799961578,,,,,,,,,,,,,0.138846799961578
WEEE_generatedDedicated,WEEE_Cat2,remoteControl,0.515296463637183,0.532101955458167,,,,,,,0.0074089164456535,,,,,,,,,0.132544890199341,,,0.346954114447646,,,,,,,,0.329415824692914,,1.8637221648809044
WEEE_generatedDedicated,WEEE_Cat2,rotor,,,,,,,,,0.221713342859101,,,,,,,,,,,,0.571284415035306,,,,,,,,,,0.792997757894407
WEEE_generatedDedicated,WEEE_Cat2,screw,,0.290224521535767,,,,,,,0.299030172935351,,,,,,,,,,,,,,,,,,,,,,0.589254694471118
WEEE_generatedDedicated,WEEE_Cat2,sensorUnspecified,,,,,,,,,0.142507967808403,,,,,,,,,,,,0.0972610041895898,,,,,,,,,,0.2397689719979928
WEEE_generatedDedicated,WEEE_Cat2,shadowComponentWEEE,,0.0532778280554343,,,0.132958575832445,,0.400045376629142,0.580037751369808,,0.5851691188487,,0.0612202308021404,,0.150940125074471,,0.509884792731336,,0.145919220002133,0.311447357098499,0.494315558855171,0.570055728222914,,,,,0.382501440685697,0.021458889674923,0.519307392471893,,,4.9185393863547064
WEEE_generatedDedicated,WEEE_Cat2,speakerEEE2,0.0356691513282931,0.504108103913411,,,,,,,0.346719587955252,,,,,,,0.281665703685891,,,,,0.456509626422462,,,,,,,,0.545424399228904,,2.170096572534213
WEEE_generatedDedicated,WEEE_Cat2,transformator,,0.324935862103499,,,,,,,0.59085808758735,,,,,,,,,,,,,,,,,,,,,,0.915793949690849
WEEE_generatedDedicated,WEEE_Cat2,transmission,0.0034304369220756,,,,,,,,0.0798979170604172,,,,,,,,,,,,0.504911498216831,,,,,,,,,,0.5882398521993238
WEEE_generatedDedicated,WEEE_Cat2,transmitter,,0.249670675629122,,,,,,,0.104871074252174,,,,,,,,,,,,0.157751337651325,,,,,,,,,,0.512293087532621
WEEE_generatedDedicated,WEEE_Cat2,wheel,,,,,,,,,0.144445644398465,,,,,,,,,,,,0.142194914661689,0.494241310221233,,0.0907152004544893,0.260163298430087,,,,,,1.1317603681659634
WEEE_generatedDedicated,WEEE_Cat3,ComponentShadowWEEE,0.31962272730797,0.552039434251099,0.303779676102146,0.0470224840567447,,,,,0.200921736678513,0.282652919684309,0.37226320153855,,0.216844517168207,,,0.0985893959977187,0.27930938562887,0.400001557941737,0.0583614270516476,,0.178880769724286,,,,,,,,0.22031821275919,0.23650621706088,3.767113662951868
WEEE_generatedDedicated,WEEE_Cat3,ConductivitySensor,,0.548034406791726,,,,,,,0.144781120792488,,,,,,,,,,,,,,,,,,,,,,0.692815527584214
WEEE_generatedDedicated,WEEE_Cat3,LidarSensor (&lt;15cm),0.114857208262073,0.3448528467541,,,,,,,0.26766710735254,0.151819643755593,,,,,,,,,,,0.326909178964679,,,,,,,,,,1.206105985088985
WEEE_generatedDedicated,WEEE_Cat3,MagnetSensor,,0.129057068926902,,,,,,,0.267443548804875,,,,,,,,,,,,0.350336180334363,,,,,,,,,,0.7468367980661399
WEEE_generatedDedicated,WEEE_Cat3,PCBWEEECat,,,,,,,,,,,,,,,,,,0.568772853892176,,,,,,,,,,,,,0.568772853892176
WEEE_generatedDedicated,WEEE_Cat3,PCBunspecified,,,,,,,,,0.0434304456841868,,,,,,,,,,,,,,,,,,,,,,0.0434304456841868
WEEE_generatedDedicated,WEEE_Cat3,PVBacksheet,,,,,,,,,,,,,,,,,,,,0.549665267211039,0.434973472317693,,,,,,,,,,0.984638739528732
WEEE_generatedDedicated,WEEE_Cat3,PVEncapsulationEVA,,,,,,,,,,,,,,,,,,,,,0.583567866588072,,,,,,,,,,0.583567866588072
WEEE_generatedDedicated,WEEE_Cat3,PVFrameAl,,0.466101379619978,,,,,,,,,,,,,,,,,,,,,,,,,,,,,0.466101379619978
WEEE_generatedDedicated,WEEE_Cat3,PVSolarGlass,,,,,,,,,,0.427390719866754,,,,,,,,,,,,,,,,,,,,,0.427390719866754
WEEE_generatedDedicated,WEEE_Cat3,PVcellSi,,,,,,,,,,,,,,,,,,0.169539791359245,,,,,,,,,,,,,0.169539791359245
WEEE_generatedDedicated,WEEE_Cat3,WEEEEvaporator,,0.527379060064654,,,,,,,,,,,,,,,,,,,,,,,,,,0.0756781235712308,,,0.6030571836358848
WEEE_generatedDedicated,WEEE_Cat3,brush,0.501032137896399,,,,,,,,0.333441672634396,,,,,,,,,,,,0.222602734995657,,,,,,,,,,1.057076545526452
WEEE_generatedDedicated,WEEE_Cat3,cableUnspecified,0.108255507683889,0.184559417443921,,,,,,,0.421588487152498,,,,,,,,,,,,0.146957682132987,,,,,,,,,,0.861361094413295
WEEE_generatedDedicated,WEEE_Cat3,cableWPlug,0.595822728726837,,,,,,,,0.556127639519296,,,,,,,,,,,,0.329969909522748,,,,,,,,,,1.481920277768881
WEEE_generatedDedicated,WEEE_Cat3,cableWithConnector,,0.294544532478757,,,,,,,,,,,,,,,,,,,,,,,,,,,,,0.294544532478757
WEEE_generatedDedicated,WEEE_Cat3,cables,,,,,,,,,,,,,,,,,,0.0429420911735852,,,,,,,,,,,,,0.0429420911735852
WEEE_generatedDedicated,WEEE_Cat3,cablewire,0.255544960921251,0.28017351709639,,,,,,,0.424846578225904,,,,,,,,,,,,0.337340271673335,,,,,,,,,,1.29790532791688
WEEE_generatedDedicated,WEEE_Cat3,capElectrolytic,,0.321905284939629,,,,,,,,,,,,,,,,,,,,,,,,,,,0.550570531856784,,0.872475816796413
WEEE_generatedDedicated,WEEE_Cat3,casingPlasticBased,0.354444147623436,0.481295471892394,,,,,,,0.404533274268343,,,,,,,,,,0.277393165848398,,0.459236013784152,0.386978950678737,0.0397715099701596,,0.189108827335124,,,,0.252652342671567,,2.8454137040723104
WEEE_generatedDedicated,WEEE_Cat3,casingSteelBased,,,,,,,,,0.0051133196348654,,,,,,,,,,,,,,,,,,,,,,0.0051133196348654
WEEE_generatedDedicated,WEEE_Cat3,casingUnspecified,0.565593093743074,0.47011913474367,,,,,,,0.541368645944847,0.466606762441727,,,,,,0.0760142850104339,,,,,0.0459220840886848,,,,,,,,0.0728275853690562,,2.2384515913414926
WEEE_generatedDedicated,WEEE_Cat3,compressor,,0.0936223475698796,,,,,,,,0.506691998473105,,,,,0.416826789765058,,,0.254562203777743,,,0.0014556714354918,,,,,,,0.432083215008466,,,1.7052422260297435
WEEE_generatedDedicated,WEEE_Cat3,displayCRT,0.162900941975591,,,,,,,,,0.452919386134651,,,,,,,,,,,,,,,,,,,,,0.615820328110242
WEEE_generatedDedicated,WEEE_Cat3,displayLCD,0.385159633161302,0.371212828243431,,,,,,,0.176853412747524,0.422685242487828,,,,,,,,,,,0.557654936234984,,,,,,,,0.238504188302143,,2.152070241177212
WEEE_generatedDedicated,WEEE_Cat3,displayOther,0.181462645579759,0.202008673963705,,,,,,,0.513854631001251,0.403413642835311,,,,,,0.138869099037845,,,,,0.479347014068627,,,,,,,,0.57113929287442,,2.490094999360918
WEEE_generatedDedicated,WEEE_Cat3,driveCDDInt,0.296949114897083,0.412431115921441,,,,,,,0.54962238412309,,,,,,,0.472145813977566,,,,,0.0548025485249267,,,,,,,,0.542820422554684,,2.3287713999987902
WEEE_generatedDedicated,WEEE_Cat3,driveFDD,0.393679381320318,,,,,,,,0.483697699428704,,,,,,,,,,,,,,,,,,,,,,0.877377080749022
WEEE_generatedDedicated,WEEE_Cat3,driveHDD,0.427500103068977,0.175806274404436,,,,,,,0.312026166597486,,,,,,,0.0070248491492248,,,,,0.501643548868132,,,,,,,,0.37098770940162,,1.7949886514898759
WEEE_generatedDedicated,WEEE_Cat3,driveUnspecified,,0.299067699394095,,,,,,,0.0283696514437496,,,,,,,,,,,,0.256409424606442,,,,,,,,0.206610304515566,,0.7904570799598527
WEEE_generatedDedicated,WEEE_Cat3,electricEngine,0.455761491577103,0.564782186810599,,,,0.270564210906646,,,0.54472473752455,,,,,,,,,,0.0548085172750301,,0.343579460875666,,,,,,,,,,2.234220604969594
WEEE_generatedDedicated,WEEE_Cat3,filterFoamBased,,,,,,,,,,,,,,,,,,,,,0.214817486644047,,,,,,,,,,0.214817486644047
WEEE_generatedDedicated,WEEE_Cat3,gear,,,,,,,,,,,,,,,,,,,,,0.387239264721156,,,,,,,,,,0.387239264721156
WEEE_generatedDedicated,WEEE_Cat3,heatingCoolingEEEairCondenser,,0.486433455985645,,,,,,,,,,,,,,,,0.305553842338633,,,0.348677158424163,,,,,,,0.569288241950144,,,1.7099526986985851
WEEE_generatedDedicated,WEEE_Cat3,heatingCoolingEEEfan,0.160586913610628,0.126195402049237,,,,,,,0.194386305419068,,,,,,,0.0328676766580332,,,,,0.177642152162617,,,,,,,0.494020052064347,0.576463266578262,,1.762161768542192
WEEE_generatedDedicated,WEEE_Cat3,heatingCoolingEEEheatSink,0.454107443007366,0.320780387628405,,,,,,,0.556598172164117,,,,,,,0.135726054845757,,,,,0.130702321084883,,,,,,,,0.538819423017577,,2.1367338017481052
WEEE_generatedDedicated,WEEE_Cat3,inductor,,0.544127431854477,,,,,,,0.014582687069151,,,,,,,,,,,,0.277922128870405,,,,,,,,,,0.836632247794033
WEEE_generatedDedicated,WEEE_Cat3,keyboard,0.0780232321080004,0.506364164548333,,,,,,,0.136673939229902,,,,,,,0.102284349684667,,,,,0.522999341783265,,,,,,,,0.218481476762549,,1.5648265041167164
WEEE_generatedDedicated,WEEE_Cat3,knob,0.449646036934105,,,,,,,,0.376495137167148,,,,,,,,,,,,0.362452038096478,,,,,,,,,,1.188593212197731
WEEE_generatedDedicated,WEEE_Cat3,lenseAssembly,0.0578730283090536,0.451470994197638,,,,,,,0.391200456003194,0.143618508613069,,,,,,,,,,,0.435019733167714,,,,,,,,0.0994332902300032,,1.5786160105206717
WEEE_generatedDedicated,WEEE_Cat3,lightingFlash,0.213587564041579,0.0277218493591503,,,,,,,0.288747661076747,0.0183214222865374,,,,,,,,,,,0.532686231706626,,,,,,,,0.111506095503725,,1.1925708239743646
WEEE_generatedDedicated,WEEE_Cat3,magnetPermanent,,,,,,,,,,,,,,,,,,0.373655345470067,,,,,,,,,,,,,0.373655345470067
WEEE_generatedDedicated,WEEE_Cat3,mainboardInclCPUgpu,0.304859422458534,0.115948733123146,,,,,,,0.11412482449165,,,,,,,0.225194175185033,,,,,0.237926885775876,,,,,,,,0.238891665110943,,1.236945706145182
WEEE_generatedDedicated,WEEE_Cat3,non-electricCoil,0.479098720719006,,,,,,,,0.240272195586663,,,,,,,,,,,,0.150736364805583,,,,,,,,,,0.870107281111252
WEEE_generatedDedicated,WEEE_Cat3,onOffSwitch,,0.517716080193815,,,,,,,,,,,,,,,,,,,0.502653295155524,,,,,,,,,,1.020369375349339
WEEE_generatedDedicated,WEEE_Cat3,otherElectricCompUnspecified,0.031166621359027,0.553389487580177,,,,,,,0.51293699756132,0.51747639098006,,,,,,0.0609360501606551,,0.244418139758374,,,0.579484362037754,,,,,,,,0.198553742497979,,2.698361791935346
WEEE_generatedDedicated,WEEE_Cat3,otherNonElectricCompUnspecified,0.195961599379192,0.473055990252715,,,,,,,0.373937123187039,,,,,,,,,,,,0.111560839225625,,,,,,,0.509480391636934,0.218719322583888,,1.8827152662653932
WEEE_generatedDedicated,WEEE_Cat3,passiveJunctionBox,,0.526120576281095,,,,,,,,,,,,,,,,0.197301110581418,,,0.13041429002002,,,,,,,,,,0.853835976882533
WEEE_generatedDedicated,WEEE_Cat3,pcbWEEECat,,,,,,,,,,,,,,,,,,,,,0.412918562966335,,,,,,,,,,0.412918562966335
WEEE_generatedDedicated,WEEE_Cat3,powerSupply,0.197288201541315,0.535810593684842,,,,,,,0.278432136446268,,,,,,,0.327006921329217,,,,,0.404245336312852,,,,,,,,0.558557580884046,,2.30134077019854
WEEE_generatedDedicated,WEEE_Cat3,pump,,,,,,,,,,,,0.484873343696805,,,,,,,,,,,,,,,,0.367312059828251,,,0.852185403525056
WEEE_generatedDedicated,WEEE_Cat3,refrigerant,,,,,,,,,,,,,,,,,,0.547908981797828,,,,,,,,,,,,,0.547908981797828
WEEE_generatedDedicated,WEEE_Cat3,remoteControl,0.312804056999886,0.0332240310505274,,,,,,,0.492090984034236,,,,,,,,,0.0206475494049339,,,0.164940991255367,,,,,,,,0.16034123092325,,1.1840488436682002
WEEE_generatedDedicated,WEEE_Cat3,rotor,,,,,,,,,0.395261888022422,,,,,,,,,,,,0.512312085904915,,,,,,,,,,0.907573973927337
WEEE_generatedDedicated,WEEE_Cat3,screw,,0.138129624073114,,,,,,,0.0769200745059299,,,,,,,,,,,,,,,,,,,,,,0.21504969857904388
WEEE_generatedDedicated,WEEE_Cat3,sensorUnspecified,,,,,,,,,0.546814486831673,,,,,,,,,,,,0.542919486841053,,,,,,,,,,1.0897339736727258
WEEE_generatedDedicated,WEEE_Cat3,shadowComponentWEEE,,0.186536816226395,,,0.319918066462519,,0.406764763845687,0.433750955140587,,0.0292101898936196,,0.379046100989935,,0.370345601784158,,0.31038682660384,,0.570607380334398,0.184409819361457,0.0437159623571026,0.0199906534506809,,,,,0.131810131501426,0.12476540113285,0.128453420979924,,,3.639712090064579
WEEE_generatedDedicated,WEEE_Cat3,speakerEEE2,0.0719495405742701,0.0281478531144141,,,,,,,0.498720577818766,,,,,,,0.326692312791702,,,,,0.537570933197028,,,,,,,,0.502982249826921,,1.9660634673231012
WEEE_generatedDedicated,WEEE_Cat3,transformator,,0.29041594547085,,,,,,,0.003729191485873,,,,,,,,,,,,,,,,,,,,,,0.29414513695672295
WEEE_generatedDedicated,WEEE_Cat3,transmission,0.233931024094008,,,,,,,,0.0803716032084458,,,,,,,,,,,,0.530314328734525,,,,,,,,,,0.8446169560369788
WEEE_generatedDedicated,WEEE_Cat3,transmitter,,0.492856572250265,,,,,,,0.0754270198318001,,,,,,,,,,,,0.523818073405622,,,,,,,,,,1.0921016654876872
WEEE_generatedDedicated,WEEE_Cat3,wheel,,,,,,,,,0.0782380656163913,,,,,,,,,,,,0.390124035086511,0.326119908379311,,0.494844827829271,0.109112884542483,,,,,,1.398439721453967
WEEE_generatedDedicated,WEEE_Cat4a,ComponentShadowWEEE,0.569571726355019,0.455391554440486,0.0420974496400191,0.134404759056914,,,,,0.480315948718692,0.562820503380298,0.209409802736519,,0.0580212965321355,,,0.382949711908016,0.212395659645979,0.152893501569326,0.370148517557879,,0.234441575286309,,,,,,,,0.548219422686492,0.240585477109095,4.6536669066231795
WEEE_generatedDedicated,WEEE_Cat4a,ConductivitySensor,,0.524760569283664,,,,,,,0.115515623914553,,,,,,,,,,,,,,,,,,,,,,0.640276193198217
WEEE_generatedDedicated,WEEE_Cat4a,LidarSensor (&lt;15cm),0.42167732013524,0.482534877745966,,,,,,,0.210640201958307,0.546242080555465,,,,,,,,,,,0.489436738881961,,,,,,,,,,2.150531219276939
WEEE_generatedDedicated,WEEE_Cat4a,MagnetSensor,,0.533148453367553,,,,,,,0.598921709169439,,,,,,,,,,,,0.299175815252463,,,,,,,,,,1.431245977789455
WEEE_generatedDedicated,WEEE_Cat4a,PCBWEEECat,,,,,,,,,,,,,,,,,,0.245543869774193,,,,,,,,,,,,,0.245543869774193
WEEE_generatedDedicated,WEEE_Cat4a,PCBunspecified,,,,,,,,,0.172833014519995,,,,,,,,,,,,,,,,,,,,,,0.172833014519995
WEEE_generatedDedicated,WEEE_Cat4a,PVBacksheet,,,,,,,,,,,,,,,,,,,,0.213831036923278,0.222630203517812,,,,,,,,,,0.43646124044109
WEEE_generatedDedicated,WEEE_Cat4a,PVEncapsulationEVA,,,,,,,,,,,,,,,,,,,,,0.0207452399739105,,,,,,,,,,0.0207452399739105
WEEE_generatedDedicated,WEEE_Cat4a,PVFrameAl,,0.52952164312624,,,,,,,,,,,,,,,,,,,,,,,,,,,,,0.52952164312624
WEEE_generatedDedicated,WEEE_Cat4a,PVSolarGlass,,,,,,,,,,0.571093047492934,,,,,,,,,,,,,,,,,,,,,0.571093047492934
WEEE_generatedDedicated,WEEE_Cat4a,PVcellSi,,,,,,,,,,,,,,,,,,0.368921229283471,,,,,,,,,,,,,0.368921229283471
WEEE_generatedDedicated,WEEE_Cat4a,WEEEEvaporator,,0.454998102584303,,,,,,,,,,,,,,,,,,,,,,,,,,0.370589034314238,,,0.825587136898541
WEEE_generatedDedicated,WEEE_Cat4a,brush,0.515202973457681,,,,,,,,0.224029207076043,,,,,,,,,,,,0.142316500771105,,,,,,,,,,0.881548681304829
WEEE_generatedDedicated,WEEE_Cat4a,cableUnspecified,0.0246970906040609,0.019878353773457,,,,,,,0.52986773699757,,,,,,,,,,,,0.376178485644975,,,,,,,,,,0.9506216670200629
WEEE_generatedDedicated,WEEE_Cat4a,cableWPlug,0.559117964805269,,,,,,,,0.0799281961693129,,,,,,,,,,,,0.486198055110737,,,,,,,,,,1.1252442160853189
WEEE_generatedDedicated,WEEE_Cat4a,cableWithConnector,,0.321356737848055,,,,,,,,,,,,,,,,,,,,,,,,,,,,,0.321356737848055
WEEE_generatedDedicated,WEEE_Cat4a,cables,,,,,,,,,,,,,,,,,,0.312916490028436,,,,,,,,,,,,,0.312916490028436
WEEE_generatedDedicated,WEEE_Cat4a,cablewire,0.408204967649363,0.145199942330987,,,,,,,0.184502254967698,,,,,,,,,,,,0.224887567719726,,,,,,,,,,0.9627947326677739
WEEE_generatedDedicated,WEEE_Cat4a,capElectrolytic,,0.12143635017795,,,,,,,,,,,,,,,,,,,,,,,,,,,0.0112918804517371,,0.1327282306296871
WEEE_generatedDedicated,WEEE_Cat4a,casingPlasticBased,0.0408219344406957,0.257096072528997,,,,,,,0.121269494023475,,,,,,,,,,0.0512330781188169,,0.196961192622375,0.287886469253644,0.541585937358534,,0.229321662468786,,,,0.0327158837205886,,1.7588917245359121
WEEE_generatedDedicated,WEEE_Cat4a,casingSteelBased,,,,,,,,,0.0242202475340866,,,,,,,,,,,,,,,,,,,,,,0.0242202475340866
WEEE_generatedDedicated,WEEE_Cat4a,casingUnspecified,0.534222465544999,0.39348526836831,,,,,,,0.519764106822239,0.536777878327762,,,,,,0.150831262182996,,,,,0.0518076859565903,,,,,,,,0.0544255626399148,,2.241314229842811
WEEE_generatedDedicated,WEEE_Cat4a,compressor,,0.211390935238979,,,,,,,,0.359375963724619,,,,,0.50487707936365,,,0.0677482953155944,,,0.0750724865016608,,,,,,,0.116180450051011,,,1.3346452101955144
WEEE_generatedDedicated,WEEE_Cat4a,displayCRT,0.038746772340008,,,,,,,,,0.157827832179474,,,,,,,,,,,,,,,,,,,,,0.196574604519482
WEEE_generatedDedicated,WEEE_Cat4a,displayLCD,0.205397290160465,0.0369101719254008,,,,,,,0.476403639232776,0.206274948172137,,,,,,,,,,,0.195779984690914,,,,,,,,0.366764154867457,,1.4875301890491497
WEEE_generatedDedicated,WEEE_Cat4a,displayOther,0.139842984706852,0.251496449758569,,,,,,,0.513607357223481,0.536354221715647,,,,,,0.0061323918329927,,,,,0.0633100576106032,,,,,,,,0.431832926193112,,1.9425763890412568
WEEE_generatedDedicated,WEEE_Cat4a,driveCDDInt,0.403559026052702,0.228382410386054,,,,,,,0.404351256583114,,,,,,,0.0695036052760109,,,,,0.44009533088106,,,,,,,,0.470148499373068,,2.0160401285520093
WEEE_generatedDedicated,WEEE_Cat4a,driveFDD,0.50374728007947,,,,,,,,0.179091787590169,,,,,,,,,,,,,,,,,,,,,,0.682839067669639
WEEE_generatedDedicated,WEEE_Cat4a,driveHDD,0.499131314377174,0.40129583758536,,,,,,,0.45910464922941,,,,,,,0.529539854496712,,,,,0.080816266929124,,,,,,,,0.0550540681551273,,2.0249419907729074
WEEE_generatedDedicated,WEEE_Cat4a,driveUnspecified,,0.399400846731666,,,,,,,0.365713120797432,,,,,,,,,,,,0.444417517294957,,,,,,,,0.384936222439699,,1.594467707263754
WEEE_generatedDedicated,WEEE_Cat4a,electricEngine,0.0378765130059367,0.425010154967275,,,,0.442272616902768,,,0.380710558351297,,,,,,,,,,0.493620202795458,,0.563556389292424,,,,,,,,,,2.3430464353151588
WEEE_generatedDedicated,WEEE_Cat4a,filterFoamBased,,,,,,,,,,,,,,,,,,,,,0.215156819262523,,,,,,,,,,0.215156819262523
WEEE_generatedDedicated,WEEE_Cat4a,gear,,,,,,,,,,,,,,,,,,,,,0.0381711905820275,,,,,,,,,,0.0381711905820275
WEEE_generatedDedicated,WEEE_Cat4a,heatingCoolingEEEairCondenser,,0.300142763136396,,,,,,,,,,,,,,,,0.392212963962497,,,0.362145669752785,,,,,,,0.463857369941328,,,1.5183587667930059
WEEE_generatedDedicated,WEEE_Cat4a,heatingCoolingEEEfan,0.485221745433387,0.511906599783933,,,,,,,0.552573709270442,,,,,,,0.0990578559999004,,,,,0.125723891893234,,,,,,,0.335804664892255,0.223558004354033,,2.3338464716271843
WEEE_generatedDedicated,WEEE_Cat4a,heatingCoolingEEEheatSink,0.491222988538382,0.102387645381029,,,,,,,0.307008406592515,,,,,,,0.0168757058463822,,,,,0.206224871595681,,,,,,,,0.291774148947197,,1.4154937669011862
WEEE_generatedDedicated,WEEE_Cat4a,inductor,,0.238351515115272,,,,,,,0.0845660451832441,,,,,,,,,,,,0.101076917814763,,,,,,,,,,0.42399447811327906
WEEE_generatedDedicated,WEEE_Cat4a,keyboard,0.208749389251305,0.141572621573923,,,,,,,0.371777332029307,,,,,,,0.516493616384893,,,,,0.0792094609783412,,,,,,,,0.427178630464361,,1.7449810506821302
WEEE_generatedDedicated,WEEE_Cat4a,knob,0.524081607656397,,,,,,,,0.586538096033427,,,,,,,,,,,,0.334899661630237,,,,,,,,,,1.4455193653200609
WEEE_generatedDedicated,WEEE_Cat4a,lenseAssembly,0.363021475925186,0.359703296951857,,,,,,,0.242492546728647,0.381205567127525,,,,,,,,,,,0.492174331758366,,,,,,,,0.327105605866186,,2.165702824357767
WEEE_generatedDedicated,WEEE_Cat4a,lightingFlash,0.578211238771237,0.525093598702568,,,,,,,0.124224579049395,0.368238786477164,,,,,,,,,,,0.0255254017995518,,,,,,,,0.0515934233947863,,1.6728870281947024
WEEE_generatedDedicated,WEEE_Cat4a,magnetPermanent,,,,,,,,,,,,,,,,,,0.0801818968232238,,,,,,,,,,,,,0.0801818968232238
WEEE_generatedDedicated,WEEE_Cat4a,mainboardInclCPUgpu,0.580197964028348,0.303595453413652,,,,,,,0.187438255684433,,,,,,,0.295034184844968,,,,,0.247503566562462,,,,,,,,0.467046780980945,,2.0808162055148083
WEEE_generatedDedicated,WEEE_Cat4a,non-electricCoil,0.0695307272636474,,,,,,,,0.527949545780949,,,,,,,,,,,,0.507873016151912,,,,,,,,,,1.1053532891965085
WEEE_generatedDedicated,WEEE_Cat4a,onOffSwitch,,0.362125511623801,,,,,,,,,,,,,,,,,,,0.398223816285862,,,,,,,,,,0.760349327909663
WEEE_generatedDedicated,WEEE_Cat4a,otherElectricCompUnspecified,0.288196082851977,0.305910891480152,,,,,,,0.317301744583354,0.0832146267844627,,,,,,0.07715292091819,,0.222597047284759,,,0.159089337865126,,,,,,,,0.005869253738264,,1.4593319055062846
WEEE_generatedDedicated,WEEE_Cat4a,otherNonElectricCompUnspecified,0.499493994414955,0.377279788622097,,,,,,,0.204001982814721,,,,,,,,,,,,0.425044651756251,,,,,,,0.498538977054783,0.099193665628811,,2.103553060291618
WEEE_generatedDedicated,WEEE_Cat4a,passiveJunctionBox,,0.361552316981216,,,,,,,,,,,,,,,,0.529497846392537,,,0.275000706702577,,,,,,,,,,1.1660508700763301
WEEE_generatedDedicated,WEEE_Cat4a,pcbWEEECat,,,,,,,,,,,,,,,,,,,,,0.146510630194626,,,,,,,,,,0.146510630194626
WEEE_generatedDedicated,WEEE_Cat4a,powerSupply,0.513292379834242,0.539010223676727,,,,,,,0.171636820591095,,,,,,,0.216872612133615,,,,,0.0434046427687681,,,,,,,,0.397230916761628,,1.881447595766075
WEEE_generatedDedicated,WEEE_Cat4a,pump,,,,,,,,,,,,0.560594187114648,,,,,,,,,,,,,,,,0.0795447727541662,,,0.6401389598688142
WEEE_generatedDedicated,WEEE_Cat4a,refrigerant,,,,,,,,,,,,,,,,,,0.0143466924623101,,,,,,,,,,,,,0.0143466924623101
WEEE_generatedDedicated,WEEE_Cat4a,remoteControl,0.332833554124859,0.582351854941202,,,,,,,0.296661715839312,,,,,,,,,0.158263279676126,,,0.204116760452806,,,,,,,,0.242045525598945,,1.8162726906332498
WEEE_generatedDedicated,WEEE_Cat4a,rotor,,,,,,,,,0.458561357078043,,,,,,,,,,,,0.271344795871976,,,,,,,,,,0.729906152950019
WEEE_generatedDedicated,WEEE_Cat4a,screw,,0.369631497473526,,,,,,,0.589164496214155,,,,,,,,,,,,,,,,,,,,,,0.9587959936876811
WEEE_generatedDedicated,WEEE_Cat4a,sensorUnspecified,,,,,,,,,0.0060235055331955,,,,,,,,,,,,0.130727667704962,,,,,,,,,,0.1367511732381575
WEEE_generatedDedicated,WEEE_Cat4a,shadowComponentWEEE,,0.185859412514947,,,0.556354764662379,,0.460605058858847,0.157150671259619,,0.435344335030891,,0.24714782565122,,0.105279912765326,,0.306333960547943,,0.13751227503253,0.127850359081929,0.312047678836888,0.218710379395739,,,,,0.305508667670975,0.272287686172372,0.0918253871024695,,,3.9198183745840747
WEEE_generatedDedicated,WEEE_Cat4a,speakerEEE2,0.3968317801308,0.332591709449677,,,,,,,0.131429346594332,,,,,,,0.51337354584622,,,,,0.293691741964936,,,,,,,,0.0976480442689252,,1.76556616825489
WEEE_generatedDedicated,WEEE_Cat4a,transformator,,0.441716807195174,,,,,,,0.174556388012259,,,,,,,,,,,,,,,,,,,,,,0.616273195207433
WEEE_generatedDedicated,WEEE_Cat4a,transmission,0.130999984751947,,,,,,,,0.229151996908051,,,,,,,,,,,,0.597221081653993,,,,,,,,,,0.957373063313991
WEEE_generatedDedicated,WEEE_Cat4a,transmitter,,0.302098238433191,,,,,,,0.323800443191037,,,,,,,,,,,,0.483781446264546,,,,,,,,,,1.109680127888774
WEEE_generatedDedicated,WEEE_Cat4a,wheel,,,,,,,,,0.15247050180307,,,,,,,,,,,,0.511713716718653,0.134805102376548,,0.0287288767324741,0.576457745104404,,,,,,1.404175942735149
WEEE_generatedDedicated,WEEE_Cat4b,ComponentShadowWEEE,0.0920016272413475,0.145827919446597,0.108520182539568,0.59611958545307,,,,,0.0256762831335359,0.16198475461616,0.135519266794197,,0.595402902358977,,,0.312970583202693,0.598381775479989,0.490079266772065,0.117512020900122,,0.160898408761892,,,,,,,,0.0417500003640942,0.0991479257101174,3.6817925027744245
WEEE_generatedDedicated,WEEE_Cat4b,ConductivitySensor,,0.5663497052558,,,,,,,0.283136726384928,,,,,,,,,,,,,,,,,,,,,,0.849486431640728
WEEE_generatedDedicated,WEEE_Cat4b,LidarSensor (&lt;15cm),0.444196073073338,0.49193622517549,,,,,,,0.353035045096772,0.0988063832571656,,,,,,,,,,,0.0832376914876711,,,,,,,,,,1.4712114180904368
WEEE_generatedDedicated,WEEE_Cat4b,MagnetSensor,,0.271334099398189,,,,,,,0.392258851998163,,,,,,,,,,,,0.047697868739552,,,,,,,,,,0.711290820135904
WEEE_generatedDedicated,WEEE_Cat4b,PCBWEEECat,,,,,,,,,,,,,,,,,,0.167291111571634,,,,,,,,,,,,,0.167291111571634
WEEE_generatedDedicated,WEEE_Cat4b,PCBunspecified,,,,,,,,,0.521458379975859,,,,,,,,,,,,,,,,,,,,,,0.521458379975859
WEEE_generatedDedicated,WEEE_Cat4b,PVBacksheet,,,,,,,,,,,,,,,,,,,,0.364775560051297,0.200003933821564,,,,,,,,,,0.564779493872861
WEEE_generatedDedicated,WEEE_Cat4b,PVEncapsulationEVA,,,,,,,,,,,,,,,,,,,,,0.332871834044056,,,,,,,,,,0.332871834044056
WEEE_generatedDedicated,WEEE_Cat4b,PVFrameAl,,0.338822230803051,,,,,,,,,,,,,,,,,,,,,,,,,,,,,0.338822230803051
WEEE_generatedDedicated,WEEE_Cat4b,PVSolarGlass,,,,,,,,,,0.335746509872032,,,,,,,,,,,,,,,,,,,,,0.335746509872032
WEEE_generatedDedicated,WEEE_Cat4b,PVcellSi,,,,,,,,,,,,,,,,,,0.240559420533968,,,,,,,,,,,,,0.240559420533968
WEEE_generatedDedicated,WEEE_Cat4b,WEEEEvaporator,,0.566442345441199,,,,,,,,,,,,,,,,,,,,,,,,,,0.572220084750735,,,1.1386624301919341
WEEE_generatedDedicated,WEEE_Cat4b,brush,0.18938266003503,,,,,,,,0.38385300032279,,,,,,,,,,,,0.579790703172946,,,,,,,,,,1.153026363530766
WEEE_generatedDedicated,WEEE_Cat4b,cableUnspecified,0.469685717400973,0.0788487519136829,,,,,,,0.0353292013486961,,,,,,,,,,,,0.288682229141647,,,,,,,,,,0.872545899804999
WEEE_generatedDedicated,WEEE_Cat4b,cableWPlug,0.298951916767054,,,,,,,,0.409006045707305,,,,,,,,,,,,0.394604773621743,,,,,,,,,,1.1025627360961021
WEEE_generatedDedicated,WEEE_Cat4b,cableWithConnector,,0.367340539697619,,,,,,,,,,,,,,,,,,,,,,,,,,,,,0.367340539697619
WEEE_generatedDedicated,WEEE_Cat4b,cables,,,,,,,,,,,,,,,,,,0.271244614014671,,,,,,,,,,,,,0.271244614014671
WEEE_generatedDedicated,WEEE_Cat4b,cablewire,0.292167693109376,0.342683745751824,,,,,,,0.0405449787770717,,,,,,,,,,,,0.415786113758913,,,,,,,,,,1.0911825313971846
WEEE_generatedDedicated,WEEE_Cat4b,capElectrolytic,,0.320117780058366,,,,,,,,,,,,,,,,,,,,,,,,,,,0.125472430394852,,0.445590210453218
WEEE_generatedDedicated,WEEE_Cat4b,casingPlasticBased,0.0114873887081758,0.378893625886695,,,,,,,0.0807836066975277,,,,,,,,,,0.297424913918471,,0.551090810808512,0.458039198149435,0.448532544964703,,0.382592883595252,,,,0.0047077053511782,,2.6135526780799494
WEEE_generatedDedicated,WEEE_Cat4b,casingSteelBased,,,,,,,,,0.412382053633846,,,,,,,,,,,,,,,,,,,,,,0.412382053633846
WEEE_generatedDedicated,WEEE_Cat4b,casingUnspecified,0.514161565478541,0.185269650482305,,,,,,,0.43475778616444,0.0386657368914468,,,,,,0.561173252829598,,,,,0.308017732601773,,,,,,,,0.597130968039596,,2.6391766924876996
WEEE_generatedDedicated,WEEE_Cat4b,compressor,,0.271131815069916,,,,,,,,0.534697584066284,,,,,0.094027707927341,,,0.189884373112412,,,0.0598336760969081,,,,,,,0.29134196904351,,,1.440917125316371
WEEE_generatedDedicated,WEEE_Cat4b,displayCRT,0.0824510054650308,,,,,,,,,0.0443686133508169,,,,,,,,,,,,,,,,,,,,,0.1268196188158477
WEEE_generatedDedicated,WEEE_Cat4b,displayLCD,0.286918350997891,0.565630721659158,,,,,,,0.503541498212314,0.468028237907079,,,,,,,,,,,0.213035737391299,,,,,,,,0.523387743812406,,2.5605422899801464
WEEE_generatedDedicated,WEEE_Cat4b,displayOther,0.15148333304167,0.421745567219764,,,,,,,0.307541550024364,0.298500743406348,,,,,,0.134542736481265,,,,,0.0576097721404643,,,,,,,,0.11535473893538,,1.4867784412492553
WEEE_generatedDedicated,WEEE_Cat4b,driveCDDInt,0.248545810952489,0.294908676863172,,,,,,,0.0910526822731841,,,,,,,0.396676169949347,,,,,0.583723418899034,,,,,,,,0.279184284725046,,1.894091043662272
WEEE_generatedDedicated,WEEE_Cat4b,driveFDD,0.0283839098756653,,,,,,,,0.555753665677129,,,,,,,,,,,,,,,,,,,,,,0.5841375755527943
WEEE_generatedDedicated,WEEE_Cat4b,driveHDD,0.478716274652665,0.172932319184016,,,,,,,0.20016328326237,,,,,,,0.481484346097566,,,,,0.55228895850828,,,,,,,,0.0829100903329433,,1.9684952720378401
WEEE_generatedDedicated,WEEE_Cat4b,driveUnspecified,,0.128826942186154,,,,,,,0.221994055081117,,,,,,,,,,,,0.488880295742064,,,,,,,,0.243656023649329,,1.083357316658664
WEEE_generatedDedicated,WEEE_Cat4b,electricEngine,0.183742765941758,0.415668731758187,,,,0.166387938905192,,,0.316858989196263,,,,,,,,,,0.155022454490884,,0.130083037988342,,,,,,,,,,1.3677639182806258
WEEE_generatedDedicated,WEEE_Cat4b,filterFoamBased,,,,,,,,,,,,,,,,,,,,,0.532814468533179,,,,,,,,,,0.532814468533179
WEEE_generatedDedicated,WEEE_Cat4b,gear,,,,,,,,,,,,,,,,,,,,,0.468844204151865,,,,,,,,,,0.468844204151865
WEEE_generatedDedicated,WEEE_Cat4b,heatingCoolingEEEairCondenser,,0.243920211685479,,,,,,,,,,,,,,,,0.363652962109386,,,0.387558479379159,,,,,,,0.100752729196769,,,1.095884382370793
WEEE_generatedDedicated,WEEE_Cat4b,heatingCoolingEEEfan,0.458053286078656,0.0458443805064714,,,,,,,0.150809279087571,,,,,,,0.157437264386198,,,,,0.12965374355868,,,,,,,0.309085728024664,0.524662578030554,,1.7755462596727944
WEEE_generatedDedicated,WEEE_Cat4b,heatingCoolingEEEheatSink,0.191263042272183,0.062481660181883,,,,,,,0.446391913451931,,,,,,,0.0515564268929181,,,,,0.558309380829752,,,,,,,,0.0140761739919463,,1.3240785976206135
WEEE_generatedDedicated,WEEE_Cat4b,inductor,,0.0234353988553944,,,,,,,0.078054025029376,,,,,,,,,,,,0.552116001609054,,,,,,,,,,0.6536054254938245
WEEE_generatedDedicated,WEEE_Cat4b,keyboard,0.131385082891545,0.378475177313211,,,,,,,0.0948067299803468,,,,,,,0.388928617282896,,,,,0.200890466865781,,,,,,,,0.16891005258446,,1.3633961269182397
WEEE_generatedDedicated,WEEE_Cat4b,knob,0.288402077554646,,,,,,,,0.101475662146474,,,,,,,,,,,,0.354064849306204,,,,,,,,,,0.7439425890073239
WEEE_generatedDedicated,WEEE_Cat4b,lenseAssembly,0.438674987728295,0.200917243939866,,,,,,,0.136655409733571,0.265743970251609,,,,,,,,,,,0.399710078233698,,,,,,,,0.531731588623718,,1.9734332785107571
WEEE_generatedDedicated,WEEE_Cat4b,lightingFlash,0.44722999619232,0.394233831898926,,,,,,,0.0911311798787425,0.0911095742253605,,,,,,,,,,,0.3745236561129,,,,,,,,0.242512210256721,,1.64074044856497
WEEE_generatedDedicated,WEEE_Cat4b,magnetPermanent,,,,,,,,,,,,,,,,,,0.064092079831884,,,,,,,,,,,,,0.064092079831884
WEEE_generatedDedicated,WEEE_Cat4b,mainboardInclCPUgpu,0.229053643451189,0.569984215339106,,,,,,,0.388765823055382,,,,,,,0.213203807942754,,,,,0.0110935047747308,,,,,,,,0.186802279002122,,1.5989032735652837
WEEE_generatedDedicated,WEEE_Cat4b,non-electricCoil,0.275087209029624,,,,,,,,0.296526565832908,,,,,,,,,,,,0.575364231394345,,,,,,,,,,1.146978006256877
WEEE_generatedDedicated,WEEE_Cat4b,onOffSwitch,,0.364940234824418,,,,,,,,,,,,,,,,,,,0.013299389598932,,,,,,,,,,0.37823962442335
WEEE_generatedDedicated,WEEE_Cat4b,otherElectricCompUnspecified,0.154025804387974,0.172698497998375,,,,,,,0.0212234375001802,0.266001389899169,,,,,,0.153849103794344,,0.488078091523959,,,0.0707192389094833,,,,,,,,0.107346960128647,,1.4339425241421315
WEEE_generatedDedicated,WEEE_Cat4b,otherNonElectricCompUnspecified,0.536488101275044,0.534065901769627,,,,,,,0.513788054988285,,,,,,,,,,,,0.119521840232781,,,,,,,0.258373267695762,0.284077716429067,,2.246314882390566
WEEE_generatedDedicated,WEEE_Cat4b,passiveJunctionBox,,0.542340060355854,,,,,,,,,,,,,,,,0.0157998166424459,,,0.470040763705189,,,,,,,,,,1.0281806407034888
WEEE_generatedDedicated,WEEE_Cat4b,pcbWEEECat,,,,,,,,,,,,,,,,,,,,,0.0881114417755205,,,,,,,,,,0.0881114417755205
WEEE_generatedDedicated,WEEE_Cat4b,powerSupply,0.273174615420967,0.0213169716268256,,,,,,,0.21531126430047,,,,,,,0.309140005474371,,,,,0.591954104230394,,,,,,,,0.126487062472624,,1.5373840235256515
WEEE_generatedDedicated,WEEE_Cat4b,pump,,,,,,,,,,,,0.128862785611878,,,,,,,,,,,,,,,,0.422685041657135,,,0.551547827269013
WEEE_generatedDedicated,WEEE_Cat4b,refrigerant,,,,,,,,,,,,,,,,,,0.413004825191227,,,,,,,,,,,,,0.413004825191227
WEEE_generatedDedicated,WEEE_Cat4b,remoteControl,0.273922670090548,0.225891649503618,,,,,,,0.564450938189345,,,,,,,,,0.161490672702691,,,0.0522038439176201,,,,,,,,0.41090467070292,,1.6888644451067418
WEEE_generatedDedicated,WEEE_Cat4b,rotor,,,,,,,,,0.334418636970794,,,,,,,,,,,,0.389439813056097,,,,,,,,,,0.723858450026891
WEEE_generatedDedicated,WEEE_Cat4b,screw,,0.561316855273913,,,,,,,0.0473943522641854,,,,,,,,,,,,,,,,,,,,,,0.6087112075380984
WEEE_generatedDedicated,WEEE_Cat4b,sensorUnspecified,,,,,,,,,0.439515968567261,,,,,,,,,,,,0.503146236717131,,,,,,,,,,0.942662205284392
WEEE_generatedDedicated,WEEE_Cat4b,shadowComponentWEEE,,0.125110949753101,,,0.111173255336678,,0.424416793740187,0.277933333720801,,0.3034972412669,,0.214350165653176,,0.532436822041703,,0.466029305131171,,0.32009099716305,0.184187141523144,0.579684426779571,0.501319695655797,,,,,0.380670213682048,0.307139992453198,0.573879438473988,,,5.301919772374513
WEEE_generatedDedicated,WEEE_Cat4b,speakerEEE2,0.357625508901415,0.0070494577258872,,,,,,,0.276746243870004,,,,,,,0.318531627967123,,,,,0.140003661590801,,,,,,,,0.27449451826492,,1.3744510183201504
WEEE_generatedDedicated,WEEE_Cat4b,transformator,,0.391921667808946,,,,,,,0.27930136611158,,,,,,,,,,,,,,,,,,,,,,0.6712230339205261
WEEE_generatedDedicated,WEEE_Cat4b,transmission,0.486905501662218,,,,,,,,0.120049542033634,,,,,,,,,,,,0.11609947210927,,,,,,,,,,0.7230545158051219
WEEE_generatedDedicated,WEEE_Cat4b,transmitter,,0.415391223873302,,,,,,,0.244917309566594,,,,,,,,,,,,0.484791702779944,,,,,,,,,,1.14510023621984
WEEE_generatedDedicated,WEEE_Cat4b,wheel,,,,,,,,,0.0847391846719435,,,,,,,,,,,,0.469698567140704,0.465719713965572,,0.316230499931405,0.537224015891237,,,,,,1.8736119816008614
WEEE_generatedDedicated,WEEE_Cat5,ComponentShadowWEEE,0.0545954805030912,0.35356996790634,0.481068253516643,0.471147432453865,,,,,0.49623838679477,0.0673341725020411,0.382446999262567,,0.373527143012821,,,0.589454411584396,0.542350034736273,0.146141338148143,0.359146974131985,,0.533714229497181,,,,,,,,0.594750315623257,0.531977495350888,5.977462635024261
WEEE_generatedDedicated,WEEE_Cat5,ConductivitySensor,,0.0032957142425505,,,,,,,0.551349120983036,,,,,,,,,,,,,,,,,,,,,,0.5546448352255865
WEEE_generatedDedicated,WEEE_Cat5,LidarSensor (&lt;15cm),0.19167726927246,0.513140540033502,,,,,,,0.0645140797283121,0.0185644505689345,,,,,,,,,,,0.32883731376637,,,,,,,,,,1.1167336533695786
WEEE_generatedDedicated,WEEE_Cat5,MagnetSensor,,0.0558207347660324,,,,,,,0.532093032429739,,,,,,,,,,,,0.407588975810659,,,,,,,,,,0.9955027430064305
WEEE_generatedDedicated,WEEE_Cat5,PCBWEEECat,,,,,,,,,,,,,,,,,,0.453780386094506,,,,,,,,,,,,,0.453780386094506
WEEE_generatedDedicated,WEEE_Cat5,PCBunspecified,,,,,,,,,0.363262017222902,,,,,,,,,,,,,,,,,,,,,,0.363262017222902
WEEE_generatedDedicated,WEEE_Cat5,PVBacksheet,,,,,,,,,,,,,,,,,,,,0.334701061261787,0.205364204715255,,,,,,,,,,0.540065265977042
WEEE_generatedDedicated,WEEE_Cat5,PVEncapsulationEVA,,,,,,,,,,,,,,,,,,,,,0.500817521190868,,,,,,,,,,0.500817521190868
WEEE_generatedDedicated,WEEE_Cat5,PVFrameAl,,0.0140954626951332,,,,,,,,,,,,,,,,,,,,,,,,,,,,,0.0140954626951332
WEEE_generatedDedicated,WEEE_Cat5,PVSolarGlass,,,,,,,,,,0.0404182906455955,,,,,,,,,,,,,,,,,,,,,0.0404182906455955
WEEE_generatedDedicated,WEEE_Cat5,PVcellSi,,,,,,,,,,,,,,,,,,0.474620628287868,,,,,,,,,,,,,0.474620628287868
WEEE_generatedDedicated,WEEE_Cat5,WEEEEvaporator,,0.0349212000605172,,,,,,,,,,,,,,,,,,,,,,,,,,0.0147144297680117,,,0.0496356298285289
WEEE_generatedDedicated,WEEE_Cat5,brush,0.467540278347874,,,,,,,,0.333680206264391,,,,,,,,,,,,0.511256349867371,,,,,,,,,,1.312476834479636
WEEE_generatedDedicated,WEEE_Cat5,cableUnspecified,0.17455647374098,0.0703440076505561,,,,,,,0.519697466274975,,,,,,,,,,,,0.594668842141738,,,,,,,,,,1.3592667898082493
WEEE_generatedDedicated,WEEE_Cat5,cableWPlug,0.209164399928551,,,,,,,,0.474074677352947,,,,,,,,,,,,0.240936448951689,,,,,,,,,,0.924175526233187
WEEE_generatedDedicated,WEEE_Cat5,cableWithConnector,,0.0925585107243475,,,,,,,,,,,,,,,,,,,,,,,,,,,,,0.0925585107243475
WEEE_generatedDedicated,WEEE_Cat5,cables,,,,,,,,,,,,,,,,,,0.238648340074129,,,,,,,,,,,,,0.238648340074129
WEEE_generatedDedicated,WEEE_Cat5,cablewire,0.500707382905443,0.402855453650539,,,,,,,0.365867980831836,,,,,,,,,,,,0.521596233583051,,,,,,,,,,1.791027050970869
WEEE_generatedDedicated,WEEE_Cat5,capElectrolytic,,0.522788403622744,,,,,,,,,,,,,,,,,,,,,,,,,,,0.461219278026559,,0.9840076816493031
WEEE_generatedDedicated,WEEE_Cat5,casingPlasticBased,0.136422983332044,0.59326107113455,,,,,,,0.341988048347952,,,,,,,,,,0.0923279682373073,,0.347119274627577,0.431581395943411,0.348335012446664,,0.287264668350133,,,,0.214013373516295,,2.792313795935933
WEEE_generatedDedicated,WEEE_Cat5,casingSteelBased,,,,,,,,,0.468676781150434,,,,,,,,,,,,,,,,,,,,,,0.468676781150434
WEEE_generatedDedicated,WEEE_Cat5,casingUnspecified,0.479352980847184,0.492651786413319,,,,,,,0.289880309898226,0.324728929130601,,,,,,0.533112632874045,,,,,0.520248467899076,,,,,,,,0.266807365032815,,2.906782472095266
WEEE_generatedDedicated,WEEE_Cat5,compressor,,0.133871355420877,,,,,,,,0.049941377746306,,,,,0.309389621357903,,,0.210488266287919,,,0.4948505357096,,,,,,,0.0011861299067218,,,1.199727286429327
WEEE_generatedDedicated,WEEE_Cat5,displayCRT,0.195293729137244,,,,,,,,,0.191063534730255,,,,,,,,,,,,,,,,,,,,,0.386357263867499
WEEE_generatedDedicated,WEEE_Cat5,displayLCD,0.21929780846809,0.0451712898410459,,,,,,,0.139040202193437,0.453593865525527,,,,,,,,,,,0.177740839925639,,,,,,,,0.311315703705254,,1.346159709658993
WEEE_generatedDedicated,WEEE_Cat5,displayOther,0.317053824757235,0.390880469177708,,,,,,,0.479126996904551,0.584031604114379,,,,,,0.152214522332219,,,,,0.570822908697709,,,,,,,,0.410010047345018,,2.904140373328819
WEEE_generatedDedicated,WEEE_Cat5,driveCDDInt,0.276793351826043,0.214455680187979,,,,,,,0.420964093509956,,,,,,,0.0648785766823632,,,,,0.0830644178656426,,,,,,,,0.400703958089835,,1.4608600781618188
WEEE_generatedDedicated,WEEE_Cat5,driveFDD,0.529589090880177,,,,,,,,0.197571915794061,,,,,,,,,,,,,,,,,,,,,,0.727161006674238
WEEE_generatedDedicated,WEEE_Cat5,driveHDD,0.0790293218727533,0.493025621037459,,,,,,,0.277927801432176,,,,,,,0.57754942048721,,,,,0.385639500149579,,,,,,,,0.0357013519257601,,1.8488730169049372
WEEE_generatedDedicated,WEEE_Cat5,driveUnspecified,,0.395030080159725,,,,,,,0.408381417487184,,,,,,,,,,,,0.169133915241242,,,,,,,,0.340780188934665,,1.3133256018228159
WEEE_generatedDedicated,WEEE_Cat5,electricEngine,0.159473151990948,0.477389298023823,,,,0.294471632072763,,,0.0977698262790658,,,,,,,,,,0.475191939180148,,0.31275457805367,,,,,,,,,,1.8170504256004179
WEEE_generatedDedicated,WEEE_Cat5,filterFoamBased,,,,,,,,,,,,,,,,,,,,,0.23164764465512,,,,,,,,,,0.23164764465512
WEEE_generatedDedicated,WEEE_Cat5,gear,,,,,,,,,,,,,,,,,,,,,0.379330807158319,,,,,,,,,,0.379330807158319
WEEE_generatedDedicated,WEEE_Cat5,heatingCoolingEEEairCondenser,,0.523043632859007,,,,,,,,,,,,,,,,0.225668117969358,,,0.390706546405754,,,,,,,0.0932397454554496,,,1.2326580426895688
WEEE_generatedDedicated,WEEE_Cat5,heatingCoolingEEEfan,0.351245326162003,0.469016115544389,,,,,,,0.254692630068331,,,,,,,0.292267363399345,,,,,0.113764631322833,,,,,,,0.0719893629358629,0.470187627799221,,2.023163057231985
WEEE_generatedDedicated,WEEE_Cat5,heatingCoolingEEEheatSink,0.443730637279626,0.586081861470451,,,,,,,0.1095445200348,,,,,,,0.369378607834625,,,,,0.119418949973767,,,,,,,,0.203263236552393,,1.8314178131456622
WEEE_generatedDedicated,WEEE_Cat5,inductor,,0.08716218540129,,,,,,,0.515908207569189,,,,,,,,,,,,0.134037720608997,,,,,,,,,,0.737108113579476
WEEE_generatedDedicated,WEEE_Cat5,keyboard,0.251379728455271,0.283515732464448,,,,,,,0.117961604225109,,,,,,,0.0467436568044258,,,,,0.12898717774595,,,,,,,,0.534159709030498,,1.362747608725702
WEEE_generatedDedicated,WEEE_Cat5,knob,0.167329785667037,,,,,,,,0.548281221089484,,,,,,,,,,,,0.479176682033455,,,,,,,,,,1.194787688789976
WEEE_generatedDedicated,WEEE_Cat5,lenseAssembly,0.0151899819389934,0.462093546263576,,,,,,,0.207034402370465,0.474684937618728,,,,,,,,,,,0.518145210962397,,,,,,,,0.258612903321717,,1.9357609824758764
WEEE_generatedDedicated,WEEE_Cat5,lightingFlash,0.0521423450914528,0.588067264016127,,,,,,,0.323683496656004,0.442756565314882,,,,,,,,,,,0.583383541962469,,,,,,,,0.0638096995248854,,2.0538429125658206
WEEE_generatedDedicated,WEEE_Cat5,magnetPermanent,,,,,,,,,,,,,,,,,,0.591210790361557,,,,,,,,,,,,,0.591210790361557
WEEE_generatedDedicated,WEEE_Cat5,mainboardInclCPUgpu,0.530031107922524,0.567876797278367,,,,,,,0.396129417678224,,,,,,,0.166025236624765,,,,,0.512312695481375,,,,,,,,0.0300511654501084,,2.2024264204353634
WEEE_generatedDedicated,WEEE_Cat5,non-electricCoil,0.223916211814587,,,,,,,,0.47372703155392,,,,,,,,,,,,0.486760085740666,,,,,,,,,,1.184403329109173
WEEE_generatedDedicated,WEEE_Cat5,onOffSwitch,,0.173878634672428,,,,,,,,,,,,,,,,,,,0.284558713472213,,,,,,,,,,0.458437348144641
WEEE_generatedDedicated,WEEE_Cat5,otherElectricCompUnspecified,0.149587204551562,0.36848478380621,,,,,,,0.483736861173425,0.222835064537498,,,,,,0.228827567197251,,0.421861972636587,,,0.275542244999198,,,,,,,,0.403498403467699,,2.5543741023694304
WEEE_generatedDedicated,WEEE_Cat5,otherNonElectricCompUnspecified,0.28342715611778,0.514679694646243,,,,,,,0.14575424798048,,,,,,,,,,,,0.326797388379942,,,,,,,0.154635436238207,0.551676091474122,,1.9769700148367737
WEEE_generatedDedicated,WEEE_Cat5,passiveJunctionBox,,0.0185550172011838,,,,,,,,,,,,,,,,0.511055761165165,,,0.378898795487882,,,,,,,,,,0.9085095738542308
WEEE_generatedDedicated,WEEE_Cat5,pcbWEEECat,,,,,,,,,,,,,,,,,,,,,0.322356763550851,,,,,,,,,,0.322356763550851
WEEE_generatedDedicated,WEEE_Cat5,powerSupply,0.328975983798443,0.577130569651365,,,,,,,0.309857724628177,,,,,,,0.0928273887426423,,,,,0.143571411652954,,,,,,,,0.460406257756829,,1.9127693362304106
WEEE_generatedDedicated,WEEE_Cat5,pump,,,,,,,,,,,,0.577728902115216,,,,,,,,,,,,,,,,0.0997827728840669,,,0.6775116749992829
WEEE_generatedDedicated,WEEE_Cat5,refrigerant,,,,,,,,,,,,,,,,,,0.21091939170612,,,,,,,,,,,,,0.21091939170612
WEEE_generatedDedicated,WEEE_Cat5,remoteControl,0.397944974591221,0.272804281256086,,,,,,,0.246172949790058,,,,,,,,,0.307177309601085,,,0.424212010311478,,,,,,,,0.133549192203332,,1.78186071775326
WEEE_generatedDedicated,WEEE_Cat5,rotor,,,,,,,,,0.368220458972363,,,,,,,,,,,,0.0685280414178739,,,,,,,,,,0.4367485003902369
WEEE_generatedDedicated,WEEE_Cat5,screw,,0.101596070226157,,,,,,,0.1604072830305,,,,,,,,,,,,,,,,,,,,,,0.262003353256657
WEEE_generatedDedicated,WEEE_Cat5,sensorUnspecified,,,,,,,,,0.112879341705277,,,,,,,,,,,,0.593218177972996,,,,,,,,,,0.7060975196782731
WEEE_generatedDedicated,WEEE_Cat5,shadowComponentWEEE,,0.554544590623029,,,0.483209302401488,,0.0221455172764343,0.344394044928284,,0.141877543305994,,0.262765718788499,,0.0106064585599911,,0.106964062758622,,0.30341176805533,0.556868337297031,0.273114896383278,0.321802319396024,,,,,0.278097779369746,0.276831862777741,0.232280592556753,,,4.168914794478244
WEEE_generatedDedicated,WEEE_Cat5,speakerEEE2,0.220863229327921,0.518032816691489,,,,,,,0.389393362889116,,,,,,,0.576753169902889,,,,,0.466254785925741,,,,,,,,0.591537755563669,,2.7628351203008252
WEEE_generatedDedicated,WEEE_Cat5,transformator,,0.483783946932085,,,,,,,0.296547994490963,,,,,,,,,,,,,,,,,,,,,,0.780331941423048
WEEE_generatedDedicated,WEEE_Cat5,transmission,0.213484538346286,,,,,,,,0.468212723590729,,,,,,,,,,,,0.489670590127775,,,,,,,,,,1.1713678520647899
WEEE_generatedDedicated,WEEE_Cat5,transmitter,,0.22853340845819,,,,,,,0.378829337787973,,,,,,,,,,,,0.0798030023607223,,,,,,,,,,0.6871657486068854
WEEE_generatedDedicated,WEEE_Cat5,wheel,,,,,,,,,0.476558724731188,,,,,,,,,,,,0.293511078870561,0.352959345768445,,0.0979490477266571,0.542468295483659,,,,,,1.7634464925805102
WEEE_generatedDedicated,WEEE_Cat6,ComponentShadowWEEE,0.282163664277891,0.230711435967414,0.486984021555563,0.112640596819617,,,,,0.281165107916694,0.0193807694910046,0.134688621061349,,0.0207964759138483,,,0.402862273229422,0.0325393762836542,0.262482075743083,0.0909060809138659,,0.364821557358321,,,,,,,,0.237729833427625,0.084318122037015,3.0441900119963665
WEEE_generatedDedicated,WEEE_Cat6,ConductivitySensor,,0.221248015272197,,,,,,,0.190682773971074,,,,,,,,,,,,,,,,,,,,,,0.411930789243271
WEEE_generatedDedicated,WEEE_Cat6,LidarSensor (&lt;15cm),0.559788319039274,0.130853792547518,,,,,,,0.442321737499177,0.21233401957413,,,,,,,,,,,0.131448100087362,,,,,,,,,,1.476745968747461
WEEE_generatedDedicated,WEEE_Cat6,MagnetSensor,,0.375396981846778,,,,,,,0.406513386328471,,,,,,,,,,,,0.160946452867994,,,,,,,,,,0.9428568210432431
WEEE_generatedDedicated,WEEE_Cat6,PCBWEEECat,,,,,,,,,,,,,,,,,,0.151858782071135,,,,,,,,,,,,,0.151858782071135
WEEE_generatedDedicated,WEEE_Cat6,PCBunspecified,,,,,,,,,0.094774575067374,,,,,,,,,,,,,,,,,,,,,,0.094774575067374
WEEE_generatedDedicated,WEEE_Cat6,PVBacksheet,,,,,,,,,,,,,,,,,,,,0.0098954099119553,0.390576305167068,,,,,,,,,,0.4004717150790233
WEEE_generatedDedicated,WEEE_Cat6,PVEncapsulationEVA,,,,,,,,,,,,,,,,,,,,,0.16675511798034,,,,,,,,,,0.16675511798034
WEEE_generatedDedicated,WEEE_Cat6,PVFrameAl,,0.56124197425613,,,,,,,,,,,,,,,,,,,,,,,,,,,,,0.56124197425613
WEEE_generatedDedicated,WEEE_Cat6,PVSolarGlass,,,,,,,,,,0.129463272418943,,,,,,,,,,,,,,,,,,,,,0.129463272418943
WEEE_generatedDedicated,WEEE_Cat6,PVcellSi,,,,,,,,,,,,,,,,,,0.0317155774557207,,,,,,,,,,,,,0.0317155774557207
WEEE_generatedDedicated,WEEE_Cat6,WEEEEvaporator,,0.380659801904807,,,,,,,,,,,,,,,,,,,,,,,,,,0.159508401424177,,,0.5401682033289841
WEEE_generatedDedicated,WEEE_Cat6,brush,0.485565475965482,,,,,,,,0.51813184410229,,,,,,,,,,,,0.22165494540352,,,,,,,,,,1.2253522654712918
WEEE_generatedDedicated,WEEE_Cat6,cableUnspecified,0.596029962545622,0.134907559521698,,,,,,,0.0893934500938516,,,,,,,,,,,,0.296196505610384,,,,,,,,,,1.1165274777715557
WEEE_generatedDedicated,WEEE_Cat6,cableWPlug,0.239420246326094,,,,,,,,0.183759904834639,,,,,,,,,,,,0.320527925654703,,,,,,,,,,0.743708076815436
WEEE_generatedDedicated,WEEE_Cat6,cableWithConnector,,0.23003270291264,,,,,,,,,,,,,,,,,,,,,,,,,,,,,0.23003270291264
WEEE_generatedDedicated,WEEE_Cat6,cables,,,,,,,,,,,,,,,,,,0.433332288976202,,,,,,,,,,,,,0.433332288976202
WEEE_generatedDedicated,WEEE_Cat6,cablewire,0.499088900863318,0.197850223727801,,,,,,,0.378259005658288,,,,,,,,,,,,0.364714528342023,,,,,,,,,,1.43991265859143
WEEE_generatedDedicated,WEEE_Cat6,capElectrolytic,,0.0504057357603984,,,,,,,,,,,,,,,,,,,,,,,,,,,0.531096129542845,,0.5815018653032434
WEEE_generatedDedicated,WEEE_Cat6,casingPlasticBased,0.313221536526795,0.517442744262429,,,,,,,0.0776840560090689,,,,,,,,,,0.0152849370593225,,0.0900316888427912,0.005009591382268,0.158114294753307,,0.41846735161548,,,,0.0228563315605033,,1.618112532011965
WEEE_generatedDedicated,WEEE_Cat6,casingSteelBased,,,,,,,,,0.566843408666364,,,,,,,,,,,,,,,,,,,,,,0.566843408666364
WEEE_generatedDedicated,WEEE_Cat6,casingUnspecified,0.442657044244012,0.333198248729709,,,,,,,0.446651865095641,0.0709189647439904,,,,,,0.091718456045394,,,,,0.460151735982643,,,,,,,,0.288344501923224,,2.133640816764613
WEEE_generatedDedicated,WEEE_Cat6,compressor,,0.135547759758644,,,,,,,,0.0150404439263466,,,,,0.118819952133255,,,0.122125023696352,,,0.112950329125005,,,,,,,0.208462033969605,,,0.7129455426092077
WEEE_generatedDedicated,WEEE_Cat6,displayCRT,0.320191851469691,,,,,,,,,0.298214833940059,,,,,,,,,,,,,,,,,,,,,0.61840668540975
WEEE_generatedDedicated,WEEE_Cat6,displayLCD,0.589012456453561,0.0469410925338081,,,,,,,0.357634100132641,0.455069506381129,,,,,,,,,,,0.121411295151173,,,,,,,,0.141172648240605,,1.7112410988929172
WEEE_generatedDedicated,WEEE_Cat6,displayOther,0.591206069557968,0.0891830088323279,,,,,,,0.246388927323676,0.582640263726695,,,,,,0.420639615106333,,,,,0.108461027142122,,,,,,,,0.447738382995547,,2.486257294684669
WEEE_generatedDedicated,WEEE_Cat6,driveCDDInt,0.0551247230111434,0.127870999752255,,,,,,,0.022848392664174,,,,,,,0.326424199294759,,,,,0.479101377210672,,,,,,,,0.0853176191309678,,1.0966873110639712
WEEE_generatedDedicated,WEEE_Cat6,driveFDD,0.434895118383561,,,,,,,,0.407054336998381,,,,,,,,,,,,,,,,,,,,,,0.841949455381942
WEEE_generatedDedicated,WEEE_Cat6,driveHDD,0.42745283826242,0.419945530208842,,,,,,,0.0032217169966477,,,,,,,0.572413302019045,,,,,0.553742078935134,,,,,,,,0.274531684430628,,2.2513071508527167
WEEE_generatedDedicated,WEEE_Cat6,driveUnspecified,,0.308251036193298,,,,,,,0.0676974871520117,,,,,,,,,,,,0.185770790032689,,,,,,,,0.318487024046331,,0.8802063374243297
WEEE_generatedDedicated,WEEE_Cat6,electricEngine,0.422425040489862,0.483572599140955,,,,0.0553993522492655,,,0.418340190764879,,,,,,,,,,0.101550575731891,,0.51023952156496,,,,,,,,,,1.9915272799418127
WEEE_generatedDedicated,WEEE_Cat6,filterFoamBased,,,,,,,,,,,,,,,,,,,,,0.256965232274545,,,,,,,,,,0.256965232274545
WEEE_generatedDedicated,WEEE_Cat6,gear,,,,,,,,,,,,,,,,,,,,,0.355118721719178,,,,,,,,,,0.355118721719178
WEEE_generatedDedicated,WEEE_Cat6,heatingCoolingEEEairCondenser,,0.0460057622195775,,,,,,,,,,,,,,,,0.24531350175077,,,0.201319375902523,,,,,,,0.356360115227194,,,0.8489987551000645
WEEE_generatedDedicated,WEEE_Cat6,heatingCoolingEEEfan,0.359026416379203,0.237584282578637,,,,,,,0.475698377637308,,,,,,,0.271967892030989,,,,,0.558086113900604,,,,,,,0.337916986336182,0.141724549266067,,2.38200461812899
WEEE_generatedDedicated,WEEE_Cat6,heatingCoolingEEEheatSink,0.150647288119672,0.0223324819140316,,,,,,,0.278425234500621,,,,,,,0.53437574205227,,,,,0.284242288536077,,,,,,,,0.319807855576937,,1.5898308906996086
WEEE_generatedDedicated,WEEE_Cat6,inductor,,0.101432565978151,,,,,,,0.485866780490737,,,,,,,,,,,,0.0360034894408927,,,,,,,,,,0.6233028359097808
WEEE_generatedDedicated,WEEE_Cat6,keyboard,0.537529608356389,0.146022484643247,,,,,,,0.0522973003151576,,,,,,,0.346196666949852,,,,,0.184475995031499,,,,,,,,0.0364122079267695,,1.302934263222914
WEEE_generatedDedicated,WEEE_Cat6,knob,0.508632850994898,,,,,,,,0.464199310427225,,,,,,,,,,,,0.404769602433363,,,,,,,,,,1.3776017638554858
WEEE_generatedDedicated,WEEE_Cat6,lenseAssembly,0.425880165683198,0.0751405985411127,,,,,,,0.17807018260908,0.0368395161408828,,,,,,,,,,,0.0094896400550467,,,,,,,,0.202315808019381,,0.9277359110487012
WEEE_generatedDedicated,WEEE_Cat6,lightingFlash,0.0570241229925338,0.10398679241059,,,,,,,0.332589962955802,0.32385827530414,,,,,,,,,,,0.489436569320204,,,,,,,,0.141943479047528,,1.4488392020307979
WEEE_generatedDedicated,WEEE_Cat6,magnetPermanent,,,,,,,,,,,,,,,,,,0.481484134309461,,,,,,,,,,,,,0.481484134309461
WEEE_generatedDedicated,WEEE_Cat6,mainboardInclCPUgpu,0.11093874498973,0.0760317390794963,,,,,,,0.443042086066112,,,,,,,0.499030567701193,,,,,0.0324860825382655,,,,,,,,0.42197526005588,,1.5835044804306768
WEEE_generatedDedicated,WEEE_Cat6,non-electricCoil,0.291331850987276,,,,,,,,0.328133935207208,,,,,,,,,,,,0.475375533857366,,,,,,,,,,1.09484132005185
WEEE_generatedDedicated,WEEE_Cat6,onOffSwitch,,0.573005257680372,,,,,,,,,,,,,,,,,,,0.294235725848175,,,,,,,,,,0.8672409835285471
WEEE_generatedDedicated,WEEE_Cat6,otherElectricCompUnspecified,0.313456494191606,0.255623692618052,,,,,,,0.565741668742509,0.0494190681714359,,,,,,0.0142776309577404,,0.181019182280493,,,0.315744942913775,,,,,,,,0.41518926429839,,2.110471944174001
WEEE_generatedDedicated,WEEE_Cat6,otherNonElectricCompUnspecified,0.172644513254225,0.38274360661896,,,,,,,0.392365348080517,,,,,,,,,,,,0.0553703655447646,,,,,,,0.412296584478969,0.236282305020585,,1.6517027229980208
WEEE_generatedDedicated,WEEE_Cat6,passiveJunctionBox,,0.0413639790557036,,,,,,,,,,,,,,,,0.0795885848659126,,,0.263612672946255,,,,,,,,,,0.3845652368678712
WEEE_generatedDedicated,WEEE_Cat6,pcbWEEECat,,,,,,,,,,,,,,,,,,,,,0.46269884803187,,,,,,,,,,0.46269884803187
WEEE_generatedDedicated,WEEE_Cat6,powerSupply,0.313511042797444,0.523318925868977,,,,,,,0.307633751937664,,,,,,,0.0147841424488805,,,,,0.460298466135693,,,,,,,,0.482728722706297,,2.1022750518949556
WEEE_generatedDedicated,WEEE_Cat6,pump,,,,,,,,,,,,0.35767118077664,,,,,,,,,,,,,,,,0.574182640527117,,,0.931853821303757
WEEE_generatedDedicated,WEEE_Cat6,refrigerant,,,,,,,,,,,,,,,,,,0.432387165116273,,,,,,,,,,,,,0.432387165116273
WEEE_generatedDedicated,WEEE_Cat6,remoteControl,0.522236806753609,0.39992127014896,,,,,,,0.020587538131255,,,,,,,,,0.518099457932353,,,0.0781785057805261,,,,,,,,0.429268145221353,,1.9682917239680562
WEEE_generatedDedicated,WEEE_Cat6,rotor,,,,,,,,,0.344452646938656,,,,,,,,,,,,0.181908998008634,,,,,,,,,,0.52636164494729
WEEE_generatedDedicated,WEEE_Cat6,screw,,0.130660665537209,,,,,,,0.459059868759809,,,,,,,,,,,,,,,,,,,,,,0.589720534297018
WEEE_generatedDedicated,WEEE_Cat6,sensorUnspecified,,,,,,,,,0.472948668048497,,,,,,,,,,,,0.0552874687800612,,,,,,,,,,0.5282361368285582
WEEE_generatedDedicated,WEEE_Cat6,shadowComponentWEEE,,0.30301712593297,,,0.284552761723319,,0.087582952801857,0.388809187086944,,0.154231540631751,,0.511886008384208,,0.0805745272851159,,0.485438916173304,,0.226668859047488,0.368961808473563,0.14583861352366,0.0565780499783125,,,,,0.342828078055336,0.150607240379138,0.0217255733674077,,,3.609301242844374
WEEE_generatedDedicated,WEEE_Cat6,speakerEEE2,0.316729869845518,0.181997328919603,,,,,,,0.0330570909980436,,,,,,,0.482670613317751,,,,,0.501321409552156,,,,,,,,0.0483099276318716,,1.5640862402649434
WEEE_generatedDedicated,WEEE_Cat6,transformator,,0.173165091407868,,,,,,,0.315059784583471,,,,,,,,,,,,,,,,,,,,,,0.488224875991339
WEEE_generatedDedicated,WEEE_Cat6,transmission,0.194297699562783,,,,,,,,0.462971363902718,,,,,,,,,,,,0.573275100449289,,,,,,,,,,1.2305441639147898
WEEE_generatedDedicated,WEEE_Cat6,transmitter,,0.137903953223925,,,,,,,0.294319928260341,,,,,,,,,,,,0.299910307584201,,,,,,,,,,0.732134189068467
WEEE_generatedDedicated,WEEE_Cat6,wheel,,,,,,,,,0.566308956655063,,,,,,,,,,,,0.382856924878645,0.376745420151654,,0.476318404360658,0.35347715559803,,,,,,2.15570686164405
